run_id,time_s,voltage_v,current_a,feed_c,back_c,middle_c,front_c,failure_s,failure_mode,status,split,RUL_s
1,10,10.0920,0.7940,35.0000,159.5300,180.0000,190.0000,172,burst,burst_extension,excluded,162
1,20,10.1010,0.8060,35.0000,159.5700,180.0000,190.0300,172,burst,burst_extension,excluded,152
1,30,10.1380,0.8350,35.0000,159.8600,180.0000,190.3300,172,burst,burst_extension,excluded,142
1,40,10.7600,0.9460,35.0000,159.9700,180.0000,190.2300,172,burst,burst_extension,excluded,132
1,50,10.9060,1.0095,35.0000,159.9100,180.0000,190.0200,172,burst,burst_extension,excluded,122
1,60,10.9530,1.0250,35.0000,159.9100,180.0000,190.0000,172,burst,burst_extension,excluded,112
1,70,10.9710,1.0500,35.0000,160.0000,180.0000,189.7400,172,burst,burst_extension,excluded,102
1,80,11.0160,1.0690,35.0000,160.0000,180.0000,189.2900,172,burst,burst_extension,excluded,92
1,90,11.1015,1.0915,35.0000,160.0000,180.0000,189.5000,172,burst,burst_extension,excluded,82
1,100,11.1610,1.1155,35.0000,160.0000,180.0000,189.9400,172,burst,burst_extension,excluded,72
1,110,11.3300,1.1910,35.0000,160.0000,180.0000,190.0000,172,burst,burst_extension,excluded,62
1,120,11.3220,1.1805,35.0000,160.0000,180.0000,190.2400,172,burst,burst_extension,excluded,52
1,130,11.4580,1.2090,35.0000,160.0000,180.0000,190.5800,172,burst,burst_extension,excluded,42
1,140,11.4270,1.2350,35.0000,160.0000,180.0000,190.4400,172,burst,burst_extension,excluded,32
1,150,11.4010,1.2160,35.0000,160.0000,180.0000,190.0600,172,burst,burst_extension,excluded,22
1,160,11.3880,1.2100,35.0000,160.0000,180.0000,189.9700,172,burst,burst_extension,excluded,12
1,170,11.4490,1.2450,35.0000,160.0000,180.0000,189.5000,172,burst,burst_extension,excluded,2
2,10,10.3960,0.9100,35.0000,160.0000,180.0000,190.7300,103,burst,burst_extension,excluded,93
2,20,10.8160,1.0070,35.0000,160.0000,180.0000,190.4200,103,burst,burst_extension,excluded,83
2,30,11.1050,1.1060,35.0000,160.0000,180.0000,190.0100,103,burst,burst_extension,excluded,73
2,40,10.8460,1.0380,35.0000,160.0000,180.0000,189.5400,103,burst,burst_extension,excluded,63
2,50,10.3570,0.8700,35.0000,160.0000,180.0000,188.5800,103,burst,burst_extension,excluded,53
2,60,10.8210,1.0020,35.0000,160.0000,180.0000,188.5900,103,burst,burst_extension,excluded,43
2,70,10.5950,0.9530,35.0000,160.0000,180.0000,189.4200,103,burst,burst_extension,excluded,33
2,80,10.8840,1.0440,35.0000,160.0000,180.0000,189.9600,103,burst,burst_extension,excluded,23
2,90,11.0815,1.1095,35.0000,160.0000,180.0000,190.1000,103,burst,burst_extension,excluded,13
2,100,11.1510,1.1120,35.0000,160.0000,180.0000,190.4200,103,burst,burst_extension,excluded,3
3,10,9.8075,0.7195,35.0000,159.9900,180.0000,189.9800,905,clog,main,train,895
3,20,10.4145,0.9340,35.0000,159.8800,180.0000,189.3900,905,clog,main,train,885
3,30,10.6880,1.0125,35.0000,159.9900,180.0000,189.1300,905,clog,main,train,875
3,40,11.0270,1.1105,35.0000,160.0000,180.0000,189.4000,905,clog,main,train,865
3,50,11.3900,1.2130,35.0000,160.0000,180.0000,189.9200,905,clog,main,train,855
3,60,11.1650,1.1215,35.0000,160.0000,180.0000,190.0100,905,clog,main,train,845
3,70,10.1190,0.8140,35.0000,160.0000,180.0000,190.2500,905,clog,main,train,835
3,80,10.0890,0.7780,35.0000,160.0000,180.0000,190.2200,905,clog,main,train,825
3,90,10.0910,0.7995,35.0000,160.0000,180.0000,190.0300,905,clog,main,train,815
3,100,10.4060,0.8870,35.0000,160.0000,180.0000,189.9900,905,clog,main,train,805
3,110,10.8460,1.0350,35.0500,160.0000,180.0000,189.5200,905,clog,main,train,795
3,120,11.1130,1.1150,35.0000,160.0000,180.0000,189.1200,905,clog,main,train,785
3,130,11.1760,1.1370,35.0000,160.0000,180.0000,189.3600,905,clog,main,train,775
3,140,10.6320,0.9790,35.0000,160.0000,180.0000,189.8700,905,clog,main,train,765
3,150,10.5490,0.9630,35.0000,160.0000,180.0000,190.0100,905,clog,main,train,755
3,160,10.4720,0.9290,35.0000,160.0000,180.0000,190.4300,905,clog,main,train,745
3,170,10.4280,0.9130,35.0000,160.0000,180.0000,190.5900,905,clog,main,train,735
3,180,10.2770,0.8560,35.0200,160.0000,180.0000,190.3600,905,clog,main,train,725
3,190,10.3500,0.8820,35.1200,160.0000,180.0000,190.0300,905,clog,main,train,715
3,200,10.5320,0.9510,35.1000,160.0000,180.0000,189.9600,905,clog,main,train,705
3,210,10.9030,1.0470,35.0200,160.0000,180.0000,189.4300,905,clog,main,train,695
3,220,10.9660,1.0740,35.0000,160.0000,180.0000,189.2500,905,clog,main,train,685
3,230,10.8175,1.0255,35.0000,160.0000,180.0000,189.7800,905,clog,main,train,675
3,240,10.6310,0.9800,35.0000,160.0000,180.0000,190.0100,905,clog,main,train,665
3,250,10.5200,0.9630,35.0000,160.0000,180.0000,190.6300,905,clog,main,train,655
3,260,10.4880,0.9330,35.0000,160.0000,180.0000,191.2100,905,clog,main,train,645
3,270,10.5765,0.9755,35.1600,160.0000,180.0000,191.1100,905,clog,main,train,635
3,280,10.6540,1.0130,35.2100,160.0000,180.0000,190.5400,905,clog,main,train,625
3,290,10.7530,1.0380,35.2200,160.0000,180.0000,190.0200,905,clog,main,train,615
3,300,10.7220,1.0380,35.1700,160.0000,180.0000,189.8000,905,clog,main,train,605
3,310,10.4600,0.9300,35.0200,160.0000,180.0000,189.3300,905,clog,main,train,595
3,320,10.4440,0.9110,35.0000,160.0000,180.0000,189.6600,905,clog,main,train,585
3,330,10.5380,0.9450,35.0000,160.0000,180.0000,190.0000,905,clog,main,train,575
3,340,10.6510,1.0030,35.0000,160.0000,180.0000,190.6500,905,clog,main,train,565
3,350,10.7585,1.0265,35.0000,160.0000,180.0000,191.6000,905,clog,main,train,555
3,360,10.7790,1.0350,35.0000,160.0000,180.0000,191.6900,905,clog,main,train,545
3,370,10.6280,0.9830,35.0700,160.0000,180.0000,191.2700,905,clog,main,train,535
3,380,10.6900,1.0130,35.1000,160.0000,180.0000,190.6400,905,clog,main,train,525
3,390,10.3660,0.9060,35.1000,160.0000,180.0000,190.0500,905,clog,main,train,515
3,400,10.4840,0.9540,35.1600,160.0000,180.0000,189.8400,905,clog,main,train,505
3,410,10.7170,1.0290,35.1300,160.0000,180.0000,189.6800,905,clog,main,train,495
3,420,10.5580,0.9670,35.1000,160.0000,180.0000,189.9700,905,clog,main,train,485
3,430,10.4840,0.9480,35.0000,160.0000,180.0000,190.3100,905,clog,main,train,475
3,440,10.6400,1.0040,35.0000,160.0000,180.0000,191.4100,905,clog,main,train,465
3,450,10.4560,0.9380,35.0000,160.0000,180.0000,191.9600,905,clog,main,train,455
3,460,10.6210,0.9850,35.0000,160.0000,180.0000,191.7600,905,clog,main,train,445
3,470,10.6225,0.9860,35.0100,160.0000,180.0000,191.3100,905,clog,main,train,435
3,480,10.6750,1.0010,35.1900,160.0000,180.0000,190.6300,905,clog,main,train,425
3,490,10.7100,1.0130,35.3700,160.0000,180.0000,190.0500,905,clog,main,train,415
3,500,10.5210,0.9510,35.3100,160.0000,180.0000,189.9600,905,clog,main,train,405
3,510,10.7450,1.0250,35.1800,160.0000,180.0000,189.9400,905,clog,main,train,395
3,520,10.9110,1.0680,35.0400,160.0000,180.0000,190.0000,905,clog,main,train,385
3,530,11.1080,1.1400,35.0000,160.0000,180.0000,190.5500,905,clog,main,train,375
3,540,11.0455,1.1145,35.0000,160.0000,180.0000,191.6000,905,clog,main,train,365
3,550,11.3260,1.1975,35.0200,160.0000,180.0000,191.9800,905,clog,main,train,355
3,560,11.1850,1.1580,35.1700,160.0000,180.0000,191.7800,905,clog,main,train,345
3,570,11.0450,1.1360,35.1800,160.0600,180.0000,191.3400,905,clog,main,train,335
3,580,11.1990,1.1590,35.1900,160.0900,180.0000,190.5800,905,clog,main,train,325
3,590,11.2780,1.2130,35.2900,160.0000,180.0000,190.0400,905,clog,main,train,315
3,600,11.2780,1.2000,35.2400,160.0000,180.0000,189.9400,905,clog,main,train,305
3,610,11.2470,1.1930,35.2800,160.0000,180.0000,189.9500,905,clog,main,train,295
3,620,11.0760,1.1430,35.3000,160.0000,180.0000,190.0000,905,clog,main,train,285
3,630,11.0620,1.1410,35.3000,160.0000,180.0000,190.4800,905,clog,main,train,275
3,640,10.8650,1.0720,35.3000,160.0000,180.0000,191.4800,905,clog,main,train,265
3,650,10.9010,1.1060,35.3500,160.0000,180.0000,191.8500,905,clog,main,train,255
3,660,10.8920,1.0670,35.5300,160.0000,180.0000,191.6300,905,clog,main,train,245
3,670,10.8940,1.0780,35.4400,160.0000,180.0000,191.1500,905,clog,main,train,235
3,680,10.9180,1.0790,35.3000,160.0000,180.0000,190.4100,905,clog,main,train,225
3,690,10.9470,1.0810,35.3000,160.0000,180.0000,190.0100,905,clog,main,train,215
3,700,10.9960,1.0910,35.3000,160.0000,180.0000,190.0000,905,clog,main,train,205
3,710,10.9250,1.0970,35.2600,160.0400,180.0000,190.0000,905,clog,main,train,195
3,720,11.1085,1.1635,35.3000,160.2200,180.0000,190.0000,905,clog,main,train,185
3,730,10.9070,1.1030,35.3200,160.0200,180.0000,190.5100,905,clog,main,train,175
3,740,10.8535,1.0850,35.4100,160.0000,180.0000,191.5000,905,clog,main,train,165
3,750,10.7870,1.0630,35.5100,160.0000,180.0000,191.7800,905,clog,main,train,155
3,760,10.7690,1.0560,35.5000,160.0000,180.0000,191.5000,905,clog,main,train,145
3,770,10.7150,1.0410,35.4400,160.0000,180.0000,190.9900,905,clog,main,train,135
3,780,10.8110,1.0510,35.3900,160.0000,180.0000,190.2500,905,clog,main,train,125
3,790,10.7230,1.0290,35.3900,160.0000,180.0000,190.0000,905,clog,main,train,115
3,800,10.7220,1.0210,35.3000,160.0000,180.0000,189.9500,905,clog,main,train,105
3,810,10.7820,1.0450,35.3000,160.0000,180.0000,190.0000,905,clog,main,train,95
3,820,10.8310,1.0590,35.3000,160.0000,180.0000,190.0600,905,clog,main,train,85
3,830,10.7450,1.0470,35.4000,160.0000,180.0000,190.8500,905,clog,main,train,75
3,840,10.7630,1.0400,35.4400,160.0900,180.0000,191.5900,905,clog,main,train,65
3,850,10.7620,1.0440,35.3800,160.1800,180.0000,191.6900,905,clog,main,train,55
3,860,10.8650,1.0790,35.4000,160.0500,180.0000,191.4600,905,clog,main,train,45
3,870,10.8810,1.0900,35.4000,160.0000,180.0000,190.9100,905,clog,main,train,35
3,880,11.0400,1.1550,35.4000,160.0000,180.0000,190.1600,905,clog,main,train,25
3,890,11.0700,1.1570,35.4000,160.0000,180.0000,190.0000,905,clog,main,train,15
3,900,10.9680,1.1160,35.4100,160.0000,180.0000,189.8500,905,clog,main,train,5
4,10,10.0725,0.7840,35.0000,160.0000,180.0000,189.8300,1064,clog,main,test,1054
4,20,10.1730,0.8030,35.0000,160.0000,180.0000,190.2100,1064,clog,main,test,1044
4,30,9.9790,0.7615,35.0000,160.0000,180.0000,191.2300,1064,clog,main,test,1034
4,40,9.9230,0.7470,35.0000,160.0000,180.0000,191.6600,1064,clog,main,test,1024
4,50,9.9070,0.7430,35.0000,160.0000,180.0000,191.3800,1064,clog,main,test,1014
4,60,9.8810,0.7230,35.0000,160.0000,180.0000,190.8400,1064,clog,main,test,1004
4,70,9.7950,0.7120,35.0000,160.0000,180.0000,190.1500,1064,clog,main,test,994
4,80,9.9470,0.7410,35.0000,160.0000,180.0000,190.0000,1064,clog,main,test,984
4,90,9.9685,0.7615,35.0000,160.0000,180.0000,189.8600,1064,clog,main,test,974
4,100,10.0880,0.7890,35.0000,160.0000,180.0000,189.8800,1064,clog,main,test,964
4,110,10.1920,0.8430,35.0000,160.0000,180.0000,190.0000,1064,clog,main,test,954
4,120,10.1860,0.8170,35.0000,160.0000,180.0000,190.5900,1064,clog,main,test,944
4,130,10.2400,0.8400,35.0000,160.0000,180.0000,191.6600,1064,clog,main,test,934
4,140,10.3140,0.8680,35.0000,160.0000,180.0000,191.9700,1064,clog,main,test,924
4,150,10.3060,0.8435,35.0000,160.0000,180.0000,191.7000,1064,clog,main,test,914
4,160,10.3510,0.8760,35.0000,160.0000,180.0000,191.2900,1064,clog,main,test,904
4,170,10.2610,0.8350,35.0000,160.0000,180.0000,190.6300,1064,clog,main,test,894
4,180,10.1655,0.8095,35.0000,160.0000,180.0000,190.0600,1064,clog,main,test,884
4,190,10.2560,0.8450,35.0000,160.0000,180.0000,190.0000,1064,clog,main,test,874
4,200,10.3195,0.8650,35.0000,160.0000,180.0000,190.0000,1064,clog,main,test,864
4,210,10.2250,0.8480,35.0000,160.0000,180.0000,190.0000,1064,clog,main,test,854
4,220,10.1370,0.8000,35.0000,160.0000,180.0000,190.3800,1064,clog,main,test,844
4,230,10.1480,0.8080,35.0000,160.0000,180.0000,191.4900,1064,clog,main,test,834
4,240,10.2650,0.8345,35.0000,160.0000,180.0000,191.9400,1064,clog,main,test,824
4,250,10.3380,0.8680,35.0000,160.0000,180.0000,191.8300,1064,clog,main,test,814
4,260,10.4680,0.9070,35.0000,160.0000,180.0000,191.4900,1064,clog,main,test,804
4,270,10.3950,0.8790,35.0000,160.0000,180.0000,191.0700,1064,clog,main,test,794
4,280,10.4250,0.8915,35.0000,160.0000,180.0000,190.3500,1064,clog,main,test,784
4,290,10.3550,0.8610,35.0000,160.0000,180.0000,190.0000,1064,clog,main,test,774
4,300,10.5215,0.9210,35.0000,160.0000,180.0000,190.0000,1064,clog,main,test,764
4,310,10.4780,0.9095,35.0000,160.0000,180.0000,190.0000,1064,clog,main,test,754
4,320,10.4685,0.8970,35.0000,160.0000,180.0000,190.0100,1064,clog,main,test,744
4,330,10.4130,0.8890,35.0000,160.0000,180.0000,190.6800,1064,clog,main,test,734
4,340,10.4790,0.9170,35.0000,160.0000,180.0000,191.7500,1064,clog,main,test,724
4,350,10.4740,0.9170,35.0000,160.0000,180.0000,192.1400,1064,clog,main,test,714
4,360,10.5520,0.9300,35.0000,160.0000,180.0000,191.8400,1064,clog,main,test,704
4,370,10.4970,0.9180,35.0000,160.0000,180.0000,191.4600,1064,clog,main,test,694
4,380,10.5630,0.9550,35.0000,160.0000,180.0000,190.8400,1064,clog,main,test,684
4,390,10.6330,0.9550,35.0000,160.0000,180.0000,190.1700,1064,clog,main,test,674
4,400,10.5910,0.9500,35.0000,160.0000,180.0000,190.0000,1064,clog,main,test,664
4,410,10.5230,0.9230,35.0000,160.0000,180.0000,190.0000,1064,clog,main,test,654
4,420,10.8730,1.0150,35.0000,160.0000,180.0000,190.0000,1064,clog,main,test,644
4,430,10.7340,0.9900,35.0000,160.0000,180.0000,190.3600,1064,clog,main,test,634
4,440,10.7625,1.0095,35.0000,160.0000,180.0000,191.3600,1064,clog,main,test,624
4,450,10.8580,1.0220,35.0000,160.0000,180.0000,192.0200,1064,clog,main,test,614
4,460,10.6850,0.9790,35.0000,160.0000,180.0000,191.9200,1064,clog,main,test,604
4,470,10.6080,0.9500,35.0000,160.0000,180.0000,191.5300,1064,clog,main,test,594
4,480,10.6670,0.9655,35.0000,160.0000,180.0000,191.1300,1064,clog,main,test,584
4,490,10.7550,1.0160,35.0000,160.0000,180.0000,190.5500,1064,clog,main,test,574
4,500,10.8580,1.0340,35.0000,160.0000,180.0000,190.1000,1064,clog,main,test,564
4,510,10.7240,0.9870,35.0000,160.0000,180.0000,190.0000,1064,clog,main,test,554
4,520,10.7420,1.0050,35.0000,160.0000,180.0000,190.0000,1064,clog,main,test,544
4,530,10.7625,1.0065,35.0000,160.0000,180.0000,190.0000,1064,clog,main,test,534
4,540,10.8760,1.0480,35.0000,160.0000,180.0000,190.0900,1064,clog,main,test,524
4,550,10.7950,1.0160,35.0000,160.0000,180.0000,190.8500,1064,clog,main,test,514
4,560,10.7490,0.9990,35.0000,160.0000,180.0000,191.5400,1064,clog,main,test,504
4,570,10.8750,1.0410,35.0000,160.0000,180.0000,191.6000,1064,clog,main,test,494
4,580,10.8160,1.0150,35.0000,160.0000,180.0000,191.2700,1064,clog,main,test,484
4,590,10.7640,1.0010,35.0000,160.0000,180.0000,190.8500,1064,clog,main,test,474
4,600,10.7260,0.9930,35.0000,160.0000,180.0000,190.2350,1064,clog,main,test,464
4,610,10.7645,0.9950,35.0000,160.0000,180.0000,190.0000,1064,clog,main,test,454
4,620,10.8730,1.0410,35.0000,160.0000,180.0000,190.0000,1064,clog,main,test,444
4,630,10.9090,1.0420,35.0600,160.0000,180.0000,190.0000,1064,clog,main,test,434
4,640,11.0010,1.0750,35.1000,160.0000,180.0000,190.0000,1064,clog,main,test,424
4,650,10.9980,1.0670,35.1000,160.0000,180.0000,190.1000,1064,clog,main,test,414
4,660,10.9900,1.0610,35.1100,160.0000,180.0000,190.9000,1064,clog,main,test,404
4,670,10.9170,1.0500,35.1700,160.0000,180.0000,191.5800,1064,clog,main,test,394
4,680,10.9360,1.0510,35.1700,160.0000,180.0000,191.6100,1064,clog,main,test,384
4,690,11.1740,1.1380,35.1100,160.0000,180.0000,191.3100,1064,clog,main,test,374
4,700,11.1350,1.1110,35.1100,160.0000,180.0000,190.9800,1064,clog,main,test,364
4,710,11.2370,1.1340,35.1100,160.0000,180.0000,190.3900,1064,clog,main,test,354
4,720,11.1520,1.1110,35.1200,160.0000,180.0000,190.0300,1064,clog,main,test,344
4,730,11.1280,1.1065,35.1500,160.0000,180.0000,190.0000,1064,clog,main,test,334
4,740,11.0360,1.0820,35.1700,160.0000,180.0000,190.0000,1064,clog,main,test,324
4,750,11.1770,1.1260,35.1400,160.0000,180.0000,190.0000,1064,clog,main,test,314
4,760,11.1230,1.1160,35.2000,160.0000,180.0000,190.0100,1064,clog,main,test,304
4,770,11.0840,1.0920,35.2000,160.0000,180.0000,190.5100,1064,clog,main,test,294
4,780,11.0820,1.0900,35.2300,160.0000,180.0000,191.2600,1064,clog,main,test,284
4,790,11.0645,1.0885,35.3000,160.0000,180.0000,191.3900,1064,clog,main,test,274
4,800,11.1060,1.1020,35.3500,160.0000,180.0000,191.1500,1064,clog,main,test,264
4,810,11.4350,1.2090,35.4500,160.0000,180.0000,190.8000,1064,clog,main,test,254
4,820,11.5030,1.2210,35.5100,160.0000,180.0000,190.2500,1064,clog,main,test,244
4,830,11.3940,1.1840,35.5900,160.0000,180.0000,190.0000,1064,clog,main,test,234
4,840,11.5020,1.2280,35.5500,160.0000,180.0000,190.0000,1064,clog,main,test,224
4,850,11.2880,1.1540,35.6000,160.0000,180.0000,190.0000,1064,clog,main,test,214
4,860,11.2525,1.1450,35.5600,160.0000,180.0000,189.8600,1064,clog,main,test,204
4,870,11.2890,1.1520,35.6400,160.0000,180.0000,189.9200,1064,clog,main,test,194
4,880,11.3740,1.1800,35.7300,160.0000,180.0000,190.0000,1064,clog,main,test,184
4,890,11.2200,1.1340,35.8500,160.0000,180.0000,190.3600,1064,clog,main,test,174
4,900,11.2580,1.1340,35.9000,160.0000,180.0000,191.2400,1064,clog,main,test,164
4,910,11.2720,1.1495,35.8600,160.0000,180.0000,191.6000,1064,clog,main,test,154
4,920,11.3690,1.1650,35.9000,160.0000,180.0000,191.3700,1064,clog,main,test,144
4,930,11.4050,1.1810,35.9000,160.0000,180.0000,190.9600,1064,clog,main,test,134
4,940,11.3500,1.1670,36.0400,160.0000,180.0000,190.2200,1064,clog,main,test,124
4,950,11.2340,1.1290,36.1200,160.0000,180.0000,190.0000,1064,clog,main,test,114
4,960,11.2250,1.1190,36.1300,160.0000,180.0000,189.8800,1064,clog,main,test,104
4,970,11.2260,1.1220,36.2000,160.0000,180.0000,189.7700,1064,clog,main,test,94
4,980,11.3360,1.1500,36.1100,160.0000,180.0000,189.9700,1064,clog,main,test,84
4,990,11.2460,1.1320,36.1000,160.0000,180.0000,190.2600,1064,clog,main,test,74
4,1000,11.2790,1.1340,36.1000,160.0000,180.0000,191.3700,1064,clog,main,test,64
4,1010,11.3120,1.1505,36.1100,160.0000,180.0000,191.8100,1064,clog,main,test,54
4,1020,11.4120,1.1780,36.1800,160.0000,180.0000,191.5600,1064,clog,main,test,44
4,1030,11.3840,1.1680,36.1400,160.0000,180.0000,191.1400,1064,clog,main,test,34
4,1040,11.4090,1.2025,36.1700,160.0000,180.0000,190.5400,1064,clog,main,test,24
4,1050,11.3645,1.1700,36.1600,160.0000,180.0000,190.0600,1064,clog,main,test,14
4,1060,11.2820,1.1440,36.1700,160.0000,180.0000,190.0000,1064,clog,main,test,4
5,10,9.8340,0.7030,35.0000,159.9300,180.0000,189.3500,719,burst,burst_extension,excluded,709
5,20,9.8610,0.7060,35.0000,159.5200,180.0000,189.1500,719,burst,burst_extension,excluded,699
5,30,9.8280,0.6880,35.0000,159.5600,180.0000,189.6700,719,burst,burst_extension,excluded,689
5,40,9.8930,0.7050,35.0000,159.8800,180.0000,189.9900,719,burst,burst_extension,excluded,679
5,50,9.7580,0.6710,35.0000,160.0000,180.0000,190.4100,719,burst,burst_extension,excluded,669
5,60,9.6850,0.6450,35.0000,160.0000,180.0000,191.1200,719,burst,burst_extension,excluded,659
5,70,9.7380,0.6730,35.0000,159.8400,180.0000,191.1800,719,burst,burst_extension,excluded,649
5,80,9.7840,0.6580,35.0000,159.4100,180.0000,190.7600,719,burst,burst_extension,excluded,639
5,90,10.0970,0.7620,35.0000,159.4400,180.0000,190.0900,719,burst,burst_extension,excluded,629
5,100,10.0715,0.7515,35.0000,159.9300,180.0000,189.9600,719,burst,burst_extension,excluded,619
5,110,9.9720,0.7280,35.0000,160.0000,180.0000,189.6100,719,burst,burst_extension,excluded,609
5,120,9.9520,0.7185,35.0000,160.0000,180.0000,189.7500,719,burst,burst_extension,excluded,599
5,130,10.0130,0.7400,35.0000,160.0000,180.0000,190.0000,719,burst,burst_extension,excluded,589
5,140,10.0080,0.7350,35.0000,160.0000,180.0000,190.3400,719,burst,burst_extension,excluded,579
5,150,10.1930,0.8040,35.0000,160.0000,180.0000,191.1600,719,burst,burst_extension,excluded,569
5,160,10.1870,0.7980,35.0000,159.9500,180.0000,191.4700,719,burst,burst_extension,excluded,559
5,170,10.2295,0.8020,35.0000,159.9400,180.0000,191.1900,719,burst,burst_extension,excluded,549
5,180,10.2780,0.8190,35.0000,160.0000,180.0000,190.5400,719,burst,burst_extension,excluded,539
5,190,10.3820,0.8580,35.0000,160.0000,180.0000,190.0200,719,burst,burst_extension,excluded,529
5,200,10.4650,0.8880,35.0000,159.9400,180.0000,189.9100,719,burst,burst_extension,excluded,519
5,210,10.5900,0.9210,35.0000,159.8000,180.0000,189.7100,719,burst,burst_extension,excluded,509
5,220,10.6210,0.9250,35.0000,159.9300,180.0000,189.9300,719,burst,burst_extension,excluded,499
5,230,10.6650,0.9500,35.0000,160.0000,180.0000,190.0900,719,burst,burst_extension,excluded,489
5,240,10.5180,0.8990,35.0000,160.0000,180.0000,190.9500,719,burst,burst_extension,excluded,479
5,250,10.5930,0.9320,35.0000,160.0000,180.0000,191.7700,719,burst,burst_extension,excluded,469
5,260,10.6185,0.9370,35.0000,160.0000,180.0000,191.7800,719,burst,burst_extension,excluded,459
5,270,10.5260,0.9010,35.0000,160.0000,180.0000,191.3900,719,burst,burst_extension,excluded,449
5,280,10.4890,0.8850,35.0000,160.0000,180.0000,190.7400,719,burst,burst_extension,excluded,439
5,290,10.2030,0.7940,35.0000,160.0000,180.0000,190.0500,719,burst,burst_extension,excluded,429
5,300,10.0020,0.7315,35.0000,160.0000,180.0000,189.8600,719,burst,burst_extension,excluded,419
5,310,10.0470,0.7500,35.0000,159.9400,180.0000,189.8200,719,burst,burst_extension,excluded,409
5,320,10.1010,0.7535,35.0000,160.0000,180.0000,190.0000,719,burst,burst_extension,excluded,399
5,330,10.0410,0.7460,35.0000,160.0000,180.0000,190.4500,719,burst,burst_extension,excluded,389
5,340,10.2100,0.8100,35.0000,160.0000,180.0000,191.4300,719,burst,burst_extension,excluded,379
5,350,10.3270,0.8330,35.0000,160.0000,180.0000,191.9000,719,burst,burst_extension,excluded,369
5,360,10.2940,0.8330,35.0000,160.0000,180.0000,191.7400,719,burst,burst_extension,excluded,359
5,370,10.1775,0.7980,35.0000,160.0000,180.0000,191.2500,719,burst,burst_extension,excluded,349
5,380,10.4860,0.8960,35.0000,160.0000,180.0000,190.4900,719,burst,burst_extension,excluded,339
5,390,10.3950,0.8590,35.0000,160.0000,180.0000,190.0200,719,burst,burst_extension,excluded,329
5,400,10.2605,0.8200,35.0000,160.0000,180.0000,189.9600,719,burst,burst_extension,excluded,319
5,410,10.3950,0.8710,35.0000,160.0000,180.0000,189.9100,719,burst,burst_extension,excluded,309
5,420,10.5030,0.9000,35.0000,159.9800,180.0000,190.0100,719,burst,burst_extension,excluded,299
5,430,10.4500,0.8800,35.0000,159.9000,180.0000,190.5800,719,burst,burst_extension,excluded,289
5,440,10.3570,0.8520,35.0000,160.0000,180.0000,191.6700,719,burst,burst_extension,excluded,279
5,450,10.4410,0.8860,35.0000,160.0000,180.0000,192.0000,719,burst,burst_extension,excluded,269
5,460,10.4230,0.8810,35.0000,160.0000,180.0000,191.8500,719,burst,burst_extension,excluded,259
5,470,10.5440,0.9100,35.0000,160.0000,180.0000,191.4600,719,burst,burst_extension,excluded,249
5,480,10.5595,0.9155,35.0000,160.0000,180.0000,190.7500,719,burst,burst_extension,excluded,239
5,490,10.3670,0.8610,35.0000,160.0000,180.0000,190.0700,719,burst,burst_extension,excluded,229
5,500,10.2750,0.8290,35.0000,160.0000,180.0000,189.9500,719,burst,burst_extension,excluded,219
5,510,10.3425,0.8495,35.0000,160.0000,180.0000,189.8800,719,burst,burst_extension,excluded,209
5,520,10.4160,0.8760,35.0000,160.0000,180.0000,190.0000,719,burst,burst_extension,excluded,199
5,530,10.5210,0.9150,35.0000,160.0000,180.0000,190.4500,719,burst,burst_extension,excluded,189
5,540,10.4965,0.9055,35.0000,160.0000,180.0000,191.6200,719,burst,burst_extension,excluded,179
5,550,10.4890,0.9075,35.0000,160.0000,180.0000,192.1800,719,burst,burst_extension,excluded,169
5,560,10.4390,0.8815,35.0000,160.0000,180.0000,192.1200,719,burst,burst_extension,excluded,159
5,570,10.4860,0.9000,35.0000,160.0000,180.0000,191.6400,719,burst,burst_extension,excluded,149
5,580,10.5540,0.9150,35.0000,160.0000,180.0000,190.9200,719,burst,burst_extension,excluded,139
5,590,10.7360,0.9810,35.0000,160.0000,180.0000,190.1500,719,burst,burst_extension,excluded,129
5,600,10.7075,0.9645,35.0000,160.0000,180.0000,189.9800,719,burst,burst_extension,excluded,119
5,610,10.6500,0.9440,35.0000,160.0000,180.0000,189.9500,719,burst,burst_extension,excluded,109
5,620,10.7740,0.9990,35.0000,160.0000,180.0000,190.0000,719,burst,burst_extension,excluded,99
5,630,10.7070,0.9880,35.0000,160.0000,180.0000,190.5200,719,burst,burst_extension,excluded,89
5,640,10.8540,1.0110,35.0000,160.0000,180.0000,191.5600,719,burst,burst_extension,excluded,79
5,650,10.9440,1.0520,35.0000,160.0000,180.0000,192.0500,719,burst,burst_extension,excluded,69
5,660,10.8930,1.0190,35.0000,160.0000,180.0000,192.0000,719,burst,burst_extension,excluded,59
5,670,10.7545,0.9860,35.0000,160.0000,180.0000,191.6600,719,burst,burst_extension,excluded,49
5,680,10.7250,0.9680,35.0000,160.0000,180.0000,191.0300,719,burst,burst_extension,excluded,39
5,690,10.6265,0.9355,35.0000,160.0000,180.0000,190.2300,719,burst,burst_extension,excluded,29
5,700,10.6530,0.9480,35.0000,160.0000,180.0000,190.0000,719,burst,burst_extension,excluded,19
5,710,10.8110,1.0000,35.0000,160.0000,180.0000,190.0000,719,burst,burst_extension,excluded,9
6,10,9.3930,0.5670,35.0000,160.0000,180.0000,190.7700,498,burst,burst_extension,excluded,488
6,20,9.4040,0.5760,35.0000,160.0000,180.0000,191.7200,498,burst,burst_extension,excluded,478
6,30,9.3870,0.5720,35.0000,160.0000,180.0000,191.8800,498,burst,burst_extension,excluded,468
6,40,9.3790,0.5650,35.0000,160.0000,180.0000,191.5400,498,burst,burst_extension,excluded,458
6,50,9.3930,0.5640,35.0000,160.0000,180.0000,190.8400,498,burst,burst_extension,excluded,448
6,60,9.3660,0.5700,35.0000,160.0000,180.0000,190.0800,498,burst,burst_extension,excluded,438
6,70,9.4270,0.5730,35.0000,160.0000,180.0000,189.8800,498,burst,burst_extension,excluded,428
6,80,9.4670,0.5835,35.0000,160.0000,180.0000,189.7600,498,burst,burst_extension,excluded,418
6,90,9.4270,0.5850,35.0000,159.9300,180.0000,189.9800,498,burst,burst_extension,excluded,408
6,100,9.4780,0.5950,35.0000,159.9500,180.0000,190.3900,498,burst,burst_extension,excluded,398
6,110,9.4810,0.5920,34.9600,159.9100,180.0000,191.5600,498,burst,burst_extension,excluded,388
6,120,9.5990,0.6360,35.0000,159.8000,180.0000,192.0800,498,burst,burst_extension,excluded,378
6,130,9.6870,0.6540,35.0000,159.8000,180.0000,191.9800,498,burst,burst_extension,excluded,368
6,140,9.6150,0.6470,35.0000,159.7900,180.0000,191.5100,498,burst,burst_extension,excluded,358
6,150,9.6250,0.6360,35.0000,159.8200,180.0000,190.7700,498,burst,burst_extension,excluded,348
6,160,9.6250,0.6430,35.0000,159.9300,180.0000,190.0800,498,burst,burst_extension,excluded,338
6,170,9.6230,0.6460,35.0000,160.0000,180.0000,190.0000,498,burst,burst_extension,excluded,328
6,180,9.7930,0.6940,35.0000,160.0000,180.0000,190.0000,498,burst,burst_extension,excluded,318
6,190,9.9075,0.7180,34.9900,159.9800,180.0000,190.0000,498,burst,burst_extension,excluded,308
6,200,10.1520,0.8215,34.9000,159.9400,180.0000,190.5900,498,burst,burst_extension,excluded,298
6,210,10.0870,0.7930,34.9600,160.0000,180.0000,191.7500,498,burst,burst_extension,excluded,288
6,220,10.0620,0.7830,35.0000,160.0000,180.0000,192.3100,498,burst,burst_extension,excluded,278
6,230,10.1280,0.8010,35.0000,160.0000,180.0000,192.1200,498,burst,burst_extension,excluded,268
6,240,10.2310,0.8400,35.0000,160.0000,180.0000,191.6400,498,burst,burst_extension,excluded,258
6,250,10.3620,0.8780,35.0000,160.0000,180.0000,191.0100,498,burst,burst_extension,excluded,248
6,260,10.3300,0.8560,35.0000,160.0000,180.0000,190.2400,498,burst,burst_extension,excluded,238
6,270,10.2770,0.8490,35.0000,160.0000,180.0000,190.0000,498,burst,burst_extension,excluded,228
6,280,10.3430,0.8730,35.0000,160.0000,180.0000,190.0000,498,burst,burst_extension,excluded,218
6,290,10.2950,0.8540,35.0000,160.0000,180.0000,190.0000,498,burst,burst_extension,excluded,208
6,300,10.2985,0.8600,35.0000,160.0000,180.0000,190.3100,498,burst,burst_extension,excluded,198
6,310,10.4190,0.8990,35.0000,160.0000,180.0000,191.4300,498,burst,burst_extension,excluded,188
6,320,10.5760,0.9350,35.0000,160.0000,180.0000,192.0600,498,burst,burst_extension,excluded,178
6,330,10.5280,0.9090,35.0000,160.0000,180.0000,192.1600,498,burst,burst_extension,excluded,168
6,340,10.4910,0.9160,35.0000,160.0000,180.0000,191.8300,498,burst,burst_extension,excluded,158
6,350,10.7510,1.0040,35.0000,160.0000,180.0000,191.4200,498,burst,burst_extension,excluded,148
6,360,10.8900,1.0390,35.0000,160.0000,180.0000,190.7900,498,burst,burst_extension,excluded,138
6,370,10.8015,1.0040,35.0000,160.0000,180.0000,190.1800,498,burst,burst_extension,excluded,128
6,380,10.7375,1.0010,35.0000,160.0000,180.0000,190.0000,498,burst,burst_extension,excluded,118
6,390,10.8945,1.0425,35.0000,160.0000,180.0000,190.0000,498,burst,burst_extension,excluded,108
6,400,10.8940,1.0390,35.0000,160.0000,180.0000,190.0000,498,burst,burst_extension,excluded,98
6,410,10.8735,1.0435,35.0000,160.0000,180.0000,190.0700,498,burst,burst_extension,excluded,88
6,420,10.8365,1.0205,35.0000,160.0000,180.0000,190.7500,498,burst,burst_extension,excluded,78
6,430,10.8070,1.0050,35.0000,160.0000,180.0000,191.6900,498,burst,burst_extension,excluded,68
6,440,10.8010,1.0180,35.0000,160.0000,180.0000,191.9500,498,burst,burst_extension,excluded,58
6,450,11.0540,1.0990,35.0000,160.0000,180.0000,191.7200,498,burst,burst_extension,excluded,48
6,460,10.8600,1.0180,35.0000,160.0000,180.0000,191.2000,498,burst,burst_extension,excluded,38
6,470,10.8260,1.0120,35.0000,160.0000,180.0000,190.3700,498,burst,burst_extension,excluded,28
6,480,10.7775,0.9935,35.0000,160.0000,180.0000,189.9800,498,burst,burst_extension,excluded,18
6,490,10.7490,0.9950,35.0000,160.0000,180.0000,189.8200,498,burst,burst_extension,excluded,8
7,10,9.4140,0.5870,35.0000,160.0000,180.0000,190.3000,548,burst,burst_extension,excluded,538
7,20,9.4110,0.5760,35.0000,160.0000,180.0000,191.2100,548,burst,burst_extension,excluded,528
7,30,9.5110,0.5990,35.0000,160.0000,180.0000,191.4600,548,burst,burst_extension,excluded,518
7,40,9.5230,0.6060,35.0000,159.9600,180.0000,191.1100,548,burst,burst_extension,excluded,508
7,50,9.4360,0.5750,35.0000,159.8200,180.0000,190.4000,548,burst,burst_extension,excluded,498
7,60,9.4950,0.5890,35.0000,159.9100,180.0000,190.0000,548,burst,burst_extension,excluded,488
7,70,9.4450,0.5730,35.0000,160.0000,180.0000,189.7000,548,burst,burst_extension,excluded,478
7,80,9.4230,0.5620,35.0000,159.9100,180.0000,189.3800,548,burst,burst_extension,excluded,468
7,90,9.4610,0.5730,35.0000,159.4600,180.0000,189.8600,548,burst,burst_extension,excluded,458
7,100,9.4820,0.5930,35.0000,159.1200,180.0000,190.0900,548,burst,burst_extension,excluded,448
7,110,9.6770,0.6480,35.0000,159.3000,180.0000,190.9700,548,burst,burst_extension,excluded,438
7,120,9.5760,0.6240,35.0000,159.7400,180.0000,191.5800,548,burst,burst_extension,excluded,428
7,130,9.6150,0.6260,35.0000,159.8900,180.0000,191.5000,548,burst,burst_extension,excluded,418
7,140,9.6260,0.6340,35.0000,159.7400,180.0000,191.0300,548,burst,burst_extension,excluded,408
7,150,9.7690,0.6850,35.0000,159.7400,180.0000,190.2700,548,burst,burst_extension,excluded,398
7,160,9.9280,0.7350,35.0000,159.8600,180.0000,190.0000,548,burst,burst_extension,excluded,388
7,170,9.9280,0.7410,35.0000,159.8300,180.0000,189.7700,548,burst,burst_extension,excluded,378
7,180,9.8220,0.6905,35.0000,159.5800,180.0000,189.7300,548,burst,burst_extension,excluded,368
7,190,9.7330,0.6700,35.0000,159.6400,180.0000,189.9900,548,burst,burst_extension,excluded,358
7,200,9.8100,0.7070,35.0000,159.7700,180.0000,190.4900,548,burst,burst_extension,excluded,348
7,210,9.8210,0.6970,35.0000,159.7300,180.0000,191.5900,548,burst,burst_extension,excluded,338
7,220,9.9840,0.7510,35.0000,159.8600,180.0000,191.9800,548,burst,burst_extension,excluded,328
7,230,10.0560,0.7620,35.0000,159.9300,180.0000,191.8100,548,burst,burst_extension,excluded,318
7,240,9.9500,0.7390,35.0000,160.0000,180.0000,191.4200,548,burst,burst_extension,excluded,308
7,250,10.0650,0.7655,35.0000,160.0000,180.0000,190.6400,548,burst,burst_extension,excluded,298
7,260,9.9670,0.7530,35.0000,160.0000,180.0000,190.0200,548,burst,burst_extension,excluded,288
7,270,9.9670,0.7390,35.0000,160.0000,180.0000,189.9300,548,burst,burst_extension,excluded,278
7,280,9.9350,0.7300,35.0000,159.9700,180.0000,189.9200,548,burst,burst_extension,excluded,268
7,290,10.0670,0.7680,35.0000,159.8100,180.0000,190.0000,548,burst,burst_extension,excluded,258
7,300,10.1940,0.8140,35.0000,159.9100,180.0000,190.5700,548,burst,burst_extension,excluded,248
7,310,10.3340,0.8550,35.0000,160.0000,180.0000,191.7200,548,burst,burst_extension,excluded,238
7,320,10.2710,0.8430,35.0000,160.0000,180.0000,192.1800,548,burst,burst_extension,excluded,228
7,330,10.1410,0.8030,35.0000,160.0000,180.0000,192.0400,548,burst,burst_extension,excluded,218
7,340,10.4660,0.9040,35.0000,160.0000,180.0000,191.5500,548,burst,burst_extension,excluded,208
7,350,10.3630,0.8680,35.0000,160.0000,180.0000,191.0000,548,burst,burst_extension,excluded,198
7,360,10.2310,0.8290,35.0000,160.0000,180.0000,190.2300,548,burst,burst_extension,excluded,188
7,370,10.2140,0.8120,35.0000,160.0000,180.0000,190.0000,548,burst,burst_extension,excluded,178
7,380,10.1870,0.8140,35.0000,160.0000,180.0000,190.0000,548,burst,burst_extension,excluded,168
7,390,10.4310,0.8810,35.0000,160.0000,180.0000,190.0000,548,burst,burst_extension,excluded,158
7,400,10.3670,0.8690,35.0000,160.0000,180.0000,190.2100,548,burst,burst_extension,excluded,148
7,410,10.4815,0.9010,35.0000,160.0000,180.0000,191.2100,548,burst,burst_extension,excluded,138
7,420,10.4590,0.8955,35.0000,160.0000,180.0000,192.0700,548,burst,burst_extension,excluded,128
7,430,10.3530,0.8570,35.0000,160.0000,180.0000,192.1700,548,burst,burst_extension,excluded,118
7,440,10.5200,0.9310,35.0000,160.0000,180.0000,191.9300,548,burst,burst_extension,excluded,108
7,450,10.5230,0.9270,35.0000,160.0000,180.0000,191.5200,548,burst,burst_extension,excluded,98
7,460,10.5600,0.9340,35.0000,160.0000,180.0000,190.8300,548,burst,burst_extension,excluded,88
7,470,10.6760,0.9755,35.0000,160.0000,180.0000,190.0900,548,burst,burst_extension,excluded,78
7,480,10.5580,0.9330,35.0000,160.0000,180.0000,190.0000,548,burst,burst_extension,excluded,68
7,490,10.6440,0.9640,35.0000,160.0000,180.0000,190.0000,548,burst,burst_extension,excluded,58
7,500,10.7550,0.9920,35.0000,160.0000,180.0000,190.0000,548,burst,burst_extension,excluded,48
7,510,10.7710,1.0015,35.0000,160.0000,180.0000,190.3600,548,burst,burst_extension,excluded,38
7,520,10.7985,1.0085,35.0000,160.0000,180.0000,191.4500,548,burst,burst_extension,excluded,28
7,530,10.7670,0.9900,35.0000,160.0000,180.0000,191.9800,548,burst,burst_extension,excluded,18
7,540,10.7830,1.0130,35.0000,160.0000,180.0000,192.0100,548,burst,burst_extension,excluded,8
8,10,9.4810,0.5730,35.0000,159.7400,180.0000,191.4800,1596,clog,main,test,1586
8,20,9.4415,0.5610,35.0000,159.5800,180.0000,191.1400,1596,clog,main,test,1576
8,30,9.4165,0.5630,35.0000,159.9200,180.0000,190.3800,1596,clog,main,test,1566
8,40,9.4510,0.5850,35.0000,160.0000,180.0000,189.9900,1596,clog,main,test,1556
8,50,9.4830,0.5730,35.0000,159.9900,180.0000,189.6200,1596,clog,main,test,1546
8,60,9.4510,0.5700,35.0000,159.7000,180.0000,189.6200,1596,clog,main,test,1536
8,70,9.4620,0.5690,35.0000,159.5000,180.0000,189.9700,1596,clog,main,test,1526
8,80,9.4380,0.5710,35.0000,159.6600,180.0000,190.3500,1596,clog,main,test,1516
8,90,9.5510,0.6060,35.0000,159.5800,180.0000,191.2900,1596,clog,main,test,1506
8,100,9.5800,0.6080,35.0000,159.3200,180.0000,191.7800,1596,clog,main,test,1496
8,110,9.6110,0.6170,35.0000,159.5100,180.0000,191.5800,1596,clog,main,test,1486
8,120,9.6660,0.6350,35.0000,159.9100,180.0000,190.9700,1596,clog,main,test,1476
8,130,9.5450,0.6070,35.0000,159.9700,180.0000,190.1800,1596,clog,main,test,1466
8,140,9.5830,0.6250,35.0000,159.6800,180.0000,189.9800,1596,clog,main,test,1456
8,150,9.6110,0.6210,35.0000,159.5600,180.0000,189.7700,1596,clog,main,test,1446
8,160,9.6380,0.6345,35.0000,159.6000,180.0000,189.9500,1596,clog,main,test,1436
8,170,9.7060,0.6495,35.0000,159.7000,180.0000,190.1000,1596,clog,main,test,1426
8,180,9.7040,0.6690,35.0000,159.7000,180.0000,191.0200,1596,clog,main,test,1416
8,190,9.7160,0.6540,35.0000,159.7800,180.0000,191.9700,1596,clog,main,test,1406
8,200,9.7900,0.6770,35.0000,159.8700,180.0000,192.0400,1596,clog,main,test,1396
8,210,9.8150,0.6950,35.0000,159.7700,180.0000,191.6000,1596,clog,main,test,1386
8,220,9.7670,0.6660,35.0000,159.9000,180.0000,191.0600,1596,clog,main,test,1376
8,230,9.7990,0.6770,35.0000,160.0000,180.0000,190.2900,1596,clog,main,test,1366
8,240,9.8390,0.6930,35.0000,160.0000,180.0000,190.0000,1596,clog,main,test,1356
8,250,9.7420,0.6730,35.0000,160.0000,180.0000,190.0000,1596,clog,main,test,1346
8,260,9.7140,0.6630,35.0000,160.0000,180.0000,190.0000,1596,clog,main,test,1336
8,270,9.7800,0.6760,35.0000,160.0000,180.0000,190.3600,1596,clog,main,test,1326
8,280,9.8820,0.7130,35.0000,160.0000,180.0000,191.5300,1596,clog,main,test,1316
8,290,9.9185,0.7345,35.0000,160.0000,180.0000,192.1600,1596,clog,main,test,1306
8,300,9.9820,0.7510,35.0000,160.0000,180.0000,192.1600,1596,clog,main,test,1296
8,310,10.0255,0.7540,35.0000,160.0000,180.0000,191.7700,1596,clog,main,test,1286
8,320,10.0180,0.7560,35.0000,160.0000,180.0000,191.1800,1596,clog,main,test,1276
8,330,10.1500,0.8050,35.0000,160.0000,180.0000,190.3500,1596,clog,main,test,1266
8,340,10.1150,0.7810,35.0000,160.0000,180.0000,190.0000,1596,clog,main,test,1256
8,350,10.0770,0.7840,35.0000,159.9900,180.0000,190.0000,1596,clog,main,test,1246
8,360,10.0020,0.7340,35.0000,159.8100,180.0000,190.0000,1596,clog,main,test,1236
8,370,10.0280,0.7500,35.0000,159.8900,180.0000,190.4600,1596,clog,main,test,1226
8,380,10.0980,0.7970,35.0000,160.0000,180.0000,191.5200,1596,clog,main,test,1216
8,390,10.1740,0.8090,35.0000,160.0000,180.0000,192.1600,1596,clog,main,test,1206
8,400,10.2540,0.8285,35.0000,160.0000,180.0000,192.0800,1596,clog,main,test,1196
8,410,10.3295,0.8375,35.0000,160.0000,180.0000,191.6700,1596,clog,main,test,1186
8,420,10.2830,0.8550,35.0000,160.0000,180.0000,191.0300,1596,clog,main,test,1176
8,430,10.2510,0.8230,35.0000,160.0000,180.0000,190.2800,1596,clog,main,test,1166
8,440,10.3160,0.8330,35.0000,160.0000,180.0000,190.0000,1596,clog,main,test,1156
8,450,10.3580,0.8550,35.0000,160.0000,180.0000,190.0000,1596,clog,main,test,1146
8,460,10.3240,0.8510,35.0000,160.0000,180.0000,190.0000,1596,clog,main,test,1136
8,470,10.5640,0.9150,35.0000,160.0000,180.0000,190.2800,1596,clog,main,test,1126
8,480,10.3755,0.8700,35.0000,160.0000,180.0000,191.3600,1596,clog,main,test,1116
8,490,10.4690,0.9060,35.0000,160.0000,180.0000,192.1100,1596,clog,main,test,1106
8,500,10.4230,0.8720,35.0000,160.0000,180.0000,192.1100,1596,clog,main,test,1096
8,510,10.4380,0.8970,35.0000,160.0000,180.0000,191.7200,1596,clog,main,test,1086
8,520,10.6630,0.9630,35.0000,160.0000,180.0000,191.1600,1596,clog,main,test,1076
8,530,10.4980,0.9070,35.0000,160.0000,180.0000,190.3300,1596,clog,main,test,1066
8,540,10.4060,0.8800,35.0000,160.0000,180.0000,190.0000,1596,clog,main,test,1056
8,550,10.6090,0.9340,35.0000,160.0000,180.0000,189.9000,1596,clog,main,test,1046
8,560,10.4280,0.8770,35.0000,160.0000,180.0000,190.0000,1596,clog,main,test,1036
8,570,10.4100,0.8780,35.0000,160.0000,180.0000,190.1700,1596,clog,main,test,1026
8,580,10.4730,0.8940,35.0000,160.0000,180.0000,191.1000,1596,clog,main,test,1016
8,590,10.4510,0.8875,35.0000,160.0000,180.0000,191.9600,1596,clog,main,test,1006
8,600,10.6840,0.9770,35.0000,160.0000,180.0000,192.1300,1596,clog,main,test,996
8,610,10.5510,0.9200,35.0000,160.0000,180.0000,191.7900,1596,clog,main,test,986
8,620,10.4000,0.8600,35.0000,160.0000,180.0000,191.0800,1596,clog,main,test,976
8,630,10.6740,0.9510,35.0000,160.0000,180.0000,190.1900,1596,clog,main,test,966
8,640,10.6730,0.9630,35.0000,160.0000,180.0000,189.9800,1596,clog,main,test,956
8,650,10.5635,0.9220,35.0000,160.0000,180.0000,189.8300,1596,clog,main,test,946
8,660,10.6720,0.9550,35.0000,160.0000,180.0000,190.0000,1596,clog,main,test,936
8,670,10.6060,0.9440,35.0000,160.0000,180.0000,190.3600,1596,clog,main,test,926
8,680,10.5580,0.9190,35.0000,160.0000,180.0000,191.5100,1596,clog,main,test,916
8,690,10.5760,0.9260,35.0000,160.0000,180.0000,192.1400,1596,clog,main,test,906
8,700,10.9280,1.0410,35.0000,160.0000,180.0000,192.1600,1596,clog,main,test,896
8,710,10.7295,0.9740,35.0000,160.0000,180.0000,191.8300,1596,clog,main,test,886
8,720,10.7240,0.9840,35.0000,160.0000,180.0000,191.1900,1596,clog,main,test,876
8,730,10.6330,0.9510,35.0000,160.0000,180.0000,190.3000,1596,clog,main,test,866
8,740,10.7030,0.9850,35.0000,160.0000,180.0000,190.0000,1596,clog,main,test,856
8,750,10.9025,1.0315,35.0000,160.0000,180.0000,190.0000,1596,clog,main,test,846
8,760,10.8470,1.0370,35.0000,160.0000,180.0000,190.0000,1596,clog,main,test,836
8,770,10.8060,1.0055,35.0000,160.0000,180.0000,190.2200,1596,clog,main,test,826
8,780,10.6980,0.9760,35.0000,160.0300,180.0000,191.2000,1596,clog,main,test,816
8,790,10.6610,0.9660,35.0000,160.1900,180.0000,191.9200,1596,clog,main,test,806
8,800,10.8390,1.0350,35.0000,160.2100,180.0000,191.9800,1596,clog,main,test,796
8,810,10.5990,0.9440,35.0000,160.0600,180.0000,191.6500,1596,clog,main,test,786
8,820,10.6105,0.9490,35.0000,160.0000,180.0000,190.9300,1596,clog,main,test,776
8,830,10.5540,0.9350,35.0200,160.0000,180.0000,190.1300,1596,clog,main,test,766
8,840,10.5270,0.9230,35.1500,160.0000,180.0000,189.9500,1596,clog,main,test,756
8,850,10.4550,0.8970,35.1500,160.0000,180.0000,189.8500,1596,clog,main,test,746
8,860,10.6160,0.9460,35.1300,160.0000,180.0000,190.0000,1596,clog,main,test,736
8,870,10.5280,0.9220,35.1000,160.0000,180.0000,190.2800,1596,clog,main,test,726
8,880,10.4160,0.8910,35.0900,160.0000,180.0000,191.4200,1596,clog,main,test,716
8,890,10.4520,0.8930,35.0000,160.0000,180.0000,192.0900,1596,clog,main,test,706
8,900,10.4680,0.8980,35.0000,160.0000,180.0000,192.0700,1596,clog,main,test,696
8,910,10.7640,0.9900,35.0000,160.0000,180.0000,191.6900,1596,clog,main,test,686
8,920,10.6410,0.9560,35.0000,160.0000,180.0000,191.0300,1596,clog,main,test,676
8,930,10.6720,0.9630,35.0000,160.0000,180.0000,190.2400,1596,clog,main,test,666
8,940,10.6940,0.9700,35.0000,160.0000,180.0000,190.0000,1596,clog,main,test,656
8,950,10.5420,0.9240,35.0700,160.0000,180.0000,189.9200,1596,clog,main,test,646
8,960,10.4610,0.8900,35.1000,160.0000,180.0000,190.0000,1596,clog,main,test,636
8,970,10.4405,0.8830,35.0600,160.0000,180.0000,190.1400,1596,clog,main,test,626
8,980,10.4960,0.9070,35.0000,160.0000,180.0000,191.0700,1596,clog,main,test,616
8,990,10.6680,0.9670,35.0000,160.0000,180.0000,191.8500,1596,clog,main,test,606
8,1000,10.7710,0.9860,35.0100,160.0000,180.0000,191.9400,1596,clog,main,test,596
8,1010,10.9220,1.0450,35.1100,160.0000,180.0000,191.7000,1596,clog,main,test,586
8,1020,10.7700,0.9955,35.1000,160.0000,180.0000,191.1400,1596,clog,main,test,576
8,1030,10.8890,1.0380,35.0100,160.0000,180.0000,190.2500,1596,clog,main,test,566
8,1040,11.0160,1.0830,35.0000,160.0000,180.0000,189.9900,1596,clog,main,test,556
8,1050,10.8990,1.0460,35.0000,160.0000,180.0000,189.7700,1596,clog,main,test,546
8,1060,10.7780,0.9980,35.0000,160.0000,180.0000,189.9400,1596,clog,main,test,536
8,1070,10.9180,1.0575,35.0000,160.0000,180.0000,190.1000,1596,clog,main,test,526
8,1080,10.7620,1.0050,35.1300,160.0000,180.0000,191.0200,1596,clog,main,test,516
8,1090,10.7360,0.9870,35.1500,160.0000,180.0000,191.9500,1596,clog,main,test,506
8,1100,10.6600,0.9710,35.1900,160.0000,180.0000,192.1600,1596,clog,main,test,496
8,1110,10.7320,0.9830,35.2300,160.0000,180.0000,191.8100,1596,clog,main,test,486
8,1120,10.6350,0.9520,35.3000,160.0000,180.0000,191.2700,1596,clog,main,test,476
8,1130,10.5855,0.9370,35.2200,160.0000,180.0000,190.3400,1596,clog,main,test,466
8,1140,10.5940,0.9580,35.2000,160.0000,180.0000,189.9900,1596,clog,main,test,456
8,1150,10.7720,1.0120,35.2000,160.0600,180.0000,189.7500,1596,clog,main,test,446
8,1160,10.7765,1.0025,35.2100,160.1200,180.0000,189.9700,1596,clog,main,test,436
8,1170,10.6670,0.9660,35.2000,160.0000,180.0000,190.1400,1596,clog,main,test,426
8,1180,10.7540,0.9890,35.2000,160.0000,180.0000,191.1200,1596,clog,main,test,416
8,1190,10.8320,1.0140,35.1500,160.0000,180.0000,191.9600,1596,clog,main,test,406
8,1200,10.7225,0.9835,35.1600,160.0000,180.0000,192.1700,1596,clog,main,test,396
8,1210,10.6230,0.9570,35.1700,160.0000,180.0000,191.8200,1596,clog,main,test,386
8,1220,10.6580,0.9640,35.1900,160.0000,180.0000,191.1500,1596,clog,main,test,376
8,1230,10.5480,0.9240,35.1900,160.0000,180.0000,190.2600,1596,clog,main,test,366
8,1240,10.5330,0.9190,35.2000,160.0000,180.0000,189.9900,1596,clog,main,test,356
8,1250,10.7500,0.9880,35.2300,160.0000,180.0000,189.9400,1596,clog,main,test,346
8,1260,10.7435,0.9930,35.2000,160.0000,180.0000,190.0000,1596,clog,main,test,336
8,1270,10.6730,0.9590,35.1800,160.0000,180.0000,190.1900,1596,clog,main,test,326
8,1280,10.8900,1.0370,35.2000,160.0000,180.0000,191.1900,1596,clog,main,test,316
8,1290,10.8850,1.0290,35.2100,160.0000,180.0000,191.9800,1596,clog,main,test,306
8,1300,11.0070,1.0580,35.3000,160.0000,180.0000,192.1200,1596,clog,main,test,296
8,1310,11.2295,1.1485,35.3000,160.0000,180.0000,191.7000,1596,clog,main,test,286
8,1320,11.0250,1.0850,35.3000,160.0000,180.0000,191.1700,1596,clog,main,test,276
8,1330,11.0380,1.0820,35.2900,160.0000,180.0000,190.2800,1596,clog,main,test,266
8,1340,10.8900,1.0370,35.2600,160.0000,180.0000,189.9800,1596,clog,main,test,256
8,1350,10.7960,1.0120,35.2000,160.0000,180.0000,189.7400,1596,clog,main,test,246
8,1360,10.8450,1.0180,35.2100,160.0000,180.0000,189.9100,1596,clog,main,test,236
8,1370,10.8105,1.0185,35.2000,160.0000,180.0000,190.0600,1596,clog,main,test,226
8,1380,10.7910,1.0010,35.2400,160.0000,180.0000,190.9600,1596,clog,main,test,216
8,1390,10.8240,0.9915,35.2300,160.0000,180.0000,191.8700,1596,clog,main,test,206
8,1400,10.8020,1.0010,35.2300,160.0000,180.0000,192.0900,1596,clog,main,test,196
8,1410,10.9130,1.0370,35.3400,160.0000,180.0000,191.9000,1596,clog,main,test,186
8,1420,10.9090,1.0385,35.3200,160.0000,180.0000,191.3600,1596,clog,main,test,176
8,1430,10.9170,1.0350,35.3000,160.0000,180.0000,190.4600,1596,clog,main,test,166
8,1440,10.8190,1.0040,35.2900,160.0000,180.0000,190.0100,1596,clog,main,test,156
8,1450,10.7210,0.9805,35.3000,160.0000,180.0000,190.0000,1596,clog,main,test,146
8,1460,11.0320,1.0770,35.3000,160.0000,180.0000,190.0000,1596,clog,main,test,136
8,1470,10.7730,0.9960,35.2400,160.0000,180.0000,190.0300,1596,clog,main,test,126
8,1480,10.8745,1.0265,35.2600,160.0000,180.0000,190.6800,1596,clog,main,test,116
8,1490,10.9340,1.0450,35.3000,160.0000,180.0000,191.6600,1596,clog,main,test,106
8,1500,11.0005,1.0580,35.4000,160.0000,180.0000,191.9800,1596,clog,main,test,96
8,1510,11.0680,1.0670,35.3100,160.0000,180.0000,191.7900,1596,clog,main,test,86
8,1520,11.2515,1.1415,35.3300,160.0000,180.0000,191.3000,1596,clog,main,test,76
8,1530,11.1750,1.1270,35.4900,160.0000,180.0000,190.4700,1596,clog,main,test,66
8,1540,10.9660,1.0670,35.5100,160.0000,180.0000,190.0100,1596,clog,main,test,56
8,1550,11.0590,1.0820,35.5800,160.0000,180.0000,189.9800,1596,clog,main,test,46
8,1560,10.9905,1.0655,35.6300,160.0000,180.0000,189.9700,1596,clog,main,test,36
8,1570,11.1890,1.1280,35.6700,160.0000,180.0000,190.0100,1596,clog,main,test,26
8,1580,11.3060,1.1675,35.6400,160.0000,180.0000,190.6700,1596,clog,main,test,16
8,1590,11.2980,1.1720,35.7500,160.0000,180.0000,191.6800,1596,clog,main,test,6
9,10,9.7720,0.6980,35.0000,158.3500,180.0000,188.2300,764,clog,main,train,754
9,20,9.7050,0.6850,35.0000,157.9400,180.0000,189.1300,764,clog,main,train,744
9,30,9.7630,0.6950,35.0000,158.2600,180.0000,189.8700,764,clog,main,train,734
9,40,9.5440,0.6250,35.0000,158.8000,180.0000,190.0000,764,clog,main,train,724
9,50,9.5785,0.6275,35.0000,159.1100,180.0000,189.9800,764,clog,main,train,714
9,60,9.5990,0.6340,34.9700,158.7800,180.0000,189.4300,764,clog,main,train,704
9,70,9.6340,0.6480,34.9000,158.2000,180.0000,188.4500,764,clog,main,train,694
9,80,9.6040,0.6340,34.9000,158.1400,180.0000,187.9400,764,clog,main,train,684
9,90,9.6770,0.6580,34.9900,158.5200,180.0000,188.3100,764,clog,main,train,674
9,100,9.6705,0.6620,35.0000,158.7700,180.0000,189.1600,764,clog,main,train,664
9,110,9.5490,0.6280,35.0000,158.7800,180.0000,189.9100,764,clog,main,train,654
9,120,9.5610,0.6300,35.0000,158.7000,180.0000,190.0100,764,clog,main,train,644
9,130,9.5660,0.6310,35.0000,158.7000,180.0000,190.0800,764,clog,main,train,634
9,140,9.5120,0.6170,35.0000,158.6500,180.0000,190.0000,764,clog,main,train,624
9,150,9.5360,0.6070,35.0000,158.6700,180.0000,189.8000,764,clog,main,train,614
9,160,9.5800,0.6390,34.9200,158.8900,180.0000,188.8700,764,clog,main,train,604
9,170,9.5810,0.6380,34.9400,158.9600,180.0000,188.3600,764,clog,main,train,594
9,180,9.7420,0.6860,34.9200,158.9500,180.0000,189.0200,764,clog,main,train,584
9,190,9.6270,0.6480,34.9200,158.9200,180.0000,189.8700,764,clog,main,train,574
9,200,9.6010,0.6310,35.0000,159.0500,180.0000,190.1800,764,clog,main,train,564
9,210,9.6210,0.6450,35.0000,158.9300,180.0000,190.6300,764,clog,main,train,554
9,220,9.6650,0.6540,35.0000,158.9800,180.0000,190.5400,764,clog,main,train,544
9,230,9.7080,0.6880,35.0000,159.0500,180.0000,190.1000,764,clog,main,train,534
9,240,9.6600,0.6710,35.0000,159.1500,180.0000,189.9900,764,clog,main,train,524
9,250,9.6410,0.6585,35.0000,159.1700,180.0000,189.4800,764,clog,main,train,514
9,260,9.7470,0.6850,34.9500,159.2000,180.0000,189.1800,764,clog,main,train,504
9,270,9.7020,0.6840,34.9000,159.2500,180.0000,189.7000,764,clog,main,train,494
9,280,9.6820,0.6820,34.9000,159.3700,180.0000,190.0100,764,clog,main,train,484
9,290,9.9980,0.7625,34.8600,159.4700,180.0000,190.5300,764,clog,main,train,474
9,300,9.9410,0.7565,34.8900,159.4000,180.0000,191.2000,764,clog,main,train,464
9,310,9.9450,0.7540,34.9000,159.4000,180.0000,191.0700,764,clog,main,train,454
9,320,10.2830,0.8650,34.9300,159.4000,180.0000,190.3500,764,clog,main,train,444
9,330,10.2900,0.8600,34.9500,159.4000,180.0000,190.0000,764,clog,main,train,434
9,340,10.4090,0.9070,34.9200,159.5400,180.0000,189.6700,764,clog,main,train,424
9,350,10.6705,0.9890,35.0000,159.6600,180.0000,189.4500,764,clog,main,train,414
9,360,10.4750,0.9240,35.0000,159.8100,180.0000,189.8300,764,clog,main,train,404
9,370,10.4670,0.9320,35.0000,159.9000,180.0000,190.0300,764,clog,main,train,394
9,380,10.4060,0.9000,35.0000,159.6900,180.0000,190.7000,764,clog,main,train,384
9,390,10.3100,0.8725,35.0000,159.5300,180.0000,191.4600,764,clog,main,train,374
9,400,10.2470,0.8550,35.0000,159.6800,180.0000,191.5100,764,clog,main,train,364
9,410,10.2210,0.8505,34.9700,159.9000,180.0000,191.0400,764,clog,main,train,354
9,420,10.3390,0.8980,34.9300,160.0000,180.0000,190.2200,764,clog,main,train,344
9,430,10.2230,0.8600,35.0000,160.0000,180.0000,189.8900,764,clog,main,train,334
9,440,10.4800,0.9350,35.0000,160.0000,180.0000,189.4900,764,clog,main,train,324
9,450,10.4760,0.9500,35.0000,160.0000,180.0000,189.8600,764,clog,main,train,314
9,460,10.4580,0.9290,35.0000,160.0000,180.0000,190.1500,764,clog,main,train,304
9,470,10.6210,0.9870,35.0000,160.0000,180.0000,191.1400,764,clog,main,train,294
9,480,10.5670,0.9780,35.0000,160.0000,180.0000,191.9300,764,clog,main,train,284
9,490,10.6960,1.0060,35.0000,160.0000,180.0000,191.9000,764,clog,main,train,274
9,500,10.8720,1.0750,35.0000,160.0000,180.0000,191.4700,764,clog,main,train,264
9,510,10.9110,1.0950,35.0000,160.0000,180.0000,190.7200,764,clog,main,train,254
9,520,11.2270,1.2100,35.0000,160.0000,180.0000,190.0400,764,clog,main,train,244
9,530,11.0270,1.1370,35.0000,160.0000,180.0000,189.8100,764,clog,main,train,234
9,540,11.1350,1.1550,35.0000,160.0000,180.0000,189.9200,764,clog,main,train,224
9,550,10.8970,1.0900,35.0000,160.0000,180.0000,190.0300,764,clog,main,train,214
9,560,10.8740,1.0870,35.0000,160.0000,180.0000,190.9100,764,clog,main,train,204
9,570,10.8560,1.0830,35.0000,160.0000,180.0000,191.9200,764,clog,main,train,194
9,580,10.8735,1.0730,35.0000,160.0000,180.0000,192.0600,764,clog,main,train,184
9,590,10.7930,1.0670,35.0000,160.0000,180.0000,191.7300,764,clog,main,train,174
9,600,10.8010,1.0740,35.0000,160.0000,180.0000,191.0200,764,clog,main,train,164
9,610,11.0545,1.1530,35.0000,160.0000,180.0000,190.1300,764,clog,main,train,154
9,620,11.1770,1.1795,35.0000,160.0000,180.0000,189.9200,764,clog,main,train,144
9,630,10.9580,1.1010,35.0000,160.0000,180.0000,189.9000,764,clog,main,train,134
9,640,10.8485,1.0645,35.0000,160.0000,180.0000,190.0000,764,clog,main,train,124
9,650,10.9725,1.1165,35.0000,160.0000,180.0000,190.5300,764,clog,main,train,114
9,660,10.7670,1.0380,35.0000,160.0000,180.0000,191.7100,764,clog,main,train,104
9,670,10.7250,1.0355,35.0000,160.0000,180.0000,192.1100,764,clog,main,train,94
9,680,10.9990,1.1060,35.0000,160.0000,180.0000,191.9000,764,clog,main,train,84
9,690,10.9160,1.0950,35.0000,160.0000,180.0000,191.3400,764,clog,main,train,74
9,700,10.9050,1.0810,35.0000,160.0000,180.0000,190.4100,764,clog,main,train,64
9,710,10.7500,1.0230,35.0000,160.0000,180.0000,189.9600,764,clog,main,train,54
9,720,10.6630,1.0060,35.0000,160.0000,180.0000,189.8100,764,clog,main,train,44
9,730,10.7310,1.0170,35.0000,160.0000,180.0000,190.0000,764,clog,main,train,34
9,740,10.8280,1.0630,35.0000,160.0000,180.0000,190.2300,764,clog,main,train,24
9,750,10.7800,1.0400,35.0000,160.0000,180.0000,191.2400,764,clog,main,train,14
9,760,10.8402,1.0648,35.0000,160.0000,180.0000,191.9650,764,clog,main,train,4
10,10,9.5800,0.6470,35.0000,160.0000,180.0000,191.5900,840,clog,main,train,830
10,20,9.6265,0.6515,35.0000,160.0000,180.0000,191.4300,840,clog,main,train,820
10,30,9.6250,0.6455,35.0000,160.0000,180.0000,190.8100,840,clog,main,train,810
10,40,9.4720,0.6050,35.0000,159.9500,180.0000,190.0800,840,clog,main,train,800
10,50,9.4550,0.5940,35.0000,159.9200,180.0000,189.8000,840,clog,main,train,790
10,60,9.4240,0.5790,35.0000,159.9100,180.0000,189.1900,840,clog,main,train,780
10,70,9.3510,0.5590,35.0000,159.5500,180.0000,189.5500,840,clog,main,train,770
10,80,9.3670,0.5700,35.0000,159.3400,180.0000,190.0100,840,clog,main,train,760
10,90,9.4320,0.5870,35.0000,159.6200,180.0000,190.8400,840,clog,main,train,750
10,100,9.4230,0.5700,35.0000,159.9600,180.0000,191.8400,840,clog,main,train,740
10,110,9.4060,0.5810,35.0000,159.9700,180.0000,191.9500,840,clog,main,train,730
10,120,9.4790,0.6030,35.0000,159.5600,180.0000,191.5800,840,clog,main,train,720
10,130,9.6185,0.6490,35.0000,159.2100,180.0000,190.7700,840,clog,main,train,710
10,140,9.7595,0.6950,35.0000,159.1600,180.0000,190.0500,840,clog,main,train,700
10,150,9.8100,0.7170,35.0000,159.1500,180.0000,189.8000,840,clog,main,train,690
10,160,9.6960,0.6770,34.9500,159.4600,180.0000,189.7000,840,clog,main,train,680
10,170,9.8195,0.7165,34.8600,159.5200,180.0000,189.9800,840,clog,main,train,670
10,180,9.9930,0.7780,34.8800,159.2300,180.0000,190.4200,840,clog,main,train,660
10,190,9.9160,0.7430,34.8000,159.1200,180.0000,191.6400,840,clog,main,train,650
10,200,9.9510,0.7590,34.8200,159.3600,180.0000,192.1800,840,clog,main,train,640
10,210,9.9310,0.7610,34.9700,159.6300,180.0000,192.0800,840,clog,main,train,630
10,220,10.0655,0.8040,35.0000,159.4200,180.0000,191.5950,840,clog,main,train,620
10,230,10.0290,0.8045,35.0000,159.2200,180.0000,190.8450,840,clog,main,train,610
10,240,10.1340,0.8250,35.0000,159.3900,180.0000,190.0900,840,clog,main,train,600
10,250,10.2040,0.8250,35.0000,159.7800,180.0000,190.0000,840,clog,main,train,590
10,260,10.5905,0.9605,34.9400,160.0000,180.0000,190.0000,840,clog,main,train,580
10,270,10.5170,0.9405,34.7800,159.9000,180.0000,190.0300,840,clog,main,train,570
10,280,11.0230,1.0990,34.8600,159.5800,180.0000,190.8300,840,clog,main,train,560
10,290,11.0320,1.1220,34.9300,159.6100,180.0000,192.1100,840,clog,main,train,550
10,300,10.8110,1.0520,35.0000,159.9700,180.0000,192.4800,840,clog,main,train,540
10,310,10.9105,1.0675,35.0000,160.0000,180.0000,192.1300,840,clog,main,train,530
10,320,10.9025,1.0520,35.0000,160.0000,180.0000,191.5600,840,clog,main,train,520
10,330,11.0550,1.1020,35.0000,160.0000,180.0000,190.7500,840,clog,main,train,510
10,340,10.7830,1.0080,35.0000,160.0000,180.0000,190.0600,840,clog,main,train,500
10,350,10.5290,0.9430,35.0000,160.0000,180.0000,190.0000,840,clog,main,train,490
10,360,10.5370,0.9370,35.0000,160.0000,180.0000,190.0000,840,clog,main,train,480
10,370,10.5755,0.9430,35.0000,160.0000,180.0000,190.0600,840,clog,main,train,470
10,380,10.5070,0.9350,35.0000,160.0000,180.0000,190.9900,840,clog,main,train,460
10,390,10.6740,0.9870,35.0000,160.0000,180.0000,192.0900,840,clog,main,train,450
10,400,10.9240,1.0640,35.0000,160.0000,180.0000,192.3700,840,clog,main,train,440
10,410,11.0395,1.1220,35.0000,160.0000,180.0000,192.1000,840,clog,main,train,430
10,420,10.8920,1.0580,35.0000,160.0000,180.0000,191.5500,840,clog,main,train,420
10,430,10.9680,1.0800,35.0000,160.0000,180.0000,190.8300,840,clog,main,train,410
10,440,10.8080,1.0310,35.0000,160.0000,180.0000,190.0800,840,clog,main,train,400
10,450,10.7300,1.0030,35.0000,160.0000,180.0000,190.0000,840,clog,main,train,390
10,460,10.7290,1.0070,35.0000,160.0000,180.0000,190.0000,840,clog,main,train,380
10,470,10.7670,1.0110,35.0000,160.0000,180.0000,190.0600,840,clog,main,train,370
10,480,10.8685,1.0480,35.0000,160.0000,180.0000,190.9400,840,clog,main,train,360
10,490,10.9970,1.0840,35.0000,160.0000,180.0000,192.1100,840,clog,main,train,350
10,500,10.9200,1.0580,35.0000,160.0000,180.0000,192.4700,840,clog,main,train,340
10,510,10.8190,1.0305,35.0000,160.0000,180.0000,192.0800,840,clog,main,train,330
10,520,10.8170,1.0270,35.0000,160.0900,180.0000,191.4600,840,clog,main,train,320
10,530,10.8260,1.0355,35.0000,160.0300,180.0000,190.5200,840,clog,main,train,310
10,540,10.8855,1.0675,35.0000,160.0000,180.0000,190.0100,840,clog,main,train,300
10,550,10.9720,1.0780,35.0000,160.0000,180.0000,190.0000,840,clog,main,train,290
10,560,10.9990,1.0880,35.0000,160.0000,180.0000,190.0000,840,clog,main,train,280
10,570,11.0910,1.1180,35.0000,160.0000,180.0000,190.2800,840,clog,main,train,270
10,580,11.1315,1.1355,35.0000,160.0000,180.0000,191.3900,840,clog,main,train,260
10,590,11.0700,1.1150,35.0000,160.0000,180.0000,192.2600,840,clog,main,train,250
10,600,11.0470,1.1060,35.0000,160.0000,180.0000,192.3300,840,clog,main,train,240
10,610,11.0645,1.1035,35.0000,160.0000,180.0000,191.8600,840,clog,main,train,230
10,620,11.0500,1.1065,35.0000,160.0000,180.0000,191.2300,840,clog,main,train,220
10,630,10.9600,1.0870,35.0000,160.0000,180.0000,190.3100,840,clog,main,train,210
10,640,11.0890,1.1170,35.0000,160.0000,180.0000,190.0000,840,clog,main,train,200
10,650,10.9815,1.0885,35.0000,160.0000,180.0000,190.0000,840,clog,main,train,190
10,660,11.2860,1.1905,35.0000,160.0000,180.0000,190.0000,840,clog,main,train,180
10,670,11.3565,1.1875,35.0000,160.0900,180.0000,190.3400,840,clog,main,train,170
10,680,11.2140,1.1460,35.0000,160.1000,180.0000,191.6000,840,clog,main,train,160
10,690,11.1300,1.1365,35.0000,160.0000,180.0000,192.4200,840,clog,main,train,150
10,700,11.1560,1.1340,35.0000,160.0000,180.0000,192.3300,840,clog,main,train,140
10,710,11.1460,1.1370,35.0000,160.0000,180.0000,191.8600,840,clog,main,train,130
10,720,11.0635,1.1220,35.0000,160.0000,180.0000,191.2700,840,clog,main,train,120
10,730,11.0870,1.1150,35.0000,160.0000,180.0000,190.3100,840,clog,main,train,110
10,740,10.9460,1.0810,35.0000,160.0000,180.0000,190.0000,840,clog,main,train,100
10,750,10.8755,1.0565,35.0000,160.0000,180.0000,190.0000,840,clog,main,train,90
10,760,10.9230,1.0850,35.0000,160.0000,180.0000,190.0000,840,clog,main,train,80
10,770,11.1570,1.1400,35.0000,160.0700,180.0000,190.1800,840,clog,main,train,70
10,780,11.1680,1.1430,35.0000,160.0000,180.0000,191.3100,840,clog,main,train,60
10,790,10.9380,1.0830,35.0000,160.0000,180.0000,192.2700,840,clog,main,train,50
10,800,11.0510,1.1170,35.0000,160.0000,180.0000,192.3400,840,clog,main,train,40
10,810,11.0480,1.1190,35.0000,160.0000,180.0000,191.9100,840,clog,main,train,30
10,820,11.0540,1.1090,35.0000,160.0000,180.0000,191.2400,840,clog,main,train,20
10,830,10.9710,1.0800,35.0700,160.0000,180.0000,190.3500,840,clog,main,train,10
10,840,11.1160,1.1310,35.1000,160.0000,180.0000,190.0000,840,clog,main,train,0
11,10,9.8910,0.7240,35.0000,160.0000,180.0000,190.3000,40,burst,burst_extension,excluded,30
11,20,9.9130,0.7205,35.0000,160.0000,180.0000,191.4900,40,burst,burst_extension,excluded,20
11,30,10.1550,0.8120,35.0000,160.0000,180.0000,191.9000,40,burst,burst_extension,excluded,10
11,40,10.6075,0.9575,35.0000,160.0000,180.0000,191.7600,40,burst,burst_extension,excluded,0
12,10,9.3460,0.5680,35.0000,160.0000,180.0000,191.9400,346,clog,main,train,336
12,20,9.4600,0.5960,35.0000,160.0000,180.0000,191.3800,346,clog,main,train,326
12,30,9.5990,0.6240,35.0000,160.0000,180.0000,190.4700,346,clog,main,train,316
12,40,9.7360,0.6680,35.0000,160.0000,180.0000,190.0100,346,clog,main,train,306
12,50,9.7510,0.6800,35.0000,160.0000,180.0000,189.7900,346,clog,main,train,296
12,60,9.9215,0.7345,35.0000,160.0000,180.0000,189.8900,346,clog,main,train,286
12,70,9.9730,0.7535,35.0000,160.0000,180.0000,190.0600,346,clog,main,train,276
12,80,10.0430,0.7830,35.0000,160.0000,180.0000,191.1500,346,clog,main,train,266
12,90,10.5265,0.9375,35.0000,160.0000,180.0000,192.4800,346,clog,main,train,256
12,100,10.8840,1.0580,35.0000,160.0000,180.0000,192.7600,346,clog,main,train,246
12,110,10.6510,0.9680,35.0000,160.0000,180.0000,192.5100,346,clog,main,train,236
12,120,10.8335,1.0205,35.0000,160.0000,180.0000,191.9100,346,clog,main,train,226
12,130,11.2940,1.1460,35.0000,160.0000,180.0000,191.2800,346,clog,main,train,216
12,140,11.4490,1.2270,35.0000,160.0000,180.0000,190.6400,346,clog,main,train,206
12,150,11.2940,1.1585,35.0000,160.0000,180.0000,190.0900,346,clog,main,train,196
12,160,11.2100,1.1330,35.0000,160.0000,180.0000,190.0000,346,clog,main,train,186
12,170,11.2180,1.1250,35.0000,160.0000,180.0000,190.0000,346,clog,main,train,176
12,180,11.2035,1.1270,35.0000,160.0000,180.0000,190.0500,346,clog,main,train,166
12,190,11.1240,1.1150,35.0000,160.0000,180.0000,190.9000,346,clog,main,train,156
12,200,11.3080,1.1685,35.0000,160.0000,180.0000,192.2100,346,clog,main,train,146
12,210,11.4370,1.2190,35.0000,160.0000,180.0000,192.5900,346,clog,main,train,136
12,220,11.3700,1.1920,35.0000,160.0000,180.0000,192.3800,346,clog,main,train,126
12,230,11.3895,1.1995,35.0000,160.0000,180.0000,192.0000,346,clog,main,train,116
12,240,11.2880,1.1670,35.0000,160.0000,180.0000,191.5700,346,clog,main,train,106
12,250,11.2565,1.1400,35.0000,160.0000,180.0000,190.9100,346,clog,main,train,96
12,260,11.2400,1.1310,35.0000,160.0000,180.0000,190.1700,346,clog,main,train,86
12,270,11.2930,1.1450,35.0000,160.0000,180.0000,190.0000,346,clog,main,train,76
12,280,11.2930,1.1545,35.0000,160.0000,180.0000,190.0000,346,clog,main,train,66
12,290,11.2195,1.1280,35.0000,160.0000,180.0000,190.0700,346,clog,main,train,56
12,300,11.2598,1.1580,35.0000,160.0000,180.0000,190.9150,346,clog,main,train,46
12,310,11.1900,1.1360,35.0000,160.0000,180.0000,192.1700,346,clog,main,train,36
12,320,11.2150,1.1255,35.0000,160.0000,180.0000,192.5700,346,clog,main,train,26
12,330,11.1560,1.1340,35.0000,160.0000,180.0000,192.2900,346,clog,main,train,16
12,340,11.1400,1.1060,35.0000,160.0000,180.0000,191.8100,346,clog,main,train,6
13,10,9.7140,0.6920,35.0000,160.0000,180.0000,191.1500,285,clog,main,train,275
13,20,9.8960,0.7165,35.0000,160.0000,180.0000,192.1800,285,clog,main,train,265
13,30,9.9730,0.7540,35.0000,160.0000,180.0000,192.2500,285,clog,main,train,255
13,40,10.0490,0.7660,35.0000,160.0000,180.0000,191.8500,285,clog,main,train,245
13,50,10.1410,0.7990,35.0000,160.0000,180.0000,191.1900,285,clog,main,train,235
13,60,10.5170,0.9250,35.0000,160.0000,180.0000,190.2600,285,clog,main,train,225
13,70,10.6280,0.9560,35.0000,160.0000,180.0000,189.9400,285,clog,main,train,215
13,80,10.7240,0.9710,35.0000,160.0000,180.0000,189.5800,285,clog,main,train,205
13,90,10.7390,0.9820,35.0000,160.0000,180.0000,189.9100,285,clog,main,train,195
13,100,10.8180,1.0060,35.0000,160.0000,180.0000,190.2600,285,clog,main,train,185
13,110,10.8260,1.0160,35.0000,160.0000,180.0000,191.5400,285,clog,main,train,175
13,120,10.7410,0.9910,35.0000,160.0000,180.0000,192.4600,285,clog,main,train,165
13,130,10.6860,0.9630,35.0000,160.0000,180.0000,192.5200,285,clog,main,train,155
13,140,10.8670,1.0060,35.0000,160.0000,180.0000,192.0400,285,clog,main,train,145
13,150,10.5195,0.9145,35.0000,160.0000,180.0000,191.4500,285,clog,main,train,135
13,160,10.5830,0.9240,35.0000,160.0000,180.0000,190.6400,285,clog,main,train,125
13,170,10.8445,1.0045,35.0000,160.0000,180.0000,190.0300,285,clog,main,train,115
13,180,11.0690,1.0800,35.0000,160.0000,180.0000,190.0000,285,clog,main,train,105
13,190,10.9220,1.0370,35.0000,160.0000,180.0000,190.0000,285,clog,main,train,95
13,200,10.8960,1.0230,35.0000,160.0000,180.0000,190.3000,285,clog,main,train,85
13,210,10.8830,1.0240,35.0000,160.0000,180.0000,191.5700,285,clog,main,train,75
13,220,11.0810,1.0910,35.0000,160.0000,180.0000,192.4100,285,clog,main,train,65
13,230,11.1790,1.1170,35.0000,160.0000,180.0000,192.4100,285,clog,main,train,55
13,240,11.1665,1.1095,35.0000,160.0000,180.0000,192.0500,285,clog,main,train,45
13,250,10.9810,1.0540,35.0000,160.0000,180.0000,191.5900,285,clog,main,train,35
13,260,11.0870,1.0770,35.0000,160.0000,180.0000,190.9700,285,clog,main,train,25
13,270,11.0720,1.0795,35.0000,160.0000,180.0000,190.2000,285,clog,main,train,15
13,280,11.2830,1.1670,35.0000,160.0000,180.0000,190.0000,285,clog,main,train,5
14,10,10.1340,0.8160,33.0000,156.7500,180.0000,187.4800,89,burst,burst_extension,excluded,79
14,20,10.0025,0.8020,33.1500,157.0700,180.0000,187.8700,89,burst,burst_extension,excluded,69
14,30,9.9910,0.7850,33.2600,157.4900,180.0000,187.8600,89,burst,burst_extension,excluded,59
14,40,10.1570,0.8365,33.4200,157.4100,180.0000,187.5400,89,burst,burst_extension,excluded,49
14,50,10.3240,0.8515,33.4600,157.4800,180.0200,187.1900,89,burst,burst_extension,excluded,39
14,60,10.1625,0.8620,33.5000,157.6300,180.0600,186.7700,89,burst,burst_extension,excluded,29
14,70,10.5600,0.9540,33.5000,157.9700,180.0000,186.5300,89,burst,burst_extension,excluded,19
14,80,10.5335,0.9465,33.5100,158.0000,180.0000,186.8700,89,burst,burst_extension,excluded,9
15,10,9.4020,0.6420,35.0000,160.0000,180.0000,189.1100,714,clog,main,train,704
15,20,9.4730,0.6390,35.0000,160.0000,180.0000,189.9000,714,clog,main,train,694
15,30,9.4860,0.6390,35.0000,160.0000,180.0000,190.2100,714,clog,main,train,684
15,40,9.4450,0.6260,35.0000,159.9800,180.0000,190.9900,714,clog,main,train,674
15,50,9.4710,0.6530,35.0000,159.8500,180.0000,191.1600,714,clog,main,train,664
15,60,9.6270,0.6940,35.0000,159.7600,180.0000,190.7700,714,clog,main,train,654
15,70,9.7150,0.7330,35.0000,159.8200,180.0000,190.1300,714,clog,main,train,644
15,80,9.6760,0.7050,35.0000,159.9800,180.0000,189.9100,714,clog,main,train,634
15,90,9.7410,0.7400,35.0000,160.0000,180.0000,189.2900,714,clog,main,train,624
15,100,9.7380,0.7320,35.0000,160.0000,180.0000,189.3600,714,clog,main,train,614
15,110,9.7440,0.7280,35.0000,160.0000,180.0000,189.9200,714,clog,main,train,604
15,120,9.9590,0.8000,35.0000,160.0000,180.0000,190.1600,714,clog,main,train,594
15,130,9.9540,0.8030,35.0000,159.8700,180.0000,190.9900,714,clog,main,train,584
15,140,10.1530,0.8550,35.0000,159.7800,180.0000,191.4700,714,clog,main,train,574
15,150,10.0690,0.8380,35.0000,159.9500,180.0000,191.3100,714,clog,main,train,564
15,160,10.2540,0.8875,35.0000,160.0000,180.0000,190.9200,714,clog,main,train,554
15,170,10.5130,0.9590,35.0000,160.0000,180.0000,190.3800,714,clog,main,train,544
15,180,10.5560,0.9525,35.0000,160.0000,180.0000,190.0100,714,clog,main,train,534
15,190,10.4850,0.9740,35.0000,160.0000,180.0000,189.9900,714,clog,main,train,524
15,200,10.8160,1.0210,35.0000,159.9900,180.0000,189.8200,714,clog,main,train,514
15,210,10.5540,0.9835,35.0000,159.9500,180.0000,189.9800,714,clog,main,train,504
15,220,10.7270,1.0080,35.0000,160.0000,180.0000,190.0300,714,clog,main,train,494
15,230,10.8190,1.0520,35.0000,160.0000,180.0000,190.7600,714,clog,main,train,484
15,240,10.8530,1.0480,35.0000,160.0000,180.0000,191.5200,714,clog,main,train,474
15,250,10.9465,1.0800,35.0000,160.0000,180.0000,191.4900,714,clog,main,train,464
15,260,10.8390,1.0550,35.0000,160.0000,180.0000,191.1800,714,clog,main,train,454
15,270,10.9340,1.0970,35.0000,160.0000,180.0000,190.6400,714,clog,main,train,444
15,280,10.9540,1.1000,35.0000,160.0000,180.0000,190.1000,714,clog,main,train,434
15,290,11.0530,1.1360,35.0000,160.0000,180.0000,190.0000,714,clog,main,train,424
15,300,11.0160,1.1220,35.0000,160.0000,180.0000,189.8500,714,clog,main,train,414
15,310,11.0680,1.1180,35.0000,160.0000,180.0000,189.9400,714,clog,main,train,404
15,320,10.8665,1.0820,35.1800,160.0000,180.0000,190.0600,714,clog,main,train,394
15,330,10.9340,1.0750,35.2900,160.0000,180.0000,190.8200,714,clog,main,train,384
15,340,11.0050,1.1060,35.2800,160.0000,180.0000,191.5000,714,clog,main,train,374
15,350,10.9640,1.0900,35.2000,160.0000,180.0000,191.3500,714,clog,main,train,364
15,360,10.8770,1.0680,35.2000,160.0000,180.0000,191.0400,714,clog,main,train,354
15,370,10.8210,1.0620,35.1200,160.0000,180.0000,190.5100,714,clog,main,train,344
15,380,10.7260,1.0180,35.0300,160.0000,180.0000,190.0300,714,clog,main,train,334
15,390,10.7940,1.0180,35.0000,160.0000,180.0000,189.9400,714,clog,main,train,324
15,400,10.9190,1.0725,35.0200,160.0000,180.0000,189.7900,714,clog,main,train,314
15,410,10.9050,1.0870,35.2100,160.0000,180.0000,189.9900,714,clog,main,train,304
15,420,10.8770,1.0600,35.3900,160.0000,180.0000,190.2100,714,clog,main,train,294
15,430,10.7400,1.0400,35.5000,160.0000,180.0000,191.2200,714,clog,main,train,284
15,440,10.8330,1.0425,35.5800,160.0000,180.0000,191.7700,714,clog,main,train,274
15,450,10.9440,1.0800,35.4800,160.0000,180.0000,191.5800,714,clog,main,train,264
15,460,11.1040,1.1180,35.3600,160.0000,180.0000,191.2600,714,clog,main,train,254
15,470,11.0430,1.1140,35.2900,160.0000,180.0000,190.9400,714,clog,main,train,244
15,480,10.9380,1.0910,35.2000,160.0000,180.0000,190.2800,714,clog,main,train,234
15,490,10.9610,1.0870,35.2000,160.0000,180.0000,190.0000,714,clog,main,train,224
15,500,11.0870,1.1180,35.2700,160.0000,180.0000,189.8400,714,clog,main,train,214
15,510,11.0940,1.1120,35.3400,160.0000,180.0000,189.8700,714,clog,main,train,204
15,520,11.0570,1.0980,35.5000,160.0000,180.0000,190.0000,714,clog,main,train,194
15,530,11.2700,1.1860,35.6000,160.0000,180.0000,190.4300,714,clog,main,train,184
15,540,11.2870,1.1910,35.5400,160.0000,180.0000,191.3400,714,clog,main,train,174
15,550,11.2085,1.1560,35.5000,160.0000,180.0000,191.5600,714,clog,main,train,164
15,560,11.1360,1.1480,35.4700,160.0000,180.0000,191.3100,714,clog,main,train,154
15,570,11.1290,1.1400,35.4200,160.0000,180.0000,190.9200,714,clog,main,train,144
15,580,11.3290,1.1690,35.4500,160.0000,180.0000,190.3400,714,clog,main,train,134
15,590,11.1440,1.1260,35.6100,160.0400,180.0000,190.0000,714,clog,main,train,124
15,600,11.2830,1.1870,35.7000,160.2400,180.0000,189.9300,714,clog,main,train,114
15,610,11.2825,1.1655,35.7100,160.0400,180.0000,189.8900,714,clog,main,train,104
15,620,11.3760,1.2050,35.7300,160.0000,180.0000,190.0000,714,clog,main,train,94
15,630,11.4160,1.2040,35.7200,160.0000,180.0000,190.2100,714,clog,main,train,84
15,640,11.4015,1.1960,35.6200,160.0500,180.0000,191.1000,714,clog,main,train,74
15,650,11.2940,1.1680,35.6000,160.2900,180.0000,191.4800,714,clog,main,train,64
15,660,11.1610,1.1470,35.6000,160.0300,180.0000,191.3000,714,clog,main,train,54
15,670,11.3410,1.1840,35.6100,160.0000,180.0000,190.9300,714,clog,main,train,44
15,680,11.2440,1.1490,35.7200,160.0000,180.0000,190.4400,714,clog,main,train,34
15,690,11.1180,1.1395,35.8000,160.0000,180.0000,190.0200,714,clog,main,train,24
15,700,11.1675,1.1515,35.8000,160.0000,180.0000,190.0000,714,clog,main,train,14
15,710,11.5110,1.2390,35.8900,160.0000,180.0000,189.8400,714,clog,main,train,4
16,10,9.7140,0.7070,35.0000,160.0000,180.0000,191.6200,174,burst,burst_extension,excluded,164
16,20,9.8660,0.7710,35.0000,160.0000,180.0000,191.1000,174,burst,burst_extension,excluded,154
16,30,10.2045,0.8930,35.0000,160.0000,180.0000,190.3700,174,burst,burst_extension,excluded,144
16,40,10.2720,0.8790,35.0000,160.0000,180.0000,190.0100,174,burst,burst_extension,excluded,134
16,50,10.2610,0.8750,35.0000,160.0000,180.0000,190.0000,174,burst,burst_extension,excluded,124
16,60,10.5100,0.9550,35.0000,160.0000,180.0000,190.0000,174,burst,burst_extension,excluded,114
16,70,10.6040,0.9880,35.0000,160.0000,180.0000,190.0000,174,burst,burst_extension,excluded,104
16,80,10.5310,0.9700,35.0000,160.0000,180.0000,190.5500,174,burst,burst_extension,excluded,94
16,90,10.5840,0.9860,35.0000,160.0000,180.0000,191.5900,174,burst,burst_extension,excluded,84
16,100,10.5450,0.9750,35.0000,160.0000,180.0000,191.9100,174,burst,burst_extension,excluded,74
16,110,10.8980,1.1010,35.0000,160.0000,180.0000,191.7000,174,burst,burst_extension,excluded,64
16,120,11.0190,1.1130,35.0000,160.0000,180.0000,191.3600,174,burst,burst_extension,excluded,54
16,130,10.9980,1.1090,35.0000,160.0000,180.0000,190.9800,174,burst,burst_extension,excluded,44
16,140,11.0440,1.1180,35.0000,160.0000,180.0000,190.4400,174,burst,burst_extension,excluded,34
16,150,10.8510,1.0720,35.0000,160.0000,180.0000,190.0300,174,burst,burst_extension,excluded,24
16,160,10.8370,1.0710,35.0000,160.0000,180.0000,189.8800,174,burst,burst_extension,excluded,14
16,170,11.0560,1.1180,35.0000,160.0000,180.0000,189.8900,174,burst,burst_extension,excluded,4
17,10,9.3260,0.6150,35.0000,160.0000,180.0000,190.9800,473,clog,main,test,463
17,20,9.3960,0.6170,35.0000,159.9200,180.0000,190.9600,473,clog,main,test,453
17,30,9.3520,0.6210,35.0000,159.9900,180.0000,190.5600,473,clog,main,test,443
17,40,9.4310,0.6280,35.0000,160.0000,180.0000,190.0600,473,clog,main,test,433
17,50,9.4320,0.6150,35.0000,160.0000,180.0000,189.8600,473,clog,main,test,423
17,60,9.3150,0.5990,35.0000,160.0000,180.0000,189.2900,473,clog,main,test,413
17,70,9.3340,0.5960,35.0000,160.0000,180.0000,189.4000,473,clog,main,test,403
17,80,9.3840,0.6020,35.0000,160.0000,180.0000,189.9000,473,clog,main,test,393
17,90,9.4550,0.6250,35.0000,160.0000,180.0000,190.0400,473,clog,main,test,383
17,100,9.4320,0.6260,35.0000,160.0000,180.0000,190.7400,473,clog,main,test,373
17,110,9.5160,0.6490,35.0000,160.0000,180.0000,191.3400,473,clog,main,test,363
17,120,9.4785,0.6275,35.0000,160.0000,180.0000,191.2300,473,clog,main,test,353
17,130,9.4925,0.6440,35.0000,159.9500,180.0000,190.8200,473,clog,main,test,343
17,140,9.5530,0.6570,35.0000,159.9000,180.0000,190.1300,473,clog,main,test,333
17,150,9.6330,0.6810,35.0000,159.9100,180.0000,189.9200,473,clog,main,test,323
17,160,9.5690,0.6690,35.0000,160.0000,180.0000,189.4500,473,clog,main,test,313
17,170,9.6390,0.6900,35.0000,159.9400,180.0000,189.7200,473,clog,main,test,303
17,180,9.7370,0.7250,35.0000,159.8200,180.0000,190.0100,473,clog,main,test,293
17,190,9.6460,0.6980,35.0000,159.8000,180.0000,190.6700,473,clog,main,test,283
17,200,9.6560,0.6920,35.0000,159.9000,180.0000,191.6500,473,clog,main,test,273
17,210,9.7000,0.7010,35.0000,160.0000,180.0000,191.8800,473,clog,main,test,263
17,220,9.7700,0.7350,35.0000,160.0000,180.0000,191.5500,473,clog,main,test,253
17,230,9.8340,0.7440,35.0000,160.0000,180.0000,190.9900,473,clog,main,test,243
17,240,10.0400,0.8250,35.0000,160.0000,180.0000,190.2300,473,clog,main,test,233
17,250,10.1840,0.8490,35.0000,160.0000,180.0000,190.0000,473,clog,main,test,223
17,260,10.3020,0.8870,35.0000,160.0000,180.0000,189.8300,473,clog,main,test,213
17,270,10.2710,0.8725,35.0000,160.0000,180.0000,189.9600,473,clog,main,test,203
17,280,10.1860,0.8540,35.0000,160.0000,180.0000,190.0700,473,clog,main,test,193
17,290,10.2260,0.8885,35.0000,160.0000,180.0000,190.9200,473,clog,main,test,183
17,300,10.3330,0.9015,35.0000,160.0000,180.0000,191.8650,473,clog,main,test,173
17,310,10.6330,0.9850,35.0000,160.0000,180.0000,192.1200,473,clog,main,test,163
17,320,10.7080,1.0220,35.0000,160.0000,180.0000,191.9800,473,clog,main,test,153
17,330,10.7700,1.0460,35.0000,160.0000,180.0000,191.6900,473,clog,main,test,143
17,340,10.6915,1.0135,35.0000,160.0000,180.0000,191.1900,473,clog,main,test,133
17,350,10.7820,1.0400,35.0000,160.0000,180.0000,190.5300,473,clog,main,test,123
17,360,10.6930,1.0050,35.0000,160.0000,180.0000,190.0600,473,clog,main,test,113
17,370,10.6580,1.0030,35.0000,160.0000,180.0000,190.0000,473,clog,main,test,103
17,380,10.5630,0.9790,35.0000,160.0000,180.0000,190.0000,473,clog,main,test,93
17,390,10.7100,1.0320,35.0000,160.0000,180.0000,190.0100,473,clog,main,test,83
17,400,10.7420,1.0350,35.0000,160.0000,180.0000,190.5700,473,clog,main,test,73
17,410,10.8570,1.0660,35.0000,160.0000,180.0000,191.6300,473,clog,main,test,63
17,420,10.9040,1.0810,35.0000,160.0000,180.0000,192.0300,473,clog,main,test,53
17,430,10.8740,1.0705,35.0000,160.0000,180.0000,191.8900,473,clog,main,test,43
17,440,10.9235,1.0950,35.0000,160.0000,180.0000,191.7100,473,clog,main,test,33
17,450,10.7470,1.0480,35.0000,160.0000,180.0000,191.2700,473,clog,main,test,23
17,460,10.9350,1.0950,35.0000,160.0000,180.0000,190.5000,473,clog,main,test,13
17,470,11.1080,1.1530,35.0000,160.0000,180.0000,190.0200,473,clog,main,test,3
18,10,9.6410,0.7070,35.0000,160.0000,180.0000,189.2500,792,clog,main,train,782
18,20,9.4650,0.6370,35.0000,160.0000,180.0000,189.6400,792,clog,main,train,772
18,30,9.5040,0.6310,35.0000,159.8100,180.0000,189.9900,792,clog,main,train,762
18,40,9.4820,0.6300,35.0000,159.5300,180.0000,190.5500,792,clog,main,train,752
18,50,9.4260,0.6140,35.0000,159.8300,180.0000,191.4400,792,clog,main,train,742
18,60,9.3810,0.6190,35.0000,160.0000,180.0000,191.5600,792,clog,main,train,732
18,70,9.3440,0.6070,35.0000,160.0000,180.0000,191.2100,792,clog,main,train,722
18,80,9.4000,0.6130,35.0000,160.0000,180.0000,190.6000,792,clog,main,train,712
18,90,9.4430,0.6320,35.0000,160.0000,180.0000,190.0300,792,clog,main,train,702
18,100,9.6560,0.6920,35.0000,160.0000,180.0000,189.8300,792,clog,main,train,692
18,110,9.6250,0.6980,35.0000,160.0000,180.0000,189.6400,792,clog,main,train,682
18,120,9.8950,0.7790,35.0000,160.0000,180.0000,189.9700,792,clog,main,train,672
18,130,9.9240,0.7840,35.0000,160.0000,180.0000,190.2900,792,clog,main,train,662
18,140,9.8840,0.7660,35.0000,160.0000,180.0000,191.5500,792,clog,main,train,652
18,150,10.0250,0.8250,35.0000,160.0000,180.0000,192.1900,792,clog,main,train,642
18,160,10.1950,0.8820,35.0000,160.0000,180.0000,192.0300,792,clog,main,train,632
18,170,10.3640,0.9290,35.0000,159.9000,180.0000,191.5600,792,clog,main,train,622
18,180,10.5000,0.9660,35.0000,159.7300,180.0000,190.9100,792,clog,main,train,612
18,190,10.5670,0.9960,35.0000,159.8900,180.0000,190.2300,792,clog,main,train,602
18,200,10.8660,1.0830,35.0000,160.0000,180.0000,190.0000,792,clog,main,train,592
18,210,10.7305,1.0465,35.0000,159.7900,180.0000,190.0000,792,clog,main,train,582
18,220,10.8705,1.0920,35.0000,159.7000,180.0000,190.0000,792,clog,main,train,572
18,230,10.9645,1.1165,35.0000,159.8400,180.0000,190.1800,792,clog,main,train,562
18,240,10.7990,1.0580,35.0000,160.0000,180.0000,191.2400,792,clog,main,train,552
18,250,10.7150,1.0390,35.0000,160.0000,180.0000,192.0300,792,clog,main,train,542
18,260,10.8225,1.0655,35.0000,160.0000,180.0000,192.0200,792,clog,main,train,532
18,270,10.9115,1.1020,35.0000,159.7900,180.0000,191.5600,792,clog,main,train,522
18,280,10.6050,1.0010,35.0000,159.7000,180.0000,190.7300,792,clog,main,train,512
18,290,10.7260,1.0240,35.0000,159.9100,180.0000,190.0300,792,clog,main,train,502
18,300,10.7035,1.0400,35.0000,160.0000,180.0000,189.8100,792,clog,main,train,492
18,310,10.6530,1.0310,35.0000,160.0000,180.0000,189.9700,792,clog,main,train,482
18,320,10.7330,1.0500,35.0000,160.0000,180.0000,190.0600,792,clog,main,train,472
18,330,10.7650,1.0550,35.0000,160.0000,180.0000,190.9400,792,clog,main,train,462
18,340,10.6955,1.0280,35.0000,160.0000,180.0000,192.0200,792,clog,main,train,452
18,350,10.8790,1.0855,35.0000,160.0700,180.0000,192.2100,792,clog,main,train,442
18,360,10.7500,1.0630,35.0000,160.0700,180.0000,192.0300,792,clog,main,train,432
18,370,10.8205,1.0760,35.0000,160.0000,180.0000,191.5000,792,clog,main,train,422
18,380,10.8195,1.0735,35.0000,160.0000,180.0000,190.7400,792,clog,main,train,412
18,390,10.9360,1.1160,35.0000,160.0000,180.0000,190.0600,792,clog,main,train,402
18,400,10.9115,1.0995,35.0000,160.0000,180.0000,190.0000,792,clog,main,train,392
18,410,10.7935,1.0665,35.0000,160.0000,180.0000,190.0000,792,clog,main,train,382
18,420,10.8040,1.0720,35.0000,160.0000,180.0000,190.1100,792,clog,main,train,372
18,430,10.8530,1.0830,35.0000,160.0000,180.0000,191.0000,792,clog,main,train,362
18,440,10.9560,1.1210,35.0000,160.0000,180.0000,191.9900,792,clog,main,train,352
18,450,10.8460,1.0890,35.0000,160.0600,180.0000,192.2700,792,clog,main,train,342
18,460,10.9160,1.1120,35.0000,160.0900,180.0000,192.0800,792,clog,main,train,332
18,470,10.7840,1.0700,35.0000,160.0000,180.0000,191.6600,792,clog,main,train,322
18,480,10.9970,1.1340,35.0000,160.0000,180.0000,190.9200,792,clog,main,train,312
18,490,10.8950,1.1130,35.0000,160.0000,180.0000,190.1200,792,clog,main,train,302
18,500,10.7820,1.0780,35.0000,160.0000,180.0000,190.0000,792,clog,main,train,292
18,510,10.7510,1.0700,35.0000,160.0100,180.0000,190.0000,792,clog,main,train,282
18,520,10.9345,1.1070,35.0000,160.1100,180.0000,190.0300,792,clog,main,train,272
18,530,10.8900,1.1040,35.0000,160.1000,180.0000,190.5800,792,clog,main,train,262
18,540,10.8960,1.1100,35.0000,160.0000,180.0000,191.6900,792,clog,main,train,252
18,550,10.9680,1.1285,35.0000,160.0000,180.0000,192.1700,792,clog,main,train,242
18,560,10.9230,1.1100,35.0000,160.0000,180.0000,192.0600,792,clog,main,train,232
18,570,10.9810,1.1360,35.0000,160.0000,180.0000,191.6000,792,clog,main,train,222
18,580,11.0550,1.1650,35.0000,160.0000,180.0000,190.8900,792,clog,main,train,212
18,590,10.9410,1.1120,35.0000,160.0000,180.0000,190.0900,792,clog,main,train,202
18,600,10.8370,1.0940,35.0000,160.0000,180.0000,189.9100,792,clog,main,train,192
18,610,10.7370,1.0500,35.0000,160.0000,180.0000,189.9300,792,clog,main,train,182
18,620,10.7740,1.0660,35.0000,160.0000,180.0000,190.0300,792,clog,main,train,172
18,630,10.8890,1.1055,35.0000,160.0000,180.0000,190.6800,792,clog,main,train,162
18,640,10.8280,1.0900,35.0000,160.0000,180.0000,191.8700,792,clog,main,train,152
18,650,10.8320,1.0930,35.0000,160.0000,180.0000,192.3400,792,clog,main,train,142
18,660,10.8840,1.1020,35.0000,160.0000,180.0000,192.1650,792,clog,main,train,132
18,670,10.8620,1.0990,35.0000,160.0000,180.0000,191.7000,792,clog,main,train,122
18,680,10.7750,1.0763,35.0000,160.0000,180.0000,191.0000,792,clog,main,train,112
18,690,10.8545,1.0938,35.0000,160.0000,180.0000,190.1400,792,clog,main,train,102
18,700,11.0030,1.1290,35.0100,160.0000,180.0000,189.9100,792,clog,main,train,92
18,710,11.0315,1.1440,35.1100,160.0000,180.0000,189.8200,792,clog,main,train,82
18,720,10.7140,1.0435,35.1200,160.0000,180.0000,190.0000,792,clog,main,train,72
18,730,10.6320,1.0390,35.1000,160.0300,180.0000,190.4600,792,clog,main,train,62
18,740,10.5475,1.0125,35.1000,160.1400,180.0000,191.5900,792,clog,main,train,52
18,750,10.6970,1.0430,35.0300,160.0200,180.0000,192.2000,792,clog,main,train,42
18,760,10.6400,1.0400,35.0000,160.0000,180.0000,192.1600,792,clog,main,train,32
18,770,10.6560,1.0420,35.0000,160.0000,180.0000,191.9000,792,clog,main,train,22
18,780,10.7410,1.0730,35.0000,160.0000,180.0000,191.2700,792,clog,main,train,12
18,790,10.6940,1.0630,35.0000,160.0000,180.0000,190.4700,792,clog,main,train,2
19,10,9.5270,0.6330,35.0000,159.8200,180.0000,191.2200,774,clog,main,train,764
19,20,9.4040,0.6130,35.0000,159.9800,180.0000,191.5400,774,clog,main,train,754
19,30,9.3600,0.6060,35.0000,160.0000,180.0000,191.1600,774,clog,main,train,744
19,40,9.3215,0.5875,35.0000,160.0000,180.0000,190.4300,774,clog,main,train,734
19,50,9.2830,0.5690,35.0000,159.9400,180.0000,190.0100,774,clog,main,train,724
19,60,9.3220,0.5780,35.0000,159.7100,180.0000,189.5600,774,clog,main,train,714
19,70,9.2970,0.5740,35.0000,159.5200,180.0000,189.3000,774,clog,main,train,704
19,80,9.3100,0.5740,35.0000,159.5400,180.0000,189.8300,774,clog,main,train,694
19,90,9.2760,0.5600,35.0000,159.6600,180.0000,190.1500,774,clog,main,train,684
19,100,9.2840,0.5640,35.0000,159.9300,180.0000,191.1900,774,clog,main,train,674
19,110,9.3780,0.5980,35.0000,160.0000,180.0000,191.8800,774,clog,main,train,664
19,120,9.3360,0.5920,35.0000,159.8500,180.0000,191.7700,774,clog,main,train,654
19,130,9.3850,0.6020,35.0000,159.2300,180.0000,191.3900,774,clog,main,train,644
19,140,9.4880,0.6250,35.0000,158.9200,180.0000,190.7300,774,clog,main,train,634
19,150,9.4875,0.6455,35.0000,159.0200,180.0000,190.0600,774,clog,main,train,624
19,160,9.5650,0.6620,35.0000,159.3300,180.0000,189.9300,774,clog,main,train,614
19,170,9.6295,0.6835,35.0000,159.7600,180.0000,189.7700,774,clog,main,train,604
19,180,9.6840,0.6870,35.0000,159.9600,180.0000,189.9700,774,clog,main,train,594
19,190,9.7380,0.7090,35.0000,159.5800,180.0000,190.2100,774,clog,main,train,584
19,200,9.7490,0.7140,35.0000,159.2300,180.0000,191.2700,774,clog,main,train,574
19,210,9.7530,0.7190,35.0000,159.5400,180.0000,191.9800,774,clog,main,train,564
19,220,9.8600,0.7440,35.0000,159.9700,180.0000,191.9100,774,clog,main,train,554
19,230,9.6580,0.6880,35.0000,160.0000,180.0000,191.6500,774,clog,main,train,544
19,240,9.6280,0.6830,35.0000,160.0000,180.0000,191.0700,774,clog,main,train,534
19,250,9.8050,0.7310,35.0000,160.0000,180.0000,190.2700,774,clog,main,train,524
19,260,9.7740,0.7270,35.0000,159.9800,180.0000,189.9900,774,clog,main,train,514
19,270,9.8750,0.7550,35.0000,159.7600,180.0000,189.9000,774,clog,main,train,504
19,280,10.0300,0.8170,35.0000,159.7000,180.0000,190.0000,774,clog,main,train,494
19,290,10.2650,0.8830,35.0000,159.8100,180.0000,190.1500,774,clog,main,train,484
19,300,10.1080,0.8420,35.0000,159.9900,180.0000,191.2400,774,clog,main,train,474
19,310,10.3170,0.9030,35.0000,160.0000,180.0000,192.1100,774,clog,main,train,464
19,320,10.4140,0.9220,35.0000,160.0000,180.0000,192.1800,774,clog,main,train,454
19,330,10.2570,0.8730,35.0000,160.0000,180.0000,191.8300,774,clog,main,train,444
19,340,10.1950,0.8530,35.0000,160.0000,180.0000,191.3400,774,clog,main,train,434
19,350,10.4720,0.9450,35.0000,160.0000,180.0000,190.6300,774,clog,main,train,424
19,360,10.8040,1.0500,35.0000,160.0000,180.0000,190.0500,774,clog,main,train,414
19,370,10.4480,0.9330,35.0000,160.0000,180.0000,190.0000,774,clog,main,train,404
19,380,10.4630,0.9420,35.0000,160.0000,180.0000,190.0000,774,clog,main,train,394
19,390,10.5320,0.9540,35.0000,160.0000,180.0000,190.0000,774,clog,main,train,384
19,400,10.4460,0.9350,35.0000,160.0000,180.0000,190.4600,774,clog,main,train,374
19,410,10.5125,0.9735,35.0000,160.0000,180.0000,191.6900,774,clog,main,train,364
19,420,10.4100,0.9190,35.0000,160.0000,180.0000,192.2700,774,clog,main,train,354
19,430,10.5630,0.9730,35.0000,160.0000,180.0000,192.0800,774,clog,main,train,344
19,440,10.5720,0.9770,35.0000,160.0000,180.0000,191.7200,774,clog,main,train,334
19,450,10.6450,0.9990,35.0000,160.0000,180.0000,191.2600,774,clog,main,train,324
19,460,10.6415,1.0030,35.0000,160.1700,180.0000,190.6900,774,clog,main,train,314
19,470,10.5150,0.9610,35.0000,160.0900,180.0000,190.0900,774,clog,main,train,304
19,480,10.5360,0.9650,35.0000,160.0000,180.0000,190.0000,774,clog,main,train,294
19,490,10.6210,0.9860,35.0000,160.0000,180.0000,190.0000,774,clog,main,train,284
19,500,10.6900,1.0150,35.0000,160.0000,180.0000,190.0000,774,clog,main,train,274
19,510,10.8150,1.0560,35.0000,160.0000,180.0000,190.2300,774,clog,main,train,264
19,520,10.7660,1.0390,35.0000,160.0100,180.0000,191.2200,774,clog,main,train,254
19,530,10.9755,1.0970,35.0000,160.0800,180.0000,192.0100,774,clog,main,train,244
19,540,10.8780,1.0740,35.0000,160.0000,180.0000,192.0600,774,clog,main,train,234
19,550,10.8575,1.0710,35.0000,160.0000,180.0000,191.7400,774,clog,main,train,224
19,560,10.6960,1.0260,35.0000,160.1200,180.0000,191.2700,774,clog,main,train,214
19,570,10.6445,1.0030,35.0000,160.2900,180.0000,190.4900,774,clog,main,train,204
19,580,10.7930,1.0600,35.0000,160.0200,180.0000,190.0200,774,clog,main,train,194
19,590,10.8430,1.0750,35.0000,160.0000,180.0000,189.9900,774,clog,main,train,184
19,600,10.8985,1.0975,35.0000,160.0000,180.0000,189.9700,774,clog,main,train,174
19,610,10.9030,1.1030,35.0000,160.0000,180.0000,190.0000,774,clog,main,train,164
19,620,11.0710,1.1540,35.0000,160.0000,180.0000,190.2800,774,clog,main,train,154
19,630,10.7595,1.0580,35.0000,160.0000,180.0000,191.3000,774,clog,main,train,144
19,640,10.7210,1.0360,35.0000,160.0000,180.0000,191.9000,774,clog,main,train,134
19,650,11.0160,1.1280,35.0000,160.0000,180.0000,191.8200,774,clog,main,train,124
19,660,10.8210,1.0725,35.0000,160.0000,180.0000,191.4600,774,clog,main,train,114
19,670,10.8210,1.0660,35.0000,160.0000,180.0000,191.0400,774,clog,main,train,104
19,680,10.8130,1.0600,35.0000,160.0000,180.0000,190.4400,774,clog,main,train,94
19,690,10.6925,1.0485,35.0000,160.0000,180.0000,190.0100,774,clog,main,train,84
19,700,10.7080,1.0410,35.0000,160.0000,180.0000,189.9300,774,clog,main,train,74
19,710,10.7445,1.0560,35.0000,160.0000,180.0000,189.8000,774,clog,main,train,64
19,720,10.8500,1.0750,35.0000,160.0000,180.0000,189.9900,774,clog,main,train,54
19,730,10.9315,1.1140,35.0000,160.0000,180.0000,190.2100,774,clog,main,train,44
19,740,10.7940,1.0808,35.0000,160.0000,180.0000,191.3650,774,clog,main,train,34
19,750,10.8025,1.0822,35.0200,160.0000,180.0000,192.0250,774,clog,main,train,24
19,760,10.7700,1.0720,35.1600,160.0000,180.0000,191.9800,774,clog,main,train,14
19,770,10.7005,1.0485,35.1900,160.0000,180.0000,191.5600,774,clog,main,train,4
20,10,9.3760,0.6110,35.0000,160.0000,180.0000,190.4300,529,clog,main,train,519
20,20,9.3350,0.5900,35.0000,160.0000,180.0000,190.0100,529,clog,main,train,509
20,30,9.3400,0.6000,35.0000,159.9600,180.0000,189.5400,529,clog,main,train,499
20,40,9.3860,0.6235,35.0000,159.7600,180.0000,188.9700,529,clog,main,train,489
20,50,9.3660,0.6180,35.0000,159.8200,180.0000,189.4900,529,clog,main,train,479
20,60,9.3760,0.6020,35.0000,160.0000,180.0000,189.9700,529,clog,main,train,469
20,70,9.4730,0.6440,35.0000,159.9500,180.0000,190.5000,529,clog,main,train,459
20,80,9.4440,0.6250,35.0000,159.6300,180.0000,191.3600,529,clog,main,train,449
20,90,9.5055,0.6545,35.0000,159.4300,180.0000,191.5200,529,clog,main,train,439
20,100,9.5930,0.6700,35.0000,159.5000,180.0000,191.1700,529,clog,main,train,429
20,110,9.5880,0.6740,35.0000,159.7100,180.0000,190.4500,529,clog,main,train,419
20,120,9.5890,0.6930,35.0000,159.8600,180.0000,190.0100,529,clog,main,train,409
20,130,9.8880,0.7800,35.0000,159.9900,180.0000,189.7200,529,clog,main,train,399
20,140,9.9540,0.7980,35.0000,159.9900,180.0000,189.5800,529,clog,main,train,389
20,150,9.9475,0.8075,35.0000,159.7400,180.0000,189.9700,529,clog,main,train,379
20,160,9.8060,0.7620,35.0000,159.4200,180.0000,190.2100,529,clog,main,train,369
20,170,9.8300,0.7610,35.0000,159.4200,180.0000,191.2900,529,clog,main,train,359
20,180,9.7950,0.7510,35.0000,159.7200,180.0000,191.9600,529,clog,main,train,349
20,190,9.8950,0.7930,35.0000,159.9900,180.0000,191.8200,529,clog,main,train,339
20,200,10.0980,0.8560,35.0000,160.0000,180.0000,191.3300,529,clog,main,train,329
20,210,10.0500,0.8460,35.0000,160.0000,180.0000,190.4700,529,clog,main,train,319
20,220,9.9690,0.8230,35.0000,160.0000,180.0000,189.9700,529,clog,main,train,309
20,230,9.9240,0.8080,35.0000,160.0000,180.0000,189.6000,529,clog,main,train,299
20,240,9.9020,0.7820,35.0000,160.0000,180.0000,189.8900,529,clog,main,train,289
20,250,10.0600,0.8300,35.0000,160.0000,180.0000,190.1000,529,clog,main,train,279
20,260,10.0010,0.8150,35.0000,159.9900,180.0000,191.0000,529,clog,main,train,269
20,270,9.9520,0.8060,35.0000,159.8400,180.0000,192.0200,529,clog,main,train,259
20,280,10.0540,0.8350,35.0000,159.9500,180.0000,192.1400,529,clog,main,train,249
20,290,10.2050,0.8895,35.0000,160.0000,180.0000,191.8600,529,clog,main,train,239
20,300,10.2710,0.9070,35.0000,160.0000,180.0000,191.3200,529,clog,main,train,229
20,310,10.2410,0.8940,35.0000,160.0000,180.0000,190.4100,529,clog,main,train,219
20,320,10.3100,0.9200,35.0000,160.0000,180.0000,190.0000,529,clog,main,train,209
20,330,10.2650,0.9020,35.0000,160.0000,180.0000,189.9400,529,clog,main,train,199
20,340,10.4680,0.9720,35.0000,160.0000,180.0000,190.0000,529,clog,main,train,189
20,350,10.4650,0.9630,35.0000,160.0000,180.0000,190.1700,529,clog,main,train,179
20,360,10.5630,1.0095,35.0000,160.0000,180.0000,191.1900,529,clog,main,train,169
20,370,10.4180,0.9570,35.0000,160.0000,180.0000,192.0800,529,clog,main,train,159
20,380,10.3910,0.9490,35.0000,160.0000,180.0000,192.2600,529,clog,main,train,149
20,390,10.4940,0.9910,35.0000,160.0000,180.0000,191.9600,529,clog,main,train,139
20,400,10.6050,1.0180,35.0000,160.0000,180.0000,191.3100,529,clog,main,train,129
20,410,10.5730,1.0260,35.0000,160.0000,180.0000,190.3600,529,clog,main,train,119
20,420,10.5420,1.0240,35.0000,160.0000,180.0000,189.9800,529,clog,main,train,109
20,430,10.5920,1.0320,35.0000,160.0000,180.0000,189.9200,529,clog,main,train,99
20,440,10.5790,1.0450,35.0000,160.0000,180.0000,190.0000,529,clog,main,train,89
20,450,10.5125,1.0195,35.0000,160.0000,180.0000,190.3600,529,clog,main,train,79
20,460,10.4045,0.9925,35.0000,160.0000,180.0000,191.4500,529,clog,main,train,69
20,470,10.3990,1.0000,35.0000,160.0000,180.0000,192.2900,529,clog,main,train,59
20,480,10.4730,1.0350,35.0000,160.0000,180.0000,192.4100,529,clog,main,train,49
20,490,10.4550,1.0100,35.0000,160.0000,180.0000,192.0500,529,clog,main,train,39
20,500,10.5150,1.0440,35.0000,160.0000,180.0000,191.4500,529,clog,main,train,29
20,510,10.5090,1.0380,35.0000,160.0000,180.0000,190.4800,529,clog,main,train,19
20,520,10.6200,1.0420,35.0000,160.0000,180.0000,189.9700,529,clog,main,train,9
21,10,9.4740,0.6180,34.7100,158.1000,180.0000,187.5700,556,clog,main,train,546
21,20,9.5280,0.6340,34.6100,158.2400,180.0000,187.4300,556,clog,main,train,536
21,30,9.4660,0.6080,34.6000,158.2900,180.0000,187.7900,556,clog,main,train,526
21,40,9.4050,0.5870,34.7100,158.0100,180.0000,188.4000,556,clog,main,train,516
21,50,9.3780,0.5830,34.8000,157.7700,180.0000,189.0800,556,clog,main,train,506
21,60,9.4010,0.5750,34.8800,157.8200,180.0000,189.7200,556,clog,main,train,496
21,70,9.4015,0.5715,34.9600,158.1800,180.0000,189.9400,556,clog,main,train,486
21,80,9.3830,0.5830,34.9400,158.2800,180.0000,189.6500,556,clog,main,train,476
21,90,9.5270,0.6420,34.9200,157.9800,180.0000,189.1000,556,clog,main,train,466
21,100,9.5180,0.6190,34.9200,157.7100,180.0000,188.4000,556,clog,main,train,456
21,110,9.5280,0.6220,34.8000,157.7800,180.0000,188.1300,556,clog,main,train,446
21,120,9.4780,0.6120,34.7400,157.9200,180.0000,188.4100,556,clog,main,train,436
21,130,9.4855,0.6160,34.7200,158.1600,180.0000,189.0400,556,clog,main,train,426
21,140,9.6570,0.6800,34.7100,158.2000,180.0000,189.7500,556,clog,main,train,416
21,150,9.8140,0.7140,34.8200,157.9700,180.0000,190.0000,556,clog,main,train,406
21,160,9.7720,0.7140,34.8600,158.1500,180.0000,190.0000,556,clog,main,train,396
21,170,9.7495,0.6935,34.8800,158.6800,180.0000,190.0000,556,clog,main,train,386
21,180,10.0130,0.7920,34.9000,158.7100,180.0000,189.8600,556,clog,main,train,376
21,190,10.0190,0.7790,34.8400,158.7400,180.0000,189.2600,556,clog,main,train,366
21,200,10.1315,0.8265,34.8700,158.5700,180.0000,188.7500,556,clog,main,train,356
21,210,10.1280,0.8270,34.9300,158.4000,180.0000,188.8100,556,clog,main,train,346
21,220,10.0470,0.7980,35.0000,158.5000,180.0000,189.3500,556,clog,main,train,336
21,230,10.1600,0.8370,35.0000,158.7900,180.0000,189.9300,556,clog,main,train,326
21,240,10.2180,0.8550,34.9500,159.2000,180.0000,190.0000,556,clog,main,train,316
21,250,10.2600,0.8640,34.9800,159.5800,180.0000,190.0000,556,clog,main,train,306
21,260,10.3320,0.8840,34.8800,159.4600,180.0000,190.0000,556,clog,main,train,296
21,270,10.3070,0.8800,34.9000,159.0700,180.0000,190.0000,556,clog,main,train,286
21,280,10.4160,0.9110,34.9900,158.8000,180.0000,189.7600,556,clog,main,train,276
21,290,10.2695,0.8760,34.9100,158.9100,180.0000,189.2400,556,clog,main,train,266
21,300,10.1670,0.8390,34.9900,159.5700,180.0000,189.0100,556,clog,main,train,256
21,310,10.6740,1.0120,35.0000,159.9700,180.0000,189.2800,556,clog,main,train,246
21,320,10.7385,1.0020,34.9700,159.8200,180.0000,189.8700,556,clog,main,train,236
21,330,10.6290,0.9720,35.0000,159.6200,180.0000,190.0100,556,clog,main,train,226
21,340,10.6930,0.9990,35.0000,159.8800,180.0000,190.1900,556,clog,main,train,216
21,350,10.6140,0.9735,35.0000,160.0000,180.0000,190.0600,556,clog,main,train,206
21,360,10.6190,0.9690,35.0000,160.0000,180.0000,190.0000,556,clog,main,train,196
21,370,10.6170,0.9700,35.0000,159.7800,180.0000,189.9700,556,clog,main,train,186
21,380,10.5460,0.9520,35.0000,159.4100,180.0000,189.5700,556,clog,main,train,176
21,390,10.7050,1.0050,35.0000,159.2300,180.0000,189.2000,556,clog,main,train,166
21,400,10.8280,1.0350,35.0000,159.5600,180.0000,189.3700,556,clog,main,train,156
21,410,10.6370,0.9845,35.0000,159.7900,180.0000,189.9000,556,clog,main,train,146
21,420,10.6530,0.9940,35.0000,159.7800,180.0000,190.0600,556,clog,main,train,136
21,430,10.7070,1.0200,35.0000,159.7600,180.0000,190.3000,556,clog,main,train,126
21,440,10.7510,1.0410,35.0000,159.9400,180.0000,190.1700,556,clog,main,train,116
21,450,10.6470,0.9980,35.0000,160.0000,180.0000,190.0000,556,clog,main,train,106
21,460,10.6825,1.0315,35.0000,160.0000,180.0000,189.9800,556,clog,main,train,96
21,470,10.7245,1.0300,35.0000,160.0000,180.0000,189.6300,556,clog,main,train,86
21,480,10.7435,1.0420,35.0000,160.0000,180.0000,189.4000,556,clog,main,train,76
21,490,10.7240,1.0360,35.0000,160.0000,180.0000,189.6000,556,clog,main,train,66
21,500,10.8410,1.0790,35.0000,160.0000,180.0000,189.9600,556,clog,main,train,56
21,510,10.8110,1.0710,35.0000,160.0000,180.0000,190.0800,556,clog,main,train,46
21,520,10.9190,1.1180,35.0000,160.0000,180.0000,190.3800,556,clog,main,train,36
21,530,10.7920,1.0910,35.0000,160.0000,180.0000,190.2800,556,clog,main,train,26
21,540,10.6640,1.0290,35.0000,160.0000,180.0000,190.0300,556,clog,main,train,16
21,550,10.7320,1.0535,35.0000,160.0000,180.0000,190.0000,556,clog,main,train,6
22,10,9.6420,0.6770,35.0000,160.0000,180.0000,189.7600,799,clog,main,test,789
22,20,9.5195,0.6235,35.0000,160.0000,180.0000,189.4300,799,clog,main,test,779
22,30,9.4270,0.6070,35.0000,160.0000,180.0000,189.8500,799,clog,main,test,769
22,40,9.3900,0.5940,35.0000,160.0000,180.0000,190.0600,799,clog,main,test,759
22,50,9.4130,0.6025,35.0000,160.0000,180.0000,190.9000,799,clog,main,test,749
22,60,9.3760,0.5820,35.0000,160.0000,180.0000,191.6800,799,clog,main,test,739
22,70,9.3350,0.5730,35.0000,160.0000,180.0000,191.5900,799,clog,main,test,729
22,80,9.3475,0.5700,35.0000,160.0000,180.0000,191.0500,799,clog,main,test,719
22,90,9.4090,0.5960,35.0000,160.0000,180.0000,190.1900,799,clog,main,test,709
22,100,9.4160,0.5890,35.0000,160.0000,180.0000,189.9500,799,clog,main,test,699
22,110,9.3800,0.5830,35.0000,159.9800,180.0000,189.7800,799,clog,main,test,689
22,120,9.5350,0.6330,35.0000,160.0000,180.0000,189.9700,799,clog,main,test,679
22,130,9.5770,0.6565,35.0000,159.9800,180.0000,190.1100,799,clog,main,test,669
22,140,9.5740,0.6360,35.0000,159.9400,180.0000,190.9900,799,clog,main,test,659
22,150,9.5890,0.6410,35.0000,160.0000,180.0000,191.8600,799,clog,main,test,649
22,160,9.5160,0.6240,35.0000,160.0000,180.0000,191.8500,799,clog,main,test,639
22,170,9.5620,0.6350,35.0000,159.9600,180.0000,191.4200,799,clog,main,test,629
22,180,9.5930,0.6570,35.0000,159.9400,180.0000,190.6000,799,clog,main,test,619
22,190,9.6015,0.6650,35.0000,160.0000,180.0000,190.0200,799,clog,main,test,609
22,200,9.6260,0.6640,35.0000,160.0000,180.0000,189.9400,799,clog,main,test,599
22,210,9.6660,0.6575,35.0000,160.0000,180.0000,190.0000,799,clog,main,test,589
22,220,9.7150,0.6910,35.0000,160.0000,180.0000,190.1600,799,clog,main,test,579
22,230,9.8850,0.7420,35.0000,160.0000,180.0000,191.1500,799,clog,main,test,569
22,240,9.9080,0.7580,35.0000,160.0000,180.0000,192.0100,799,clog,main,test,559
22,250,10.0130,0.7880,35.0000,160.0000,180.0000,192.0100,799,clog,main,test,549
22,260,9.9860,0.7770,35.0000,160.0000,180.0000,191.5600,799,clog,main,test,539
22,270,10.1200,0.8160,35.0000,160.0000,180.0000,190.9200,799,clog,main,test,529
22,280,10.0720,0.8050,35.0000,160.0000,180.0000,190.1400,799,clog,main,test,519
22,290,10.2315,0.8680,35.0000,160.0000,180.0000,190.0000,799,clog,main,test,509
22,300,10.3100,0.8870,35.0000,160.0000,180.0000,190.0000,799,clog,main,test,499
22,310,10.3110,0.8830,35.0000,160.0000,180.0000,190.0100,799,clog,main,test,489
22,320,10.3800,0.9000,35.0000,160.0000,180.0000,190.6500,799,clog,main,test,479
22,330,10.5650,0.9690,35.0000,160.0000,180.0000,191.8400,799,clog,main,test,469
22,340,10.5080,0.9410,35.0000,160.0000,180.0000,192.2900,799,clog,main,test,459
22,350,10.7210,0.9980,35.0000,160.0000,180.0000,192.0500,799,clog,main,test,449
22,360,10.5585,0.9570,35.0000,160.0000,180.0000,191.5100,799,clog,main,test,439
22,370,10.5415,0.9390,35.0000,160.0000,180.0000,190.7700,799,clog,main,test,429
22,380,10.7060,0.9870,35.0000,160.0000,180.0000,190.0800,799,clog,main,test,419
22,390,10.4220,0.9050,35.0000,160.0000,180.0000,190.0000,799,clog,main,test,409
22,400,10.6550,0.9740,35.0000,160.0000,180.0000,190.0000,799,clog,main,test,399
22,410,10.8900,1.0510,35.0000,160.0000,180.0000,190.1100,799,clog,main,test,389
22,420,10.9050,1.0650,35.0000,160.0000,180.0000,191.0700,799,clog,main,test,379
22,430,10.7920,1.0450,35.0000,160.0000,180.0000,192.1000,799,clog,main,test,369
22,440,10.8750,1.0650,35.0000,160.0000,180.0000,192.2400,799,clog,main,test,359
22,450,10.8550,1.0450,35.0000,160.0000,180.0000,191.8000,799,clog,main,test,349
22,460,10.6880,0.9940,35.0000,160.0000,180.0000,191.3400,799,clog,main,test,339
22,470,10.7840,1.0250,35.0000,160.0000,180.0000,190.5700,799,clog,main,test,329
22,480,10.8420,1.0410,35.0000,160.0000,180.0000,190.0200,799,clog,main,test,319
22,490,10.9560,1.0775,35.0000,160.0000,180.0000,190.0000,799,clog,main,test,309
22,500,10.7235,1.0050,35.0000,160.0000,180.0000,190.0000,799,clog,main,test,299
22,510,10.8130,1.0290,35.0000,160.0000,180.0000,190.2800,799,clog,main,test,289
22,520,10.6845,0.9835,35.0000,160.0000,180.0000,191.3400,799,clog,main,test,279
22,530,10.6940,0.9880,35.0000,160.0000,180.0000,192.0900,799,clog,main,test,269
22,540,10.7670,1.0320,35.0000,160.0000,180.0000,192.0200,799,clog,main,test,259
22,550,10.9590,1.0950,35.0000,160.0000,180.0000,191.6500,799,clog,main,test,249
22,560,10.7690,1.0260,35.0000,160.0000,180.0000,191.1300,799,clog,main,test,239
22,570,10.7860,1.0120,35.0000,160.0000,180.0000,190.3100,799,clog,main,test,229
22,580,10.6580,0.9830,35.0000,160.0000,180.0000,190.0000,799,clog,main,test,219
22,590,10.6920,0.9970,35.0000,160.0000,180.0000,190.0000,799,clog,main,test,209
22,600,10.7220,1.0060,35.0000,160.0000,180.0000,190.0000,799,clog,main,test,199
22,610,10.7040,1.0065,35.0000,160.0000,180.0000,190.2400,799,clog,main,test,189
22,620,10.6960,1.0070,35.0000,160.0000,180.0000,191.4200,799,clog,main,test,179
22,630,10.8470,1.0580,35.0000,160.0000,180.0000,192.1600,799,clog,main,test,169
22,640,10.8660,1.0750,35.0000,160.0000,180.0000,192.0400,799,clog,main,test,159
22,650,10.9930,1.0960,35.0000,160.0000,180.0000,191.5300,799,clog,main,test,149
22,660,10.9490,1.0910,35.0000,160.0500,180.0000,190.9000,799,clog,main,test,139
22,670,11.0230,1.0960,35.0000,160.0200,180.0000,190.1200,799,clog,main,test,129
22,680,10.8530,1.0460,35.0000,160.0000,180.0000,190.0000,799,clog,main,test,119
22,690,10.7860,1.0370,35.0000,160.0000,180.0000,190.0000,799,clog,main,test,109
22,700,10.8940,1.0680,35.0000,160.0000,180.0000,190.0000,799,clog,main,test,99
22,710,10.9400,1.0840,35.0000,160.0000,180.0000,190.5500,799,clog,main,test,89
22,720,10.9370,1.0650,35.0000,160.0000,180.0000,191.6900,799,clog,main,test,79
22,730,11.1270,1.1290,35.0000,160.0000,180.0000,192.1200,799,clog,main,test,69
22,740,11.0570,1.1150,35.0000,160.0000,180.0000,191.8500,799,clog,main,test,59
22,750,11.0915,1.1365,35.0000,160.0000,180.0000,191.3200,799,clog,main,test,49
22,760,11.0620,1.1210,35.0000,160.0000,180.0000,190.6500,799,clog,main,test,39
22,770,11.0200,1.0940,35.0000,160.0000,180.0000,190.0800,799,clog,main,test,29
22,780,11.1000,1.1550,35.0000,160.0000,180.0000,190.0000,799,clog,main,test,19
22,790,11.1010,1.1360,35.0000,160.0000,180.0000,190.0000,799,clog,main,test,9
23,10,9.5780,0.6615,35.0000,160.0000,180.0000,188.9900,666,clog,main,test,656
23,20,9.5220,0.6300,35.0000,160.0000,180.0000,189.3500,666,clog,main,test,646
23,30,9.5695,0.6415,35.0000,160.0000,180.0000,189.9300,666,clog,main,test,636
23,40,9.4940,0.6260,35.0000,160.0000,180.0000,190.1400,666,clog,main,test,626
23,50,9.4600,0.6090,35.0000,160.0000,180.0000,190.9800,666,clog,main,test,616
23,60,9.4430,0.6140,35.0000,159.9700,180.0000,191.3700,666,clog,main,test,606
23,70,9.4812,0.6213,35.0000,159.9400,180.0000,191.0450,666,clog,main,test,596
23,80,9.4712,0.6232,35.0000,160.0000,180.0000,190.3250,666,clog,main,test,586
23,90,9.4760,0.6330,35.0000,160.0000,180.0000,189.9700,666,clog,main,test,576
23,100,9.5060,0.6240,35.0000,160.0000,180.0000,189.4000,666,clog,main,test,566
23,110,9.5250,0.6320,35.0000,159.9900,180.0000,189.3100,666,clog,main,test,556
23,120,9.4460,0.6120,35.0000,159.8300,180.0000,189.8900,666,clog,main,test,546
23,130,9.4580,0.5970,35.0000,159.8600,180.0000,190.1600,666,clog,main,test,536
23,140,9.4930,0.6030,35.0000,160.0000,180.0000,191.2300,666,clog,main,test,526
23,150,9.4810,0.6130,35.0000,159.9900,180.0000,191.7800,666,clog,main,test,516
23,160,9.4530,0.5930,35.0000,159.7900,180.0000,191.5400,666,clog,main,test,506
23,170,9.4500,0.6200,35.0000,159.7400,180.0000,190.9200,666,clog,main,test,496
23,180,9.5320,0.6360,35.0000,159.9600,180.0000,190.1300,666,clog,main,test,486
23,190,9.7470,0.6930,35.0000,160.0000,180.0000,189.8200,666,clog,main,test,476
23,200,9.7570,0.6980,35.0000,159.9700,180.0000,189.6300,666,clog,main,test,466
23,210,9.7270,0.7000,35.0000,159.8300,180.0000,189.9600,666,clog,main,test,456
23,220,9.6615,0.6795,35.0000,159.8100,180.0000,190.2100,666,clog,main,test,446
23,230,9.9000,0.7450,35.0000,159.9300,180.0000,191.3900,666,clog,main,test,436
23,240,9.8470,0.7360,35.0000,159.8400,180.0000,192.0600,666,clog,main,test,426
23,250,9.8690,0.7350,35.0000,159.7800,180.0000,191.9800,666,clog,main,test,416
23,260,9.8730,0.7465,35.0000,159.9600,180.0000,191.4200,666,clog,main,test,406
23,270,9.9270,0.7610,35.0000,160.0000,180.0000,190.7300,666,clog,main,test,396
23,280,10.0060,0.7930,35.0000,160.0000,180.0000,190.0400,666,clog,main,test,386
23,290,9.9770,0.7765,35.0000,160.0000,180.0000,190.0000,666,clog,main,test,376
23,300,10.0180,0.7910,35.0000,160.0000,180.0000,190.0000,666,clog,main,test,366
23,310,10.1440,0.8230,35.0000,160.0000,180.0000,190.0700,666,clog,main,test,356
23,320,10.1370,0.8330,35.0000,160.0000,180.0000,190.9100,666,clog,main,test,346
23,330,10.1005,0.8190,35.0000,160.0000,180.0000,191.8900,666,clog,main,test,336
23,340,10.0760,0.8015,35.0000,160.0000,180.0000,192.1100,666,clog,main,test,326
23,350,10.3070,0.8820,35.0000,160.0000,180.0000,191.7300,666,clog,main,test,316
23,360,10.1540,0.8300,35.0000,160.0000,180.0000,190.9800,666,clog,main,test,306
23,370,10.1930,0.8410,35.0000,160.0000,180.0000,190.1100,666,clog,main,test,296
23,380,10.1960,0.8410,35.0000,160.0000,180.0000,189.9600,666,clog,main,test,286
23,390,10.3480,0.8930,35.0000,160.0000,180.0000,189.9700,666,clog,main,test,276
23,400,10.4815,0.9250,35.0000,160.0000,180.0000,190.0300,666,clog,main,test,266
23,410,10.4540,0.9200,35.0000,160.0000,180.0000,190.7200,666,clog,main,test,256
23,420,10.1590,0.8350,35.0000,160.0000,180.0000,191.7800,666,clog,main,test,246
23,430,10.2080,0.8490,35.0000,160.0000,180.0000,192.1300,666,clog,main,test,236
23,440,10.3150,0.8830,35.0000,160.0000,180.0000,191.8700,666,clog,main,test,226
23,450,10.3200,0.8760,35.0000,160.0000,180.0000,191.2000,666,clog,main,test,216
23,460,10.2290,0.8420,35.0000,160.0000,180.0000,190.2400,666,clog,main,test,206
23,470,10.1750,0.8370,35.0000,160.0000,180.0000,189.8800,666,clog,main,test,196
23,480,10.4980,0.9430,35.0000,160.0000,180.0000,189.8600,666,clog,main,test,186
23,490,10.4560,0.9400,35.0000,160.0000,180.0000,190.0100,666,clog,main,test,176
23,500,10.6490,0.9830,35.0000,159.9700,180.0000,190.7200,666,clog,main,test,166
23,510,10.4900,0.9420,35.0000,159.6200,180.0000,192.1500,666,clog,main,test,156
23,520,10.5845,0.9610,35.0000,159.4500,180.0000,192.8600,666,clog,main,test,146
23,530,10.4660,0.9260,35.0000,159.6400,180.0000,192.7700,666,clog,main,test,136
23,540,10.4475,0.9325,35.0000,159.9300,180.0000,192.3600,666,clog,main,test,126
23,550,10.3750,0.8990,35.0000,160.0000,180.0000,191.7300,666,clog,main,test,116
23,560,10.4200,0.9330,35.0000,160.0000,180.0000,190.6800,666,clog,main,test,106
23,570,10.4080,0.9140,35.0000,160.0000,180.0000,190.0300,666,clog,main,test,96
23,580,10.5690,0.9550,35.0000,160.0000,180.0000,190.0000,666,clog,main,test,86
23,590,10.6530,0.9990,35.0000,160.0000,180.0000,190.0600,666,clog,main,test,76
23,600,10.6730,0.9860,35.0000,160.0000,180.0000,190.8100,666,clog,main,test,66
23,610,10.7475,1.0115,35.0000,160.0000,180.0000,192.0100,666,clog,main,test,56
23,620,10.7545,1.0230,35.0700,160.0000,180.0000,192.5700,666,clog,main,test,46
23,630,10.6680,0.9950,35.1700,160.0000,180.0000,192.4500,666,clog,main,test,36
23,640,10.6940,0.9920,35.1800,160.0000,180.0000,192.0000,666,clog,main,test,26
23,650,10.6760,0.9940,35.1500,160.0000,180.0000,191.2200,666,clog,main,test,16
23,660,10.7950,1.0450,35.1000,160.0000,180.0000,190.1700,666,clog,main,test,6
24,10,9.5930,0.6280,35.0000,160.0000,180.0000,191.5100,425,clog,main,train,415
24,20,9.6690,0.6700,35.0000,160.0000,180.0000,191.2000,425,clog,main,train,405
24,30,9.6490,0.6460,35.0000,160.0000,180.0000,190.4700,425,clog,main,train,395
24,40,9.6330,0.6200,35.0000,160.0000,180.0000,190.0000,425,clog,main,train,385
24,50,9.5030,0.5960,35.0000,160.0000,180.0000,189.4300,425,clog,main,train,375
24,60,9.4445,0.5845,35.0000,160.0000,180.0000,189.3200,425,clog,main,train,365
24,70,9.4630,0.5880,35.0000,160.0000,180.0000,189.9000,425,clog,main,train,355
24,80,9.4350,0.5750,35.0000,160.0000,180.0000,190.1700,425,clog,main,train,345
24,90,9.4570,0.5730,35.0000,160.0000,180.0000,191.2000,425,clog,main,train,335
24,100,9.5620,0.6140,35.0000,160.0000,180.0000,191.7400,425,clog,main,train,325
24,110,9.6595,0.6380,35.0000,160.0000,180.0000,191.5500,425,clog,main,train,315
24,120,9.5025,0.5975,35.0000,160.0000,180.0000,190.9500,425,clog,main,train,305
24,130,9.5835,0.6240,35.0000,159.9400,180.0000,190.1700,425,clog,main,train,295
24,140,9.6140,0.6180,35.0000,159.9000,180.0000,189.8900,425,clog,main,train,285
24,150,9.6550,0.6350,35.0000,159.9100,180.0000,189.6200,425,clog,main,train,275
24,160,9.7940,0.6830,35.0000,159.9000,180.0000,189.9300,425,clog,main,train,265
24,170,9.8010,0.7000,35.0000,159.9000,180.0000,190.1500,425,clog,main,train,255
24,180,9.8870,0.7160,35.0000,159.8400,180.0000,191.2400,425,clog,main,train,245
24,190,9.7490,0.6660,35.0000,159.8100,180.0000,191.9600,425,clog,main,train,235
24,200,9.6950,0.6510,35.0000,159.8000,180.0000,191.8800,425,clog,main,train,225
24,210,9.8380,0.7000,35.0000,159.8900,180.0000,191.4400,425,clog,main,train,215
24,220,9.8990,0.7230,35.0000,159.8200,180.0000,190.6500,425,clog,main,train,205
24,230,9.9900,0.7580,35.0000,159.8400,180.0000,190.0400,425,clog,main,train,195
24,240,10.1050,0.7920,35.0000,159.9400,180.0000,189.8800,425,clog,main,train,185
24,250,10.1690,0.8090,35.0000,159.9900,180.0000,189.9100,425,clog,main,train,175
24,260,10.1990,0.8180,35.0000,159.9900,180.0000,190.0300,425,clog,main,train,165
24,270,10.3630,0.8810,35.0000,160.0000,180.0000,190.8500,425,clog,main,train,155
24,280,10.1170,0.7955,35.0000,160.0000,180.0000,191.9800,425,clog,main,train,145
24,290,10.4120,0.8830,35.0000,160.0000,180.0000,192.2300,425,clog,main,train,135
24,300,10.4950,0.9180,35.0000,160.0000,180.0000,191.9600,425,clog,main,train,125
24,310,10.4080,0.8810,35.0000,160.0000,180.0000,191.3800,425,clog,main,train,115
24,320,10.5320,0.9120,35.0000,160.0000,180.0000,190.4900,425,clog,main,train,105
24,330,10.5750,0.9200,35.0000,160.0000,180.0000,190.0100,425,clog,main,train,95
24,340,10.7250,0.9770,35.0000,160.0000,180.0000,190.0000,425,clog,main,train,85
24,350,10.6620,0.9520,35.0000,160.0000,180.0000,190.0000,425,clog,main,train,75
24,360,10.7630,0.9830,35.0000,160.0000,180.0000,190.2900,425,clog,main,train,65
24,370,10.9030,1.0185,35.0000,160.0000,180.0000,191.5000,425,clog,main,train,55
24,380,11.1795,1.1145,35.0000,160.0000,180.0000,192.3100,425,clog,main,train,45
24,390,11.2020,1.1150,35.0000,160.0000,180.0000,192.3400,425,clog,main,train,35
24,400,11.1465,1.1170,35.0000,160.0000,180.0000,191.8700,425,clog,main,train,25
24,410,11.2240,1.1415,35.0000,160.0000,180.0000,191.2700,425,clog,main,train,15
24,420,11.3420,1.1700,35.0000,160.0000,180.0000,190.4800,425,clog,main,train,5
25,10,9.5060,0.6200,35.0000,160.0000,180.0000,189.1800,353,clog,main,train,343
25,20,9.5120,0.6030,35.0000,160.0000,180.0000,189.9100,353,clog,main,train,333
25,30,9.5630,0.6280,35.0000,160.0000,180.0000,190.2100,353,clog,main,train,323
25,40,9.5490,0.6200,35.0000,160.0000,180.0000,191.0500,353,clog,main,train,313
25,50,9.4880,0.6070,35.0000,160.0000,180.0000,191.3400,353,clog,main,train,303
25,60,9.4730,0.5980,35.0000,160.0000,180.0000,190.8900,353,clog,main,train,293
25,70,9.5570,0.6320,35.0000,159.9100,180.0000,190.1300,353,clog,main,train,283
25,80,9.5410,0.6170,35.0000,159.8000,180.0000,189.7900,353,clog,main,train,273
25,90,9.6440,0.6490,35.0000,159.7900,180.0000,189.1800,353,clog,main,train,263
25,100,9.6970,0.6710,35.0000,159.6400,180.0000,189.5000,353,clog,main,train,253
25,110,9.8030,0.6960,35.0000,159.4200,180.0000,189.9700,353,clog,main,train,243
25,120,9.7900,0.6960,35.0000,159.4200,180.0000,190.3800,353,clog,main,train,233
25,130,9.9960,0.7590,35.0000,159.5200,180.0000,191.4700,353,clog,main,train,223
25,140,10.0765,0.7900,35.0000,159.5000,180.0000,191.7900,353,clog,main,train,213
25,150,10.0990,0.8010,35.0000,159.5000,180.0000,191.5400,353,clog,main,train,203
25,160,10.2850,0.8490,35.0000,159.4800,180.0000,190.9300,353,clog,main,train,193
25,170,10.2705,0.8635,35.0000,159.5000,180.0000,190.1300,353,clog,main,train,183
25,180,10.2790,0.8490,35.0000,159.5000,180.0000,189.8800,353,clog,main,train,173
25,190,10.4390,0.9100,35.0000,159.4900,180.0000,189.7600,353,clog,main,train,163
25,200,10.4000,0.8930,35.0000,159.4000,180.0000,189.9800,353,clog,main,train,153
25,210,10.5360,0.9300,35.0000,159.5000,180.0000,190.1500,353,clog,main,train,143
25,220,10.3320,0.8710,35.0000,159.7000,180.0000,191.1500,353,clog,main,train,133
25,230,10.2740,0.8440,35.0000,159.7000,180.0000,192.0300,353,clog,main,train,123
25,240,10.3495,0.8755,35.0000,159.7800,180.0000,192.0300,353,clog,main,train,113
25,250,10.3420,0.8810,35.0000,159.7900,180.0000,191.5200,353,clog,main,train,103
25,260,10.4890,0.9130,35.0000,159.8900,180.0000,190.6500,353,clog,main,train,93
25,270,10.7720,1.0220,35.0000,159.9300,180.0000,190.0200,353,clog,main,train,83
25,280,10.7220,1.0000,35.0000,159.8300,180.0000,190.0000,353,clog,main,train,73
25,290,10.7110,0.9860,35.0000,159.9300,180.0000,190.0000,353,clog,main,train,63
25,300,10.7395,1.0015,35.0000,160.0000,180.0000,190.1300,353,clog,main,train,53
25,310,10.7515,1.0110,35.0000,160.0000,180.0000,191.1400,353,clog,main,train,43
25,320,10.5670,0.9450,35.0000,160.0000,180.0000,192.0800,353,clog,main,train,33
25,330,10.7480,1.0035,35.0000,160.0000,180.0000,192.1800,353,clog,main,train,23
25,340,10.7370,1.0110,35.0000,160.0000,180.0000,191.7100,353,clog,main,train,13
25,350,10.8305,1.0270,35.0000,160.0000,180.0000,191.0200,353,clog,main,train,3
26,10,9.4530,0.6000,35.0000,160.0000,180.0000,191.5800,204,clog,main,train,194
26,20,9.6100,0.6620,35.0000,160.0000,180.0000,191.1200,204,clog,main,train,184
26,30,9.5990,0.6440,35.0000,160.0000,180.0000,190.3800,204,clog,main,train,174
26,40,9.7870,0.7190,35.0000,160.0000,180.0000,190.0000,204,clog,main,train,164
26,50,10.1970,0.8280,35.0000,160.0000,180.0000,189.7600,204,clog,main,train,154
26,60,10.6920,1.0120,35.0000,160.0000,180.0000,189.8500,204,clog,main,train,144
26,70,10.7560,1.0220,35.0000,160.0000,180.0000,190.0100,204,clog,main,train,134
26,80,10.6300,0.9790,35.0000,160.0000,180.0000,190.7000,204,clog,main,train,124
26,90,10.5280,0.9440,35.0000,160.0000,180.0000,191.8200,204,clog,main,train,114
26,100,10.4465,0.9190,35.0000,160.0000,180.0000,192.1200,204,clog,main,train,104
26,110,10.5880,0.9570,35.0000,160.0000,180.0000,191.7100,204,clog,main,train,94
26,120,10.9645,1.0855,35.0000,160.0000,180.0000,191.0200,204,clog,main,train,84
26,130,11.0690,1.1200,35.0000,160.0000,180.0000,190.2600,204,clog,main,train,74
26,140,10.9580,1.0910,35.0000,160.0000,180.0000,190.0000,204,clog,main,train,64
26,150,11.1000,1.1270,35.0000,160.0000,180.0000,190.0000,204,clog,main,train,54
26,160,10.9940,1.0950,35.0000,160.0000,180.0000,190.0000,204,clog,main,train,44
26,170,11.2230,1.1670,35.0000,160.0000,180.0000,190.0100,204,clog,main,train,34
26,180,11.0825,1.1240,35.0000,160.0000,180.0000,190.6200,204,clog,main,train,24
26,190,11.0660,1.1130,35.0000,160.0000,180.0000,191.7100,204,clog,main,train,14
26,200,11.0860,1.1300,35.0000,160.0000,180.0000,192.1200,204,clog,main,train,4
27,10,10.3910,0.9200,35.0000,160.0000,180.0000,189.4900,18,burst,burst_extension,excluded,8
28,10,9.3120,0.5760,35.0000,160.0000,180.0000,191.5400,221,clog,main,train,211
28,20,9.4300,0.6010,35.0000,160.0000,180.0000,192.2500,221,clog,main,train,201
28,30,9.4060,0.5930,35.0000,160.0000,180.0000,192.2000,221,clog,main,train,191
28,40,9.4340,0.5990,35.0000,160.0000,180.0000,191.8200,221,clog,main,train,181
28,50,9.5440,0.6400,35.0000,160.0000,180.0000,191.2200,221,clog,main,train,171
28,60,9.6510,0.6740,35.0000,160.0000,180.0000,190.3000,221,clog,main,train,161
28,70,9.8900,0.7500,35.0000,159.9700,180.0000,189.9700,221,clog,main,train,151
28,80,10.0340,0.7830,35.0000,159.8900,180.0000,189.8200,221,clog,main,train,141
28,90,10.1680,0.8370,35.0000,159.8000,180.0000,189.9800,221,clog,main,train,131
28,100,10.3220,0.8845,35.0000,159.8800,180.0000,190.3500,221,clog,main,train,121
28,110,10.2370,0.8600,35.0000,159.9000,180.0000,191.7400,221,clog,main,train,111
28,120,10.6600,0.9940,35.0000,159.9000,180.0000,192.6100,221,clog,main,train,101
28,130,10.7350,1.0210,35.0000,159.9000,180.0000,192.6400,221,clog,main,train,91
28,140,10.6140,0.9760,35.0000,159.9800,180.0000,192.1100,221,clog,main,train,81
28,150,10.9280,1.0660,35.0000,160.0000,180.0000,191.4900,221,clog,main,train,71
28,160,11.0820,1.1470,35.0000,160.0000,180.0000,190.6500,221,clog,main,train,61
28,170,10.9700,1.0920,35.0000,160.0000,180.0000,190.0300,221,clog,main,train,51
28,180,10.7500,1.0250,35.0000,160.0000,180.0000,190.0000,221,clog,main,train,41
28,190,10.7950,1.0390,35.0000,160.0000,180.0000,190.0000,221,clog,main,train,31
28,200,11.1770,1.1430,35.0000,160.0000,180.0000,190.2200,221,clog,main,train,21
28,210,11.1150,1.1340,35.0000,160.0000,180.0000,191.4500,221,clog,main,train,11
28,220,11.1725,1.1470,35.0000,160.0000,180.0000,192.5100,221,clog,main,train,1
29,10,10.2000,0.5220,35.0000,160.0000,180.0000,190.0000,866,clog,time_mismatch,excluded,856
29,20,10.2630,0.5425,35.0000,159.9500,180.0000,189.9800,866,clog,time_mismatch,excluded,846
29,30,10.2940,0.5590,35.0000,159.6300,180.0000,189.6700,866,clog,time_mismatch,excluded,836
29,40,10.3480,0.5670,35.0000,159.2200,180.0000,189.6900,866,clog,time_mismatch,excluded,826
29,50,10.2950,0.5540,35.0000,159.0200,180.0000,189.9800,866,clog,time_mismatch,excluded,816
29,60,10.3030,0.5550,35.0000,159.0800,180.0000,190.0000,866,clog,time_mismatch,excluded,806
29,70,10.2860,0.5490,35.0000,159.3400,180.0000,190.0000,866,clog,time_mismatch,excluded,796
29,80,10.2770,0.5470,35.0000,159.5800,180.0000,190.0000,866,clog,time_mismatch,excluded,786
29,90,10.3500,0.5680,35.0000,159.5700,180.0000,190.0000,866,clog,time_mismatch,excluded,776
29,100,10.3330,0.5630,35.0000,159.4100,180.0000,190.0000,866,clog,time_mismatch,excluded,766
29,110,10.3240,0.5590,35.0000,159.2100,180.0000,190.0000,866,clog,time_mismatch,excluded,756
29,120,10.3310,0.5570,35.0000,159.2400,180.0000,189.9700,866,clog,time_mismatch,excluded,746
29,130,10.3660,0.5790,35.0000,159.4400,180.0000,189.7500,866,clog,time_mismatch,excluded,736
29,140,10.4080,0.5830,35.0000,159.5800,180.0000,189.8600,866,clog,time_mismatch,excluded,726
29,150,10.3860,0.5810,35.0000,159.3700,180.0000,190.0000,866,clog,time_mismatch,excluded,716
29,160,10.4340,0.5960,35.0000,159.2500,180.0000,190.0000,866,clog,time_mismatch,excluded,706
29,170,10.4145,0.5865,35.0000,159.5900,180.0000,190.0000,866,clog,time_mismatch,excluded,696
29,180,10.4775,0.6180,35.0000,159.9200,180.0000,190.0000,866,clog,time_mismatch,excluded,686
29,190,10.4960,0.6190,35.0000,159.9900,180.0000,190.0000,866,clog,time_mismatch,excluded,676
29,200,10.5010,0.6190,35.0000,159.8600,180.0000,190.0000,866,clog,time_mismatch,excluded,666
29,210,10.5300,0.6310,35.0000,159.6500,180.0000,190.0000,866,clog,time_mismatch,excluded,656
29,220,10.5320,0.6280,35.0000,159.6500,180.0000,190.0000,866,clog,time_mismatch,excluded,646
29,230,10.5930,0.6530,35.0000,159.8800,180.0000,190.0000,866,clog,time_mismatch,excluded,636
29,240,10.6175,0.6500,35.0000,160.0000,180.0000,189.9700,866,clog,time_mismatch,excluded,626
29,250,10.5860,0.6430,35.0000,160.0000,180.0000,190.0000,866,clog,time_mismatch,excluded,616
29,260,10.6300,0.6730,35.0000,160.0000,180.0000,190.0000,866,clog,time_mismatch,excluded,606
29,270,10.5960,0.6470,35.0000,160.0000,180.0000,190.0000,866,clog,time_mismatch,excluded,596
29,280,10.6130,0.6550,35.0000,160.0000,180.0000,190.0000,866,clog,time_mismatch,excluded,586
29,290,10.5020,0.6180,35.0000,160.0000,180.0000,190.0800,866,clog,time_mismatch,excluded,576
29,300,10.6200,0.6560,35.0000,160.0000,180.0000,190.0800,866,clog,time_mismatch,excluded,566
29,310,10.6240,0.6590,35.0000,160.0000,180.0000,190.0000,866,clog,time_mismatch,excluded,556
29,320,10.6860,0.6850,35.0000,160.0000,180.0000,190.0000,866,clog,time_mismatch,excluded,546
29,330,10.7420,0.6940,35.0000,160.0000,180.0000,189.9600,866,clog,time_mismatch,excluded,536
29,340,10.7450,0.6890,35.0000,160.0000,180.0000,189.7100,866,clog,time_mismatch,excluded,526
29,350,10.7520,0.7020,35.0000,160.0000,180.0000,189.8600,866,clog,time_mismatch,excluded,516
29,360,10.8360,0.7280,35.0000,160.0000,180.0000,190.0000,866,clog,time_mismatch,excluded,506
29,370,10.7200,0.6980,35.0000,160.0000,180.0000,190.0000,866,clog,time_mismatch,excluded,496
29,380,10.6965,0.6765,35.0000,160.0000,180.0000,190.2400,866,clog,time_mismatch,excluded,486
29,390,10.6530,0.6650,35.0000,160.0000,180.0000,190.4100,866,clog,time_mismatch,excluded,476
29,400,10.5700,0.6365,35.0000,160.0000,180.0000,190.3400,866,clog,time_mismatch,excluded,466
29,410,10.6390,0.6630,35.0000,160.0000,180.0000,190.0600,866,clog,time_mismatch,excluded,456
29,420,10.8100,0.7220,35.0000,160.0000,180.0000,190.0000,866,clog,time_mismatch,excluded,446
29,430,10.8210,0.7210,35.0000,160.0000,180.0000,189.9600,866,clog,time_mismatch,excluded,436
29,440,10.7350,0.6910,35.0000,160.2200,180.0000,189.7100,866,clog,time_mismatch,excluded,426
29,450,10.7610,0.7030,35.0000,160.2500,180.0000,189.9100,866,clog,time_mismatch,excluded,416
29,460,10.8400,0.7330,35.0000,160.0700,180.0000,190.0000,866,clog,time_mismatch,excluded,406
29,470,10.7725,0.6985,35.0000,160.0000,180.0000,190.0000,866,clog,time_mismatch,excluded,396
29,480,10.7600,0.7035,35.0000,160.0000,180.0000,190.0500,866,clog,time_mismatch,excluded,386
29,490,11.0400,0.7940,35.0000,160.0000,180.0000,190.2400,866,clog,time_mismatch,excluded,376
29,500,11.2350,0.8480,35.0000,160.0000,180.0000,190.2700,866,clog,time_mismatch,excluded,366
29,510,11.1590,0.8205,35.0000,160.0000,180.0000,190.2600,866,clog,time_mismatch,excluded,356
29,520,11.0385,0.7960,35.0000,160.2400,180.0000,190.0800,866,clog,time_mismatch,excluded,346
29,530,11.1340,0.8165,35.0000,160.3300,180.0000,190.0000,866,clog,time_mismatch,excluded,336
29,540,10.9380,0.7510,35.0000,160.1300,180.0000,189.9500,866,clog,time_mismatch,excluded,326
29,550,11.0130,0.7770,35.0000,160.0000,180.0000,189.6400,866,clog,time_mismatch,excluded,316
29,560,10.9710,0.7680,35.0000,160.0300,180.0000,189.7900,866,clog,time_mismatch,excluded,306
29,570,10.8530,0.7340,35.0000,160.1300,180.0000,190.0000,866,clog,time_mismatch,excluded,296
29,580,10.9150,0.7570,35.0000,160.1900,180.0000,190.0000,866,clog,time_mismatch,excluded,286
29,590,11.0775,0.8005,35.0000,160.1700,180.0000,190.2200,866,clog,time_mismatch,excluded,276
29,600,11.1210,0.8250,35.0000,160.1600,180.0000,190.4300,866,clog,time_mismatch,excluded,266
29,610,11.0520,0.7980,35.0000,160.2500,180.0000,190.3500,866,clog,time_mismatch,excluded,256
29,620,11.0910,0.8160,35.0000,160.3800,180.0000,190.0600,866,clog,time_mismatch,excluded,246
29,630,11.1540,0.8280,35.0000,160.4000,180.0000,190.0000,866,clog,time_mismatch,excluded,236
29,640,11.2035,0.8435,35.0000,160.2800,180.0000,189.9900,866,clog,time_mismatch,excluded,226
29,650,11.2050,0.8535,35.0000,160.1600,180.0000,189.7100,866,clog,time_mismatch,excluded,216
29,660,11.2125,0.8530,35.0000,160.1300,180.0000,189.6600,866,clog,time_mismatch,excluded,206
29,670,11.2035,0.8500,35.0000,160.1400,180.0000,189.9400,866,clog,time_mismatch,excluded,196
29,680,11.2600,0.8630,35.0000,160.2400,180.0000,190.0000,866,clog,time_mismatch,excluded,186
29,690,11.2820,0.8720,35.0000,160.3500,180.0000,190.1100,866,clog,time_mismatch,excluded,176
29,700,11.4280,0.9295,35.0000,160.3700,180.0000,190.3700,866,clog,time_mismatch,excluded,166
29,710,11.5230,0.9500,35.0000,160.1800,180.0000,190.3200,866,clog,time_mismatch,excluded,156
29,720,11.5580,0.9680,35.0000,160.2000,180.0000,190.1900,866,clog,time_mismatch,excluded,146
29,730,11.8240,1.0530,35.0000,160.4700,180.0000,190.0200,866,clog,time_mismatch,excluded,136
29,740,11.7040,1.0120,35.0000,160.5400,180.0000,190.0000,866,clog,time_mismatch,excluded,126
29,750,11.6890,1.0050,35.0000,160.3100,180.0000,190.0000,866,clog,time_mismatch,excluded,116
29,760,11.8480,1.0560,35.0000,160.1000,180.0000,190.0000,866,clog,time_mismatch,excluded,106
29,770,11.9950,1.0940,35.0100,160.1600,180.0000,190.0000,866,clog,time_mismatch,excluded,96
29,780,11.9880,1.1100,35.1300,160.3900,180.0000,190.0000,866,clog,time_mismatch,excluded,86
29,790,12.1660,1.1640,35.1700,160.6500,180.0000,190.0000,866,clog,time_mismatch,excluded,76
29,800,12.0020,1.1080,35.1000,160.7400,180.0000,190.0000,866,clog,time_mismatch,excluded,66
29,810,11.9070,1.0820,35.0200,160.6800,180.0000,190.1900,866,clog,time_mismatch,excluded,56
30,10,10.7010,0.6950,35.0000,160.0000,180.0000,190.0000,326,burst,burst_extension,excluded,316
30,20,10.6540,0.6780,35.0000,160.0000,180.0000,190.0000,326,burst,burst_extension,excluded,306
30,30,10.7440,0.7060,35.0000,160.0000,180.0000,189.9600,326,burst,burst_extension,excluded,296
30,40,10.7340,0.7030,35.0000,159.8800,180.0000,189.7600,326,burst,burst_extension,excluded,286
30,50,10.6420,0.6740,35.0000,159.7200,180.0000,189.8200,326,burst,burst_extension,excluded,276
30,60,10.6770,0.6860,35.0000,159.8000,180.0000,189.9900,326,burst,burst_extension,excluded,266
30,70,10.6010,0.6620,35.0000,159.9800,180.0000,190.0000,326,burst,burst_extension,excluded,256
30,80,10.6390,0.6720,35.0000,160.0000,180.0000,190.0400,326,burst,burst_extension,excluded,246
30,90,10.8760,0.7470,35.0000,160.0000,180.0000,190.2700,326,burst,burst_extension,excluded,236
30,100,10.8270,0.7300,35.0000,160.0000,180.0000,190.3500,326,burst,burst_extension,excluded,226
30,110,10.8680,0.7350,35.0000,159.9900,180.0000,190.1200,326,burst,burst_extension,excluded,216
30,120,11.0160,0.7985,35.0000,159.9900,180.0000,190.0000,326,burst,burst_extension,excluded,206
30,130,11.0690,0.8080,35.0000,160.0000,180.0000,189.7600,326,burst,burst_extension,excluded,196
30,140,11.0770,0.8040,35.0000,160.0000,180.0000,189.4700,326,burst,burst_extension,excluded,186
30,150,10.9890,0.7740,35.0000,160.0000,180.0000,189.7800,326,burst,burst_extension,excluded,176
30,160,10.9940,0.7850,35.0000,160.0000,180.0000,190.0000,326,burst,burst_extension,excluded,166
30,170,11.0420,0.8040,35.0000,160.0000,180.0000,190.1100,326,burst,burst_extension,excluded,156
30,180,11.0800,0.8150,35.0000,160.0000,180.0000,190.7200,326,burst,burst_extension,excluded,146
30,190,11.0540,0.8100,35.0000,159.9200,180.0000,190.8800,326,burst,burst_extension,excluded,136
30,200,10.9850,0.7850,35.0000,159.9200,180.0000,190.6300,326,burst,burst_extension,excluded,126
30,210,10.9120,0.7600,35.0000,160.0000,180.0000,190.2200,326,burst,burst_extension,excluded,116
30,220,10.9490,0.7825,35.0000,160.0000,180.0000,190.0000,326,burst,burst_extension,excluded,106
30,230,11.2610,0.8790,35.0000,160.0000,180.0000,189.7200,326,burst,burst_extension,excluded,96
30,240,11.2280,0.8660,35.0000,160.0000,180.0000,189.5400,326,burst,burst_extension,excluded,86
30,250,11.2480,0.8640,35.0000,160.0000,180.0000,189.9000,326,burst,burst_extension,excluded,76
30,260,11.2690,0.8700,35.0000,159.9900,180.0000,190.0000,326,burst,burst_extension,excluded,66
30,270,11.5050,0.9600,35.0000,160.0000,180.0000,190.2600,326,burst,burst_extension,excluded,56
30,280,11.6510,0.9960,35.0000,160.0000,180.0000,190.9000,326,burst,burst_extension,excluded,46
30,290,11.6810,1.0050,35.0000,160.0000,180.0000,191.1000,326,burst,burst_extension,excluded,36
30,300,11.6610,0.9960,35.0000,160.0000,180.0000,190.7700,326,burst,burst_extension,excluded,26
30,310,11.4790,0.9420,35.0000,160.0000,180.0000,190.2800,326,burst,burst_extension,excluded,16
30,320,11.5490,0.9600,35.0000,160.0000,180.0000,190.0000,326,burst,burst_extension,excluded,6
31,10,10.4240,0.6025,35.0000,160.0000,180.0000,189.4200,201,burst,burst_extension,excluded,191
31,20,10.4150,0.5930,35.0000,160.0000,180.0000,188.9200,201,burst,burst_extension,excluded,181
31,30,10.4160,0.5870,35.0000,160.0000,180.0000,189.3500,201,burst,burst_extension,excluded,171
31,40,10.4050,0.5880,35.0000,160.0000,180.0000,189.9300,201,burst,burst_extension,excluded,161
31,50,10.4380,0.5970,35.0000,159.9400,180.0000,190.0900,201,burst,burst_extension,excluded,151
31,60,10.5850,0.6370,35.0000,159.7100,180.0000,190.7700,201,burst,burst_extension,excluded,141
31,70,10.5120,0.6150,35.0000,159.6100,180.0000,191.0900,201,burst,burst_extension,excluded,131
31,80,10.5290,0.6290,35.0000,159.6700,180.0000,190.8500,201,burst,burst_extension,excluded,121
31,90,10.5780,0.6450,35.0000,159.9400,180.0000,190.2900,201,burst,burst_extension,excluded,111
31,100,10.6210,0.6520,35.0000,159.9600,180.0000,189.9900,201,burst,burst_extension,excluded,101
31,110,10.7030,0.6780,35.0000,159.7200,180.0000,189.5000,201,burst,burst_extension,excluded,91
31,120,10.7755,0.6980,35.0000,159.5200,180.0000,189.2500,201,burst,burst_extension,excluded,81
31,130,10.7190,0.6770,35.0000,159.7000,180.0000,189.7300,201,burst,burst_extension,excluded,71
31,140,10.7290,0.6910,35.0000,159.9800,180.0000,190.0000,201,burst,burst_extension,excluded,61
31,150,10.8490,0.7270,35.0000,160.0000,180.0000,190.3600,201,burst,burst_extension,excluded,51
31,160,11.1350,0.8190,35.0000,160.0000,180.0000,191.2200,201,burst,burst_extension,excluded,41
31,170,11.1090,0.8050,35.0000,159.9200,180.0000,191.4000,201,burst,burst_extension,excluded,31
31,180,11.2300,0.8490,35.0000,159.7500,180.0000,191.1700,201,burst,burst_extension,excluded,21
31,190,11.1440,0.8345,35.0000,159.9200,180.0000,190.7400,201,burst,burst_extension,excluded,11
31,200,11.2220,0.8570,35.0000,160.0000,180.0000,190.1300,201,burst,burst_extension,excluded,1
32,10,10.3550,0.5770,35.0000,160.0000,180.0000,189.9600,470,burst,burst_extension,excluded,460
32,20,10.5855,0.6480,35.0000,160.0000,180.0000,189.7100,470,burst,burst_extension,excluded,450
32,30,10.5160,0.6170,35.0000,160.0000,180.0000,189.8100,470,burst,burst_extension,excluded,440
32,40,10.5120,0.6130,35.0000,160.0000,180.0000,189.9900,470,burst,burst_extension,excluded,430
32,50,10.5440,0.6190,35.0000,159.9900,180.0000,190.0000,470,burst,burst_extension,excluded,420
32,60,10.4440,0.5990,35.0000,159.8900,180.0000,190.3200,470,burst,burst_extension,excluded,410
32,70,10.4470,0.5960,35.0000,159.7500,180.0000,190.8300,470,burst,burst_extension,excluded,400
32,80,10.5470,0.6370,35.0000,159.6500,180.0000,190.7700,470,burst,burst_extension,excluded,390
32,90,10.4500,0.5980,35.0000,159.6900,180.0000,190.3600,470,burst,burst_extension,excluded,380
32,100,10.5570,0.6330,35.0000,159.5800,180.0000,190.0100,470,burst,burst_extension,excluded,370
32,110,10.5210,0.6295,35.0000,159.5000,180.0000,189.5900,470,burst,burst_extension,excluded,360
32,120,10.5020,0.6250,35.0000,159.4000,180.0000,189.3400,470,burst,burst_extension,excluded,350
32,130,10.5155,0.6230,35.0000,159.4000,180.0000,189.8400,470,burst,burst_extension,excluded,340
32,140,10.5620,0.6430,35.0000,159.4800,180.0000,190.0300,470,burst,burst_extension,excluded,330
32,150,10.4830,0.6170,35.0000,159.5000,180.0000,190.6500,470,burst,burst_extension,excluded,320
32,160,10.5610,0.6380,35.0000,159.5400,180.0000,191.3800,470,burst,burst_extension,excluded,310
32,170,10.5550,0.6360,35.0000,159.5700,180.0000,191.4400,470,burst,burst_extension,excluded,300
32,180,10.5620,0.6380,35.0000,159.4000,180.0000,191.0100,470,burst,burst_extension,excluded,290
32,190,10.6380,0.6640,35.0000,159.4900,180.0000,190.2900,470,burst,burst_extension,excluded,280
32,200,10.6380,0.6640,35.0000,159.5300,180.0000,189.9200,470,burst,burst_extension,excluded,270
32,210,10.7480,0.6960,35.0000,159.6500,180.0000,189.4500,470,burst,burst_extension,excluded,260
32,220,10.8530,0.7300,35.0000,159.7000,180.0000,189.6800,470,burst,burst_extension,excluded,250
32,230,10.8000,0.7130,35.0000,159.6100,180.0000,189.9900,470,burst,burst_extension,excluded,240
32,240,10.7910,0.7190,35.0000,159.5000,180.0000,190.4800,470,burst,burst_extension,excluded,230
32,250,10.8230,0.7210,35.0000,159.5500,180.0000,191.5100,470,burst,burst_extension,excluded,220
32,260,10.7350,0.6910,35.0000,159.6300,180.0000,191.7300,470,burst,burst_extension,excluded,210
32,270,10.6885,0.6775,35.0000,159.8000,180.0000,191.4700,470,burst,burst_extension,excluded,200
32,280,10.7000,0.6810,35.0000,159.8800,180.0000,190.9000,470,burst,burst_extension,excluded,190
32,290,10.7770,0.7080,35.0000,159.9000,180.0000,190.1300,470,burst,burst_extension,excluded,180
32,300,10.7390,0.6910,35.0000,159.9000,180.0000,189.8700,470,burst,burst_extension,excluded,170
32,310,10.7100,0.6910,35.0000,159.9800,180.0000,189.6800,470,burst,burst_extension,excluded,160
32,320,10.8310,0.7280,35.0000,160.0000,180.0000,189.9700,470,burst,burst_extension,excluded,150
32,330,10.9150,0.7570,35.0000,160.0000,180.0000,190.1200,470,burst,burst_extension,excluded,140
32,340,11.1620,0.8320,35.0000,160.0000,180.0000,190.9300,470,burst,burst_extension,excluded,130
32,350,11.2150,0.8440,35.0000,160.0000,180.0000,191.6400,470,burst,burst_extension,excluded,120
32,360,11.1690,0.8350,35.0000,160.0000,180.0000,191.6500,470,burst,burst_extension,excluded,110
32,370,11.1120,0.8175,35.0000,160.0000,180.0000,191.2600,470,burst,burst_extension,excluded,100
32,380,11.2040,0.8440,35.0000,160.0000,180.0000,190.6700,470,burst,burst_extension,excluded,90
32,390,11.1770,0.8400,35.0000,160.0000,180.0000,190.0600,470,burst,burst_extension,excluded,80
32,400,11.2595,0.8630,35.0000,160.0000,180.0000,189.8800,470,burst,burst_extension,excluded,70
32,410,11.3330,0.8910,35.0000,160.0000,180.0000,189.7900,470,burst,burst_extension,excluded,60
32,420,11.2580,0.8720,35.0000,160.0000,180.0000,190.0000,470,burst,burst_extension,excluded,50
32,430,11.2030,0.8470,35.0000,160.0000,180.0000,190.1900,470,burst,burst_extension,excluded,40
32,440,11.0615,0.8080,35.0000,160.0000,180.0000,191.0500,470,burst,burst_extension,excluded,30
32,450,11.0450,0.8010,35.0000,160.0000,180.0000,191.7100,470,burst,burst_extension,excluded,20
32,460,11.2740,0.8845,35.0000,160.0000,180.0000,191.6600,470,burst,burst_extension,excluded,10
32,470,11.6430,1.0085,35.0000,160.0000,180.0000,191.3100,470,burst,burst_extension,excluded,0
33,10,10.3490,0.5810,35.0000,160.0000,180.0000,189.7700,695,clog,main,train,685
33,20,10.4440,0.6010,35.0000,160.0000,180.0000,190.0000,695,clog,main,train,675
33,30,10.4240,0.5970,35.0000,160.0000,180.0000,190.2600,695,clog,main,train,665
33,40,10.4680,0.6150,35.0000,160.0000,180.0000,191.0300,695,clog,main,train,655
33,50,10.4010,0.5780,35.0000,160.0000,180.0000,191.2400,695,clog,main,train,645
33,60,10.4250,0.5850,35.0000,160.0000,180.0000,190.7700,695,clog,main,train,635
33,70,10.4410,0.5980,35.0000,160.0000,180.0000,190.0800,695,clog,main,train,625
33,80,10.4620,0.6010,35.0000,160.0000,180.0000,189.7100,695,clog,main,train,615
33,90,10.5140,0.6280,35.0000,160.0000,180.0000,189.3700,695,clog,main,train,605
33,100,10.4820,0.6140,35.0000,160.0000,180.0000,189.7800,695,clog,main,train,595
33,110,10.4790,0.6115,35.0000,160.0000,180.0000,190.0000,695,clog,main,train,585
33,120,10.4170,0.5900,35.0000,160.0000,180.0000,190.4400,695,clog,main,train,575
33,130,10.3640,0.5820,35.0000,160.0000,180.0000,191.2400,695,clog,main,train,565
33,140,10.4540,0.6050,35.0000,160.0000,180.0000,191.4900,695,clog,main,train,555
33,150,10.4680,0.6130,35.0000,159.8500,180.0000,191.1600,695,clog,main,train,545
33,160,10.4550,0.6060,35.0000,159.7200,180.0000,190.4400,695,clog,main,train,535
33,170,10.4440,0.6020,35.0000,159.7900,180.0000,189.9800,695,clog,main,train,525
33,180,10.4730,0.6170,35.0000,159.9100,180.0000,189.5700,695,clog,main,train,515
33,190,10.5050,0.6270,35.0000,159.9800,180.0000,189.7200,695,clog,main,train,505
33,200,10.5090,0.6255,35.0000,159.7800,180.0000,189.9900,695,clog,main,train,495
33,210,10.6220,0.6620,35.0000,159.7000,180.0000,190.3900,695,clog,main,train,485
33,220,10.6900,0.6900,35.0000,159.7000,180.0000,191.3200,695,clog,main,train,475
33,230,10.7410,0.6980,35.0000,159.7500,180.0000,191.7800,695,clog,main,train,465
33,240,10.5950,0.6540,35.0000,159.8300,180.0000,191.6600,695,clog,main,train,455
33,250,10.5840,0.6500,35.0000,159.8800,180.0000,191.1400,695,clog,main,train,445
33,260,10.6980,0.6890,35.0000,159.9000,180.0000,190.3100,695,clog,main,train,435
33,270,10.7290,0.6990,35.0000,160.0000,180.0000,189.9500,695,clog,main,train,425
33,280,10.7280,0.6970,35.0000,160.0000,180.0000,189.7600,695,clog,main,train,415
33,290,10.7180,0.6930,35.0000,160.0000,180.0000,189.9700,695,clog,main,train,405
33,300,10.9210,0.7590,35.0000,160.0000,180.0000,190.1300,695,clog,main,train,395
33,310,10.8900,0.7520,35.0000,160.0000,180.0000,191.0900,695,clog,main,train,385
33,320,10.8140,0.7200,35.0000,160.0000,180.0000,191.9400,695,clog,main,train,375
33,330,10.9020,0.7470,35.0000,160.0000,180.0000,192.0600,695,clog,main,train,365
33,340,10.9570,0.7750,35.0000,160.0000,180.0000,191.7200,695,clog,main,train,355
33,350,11.0845,0.8230,35.0000,160.0000,180.0000,191.0800,695,clog,main,train,345
33,360,11.2200,0.8500,35.0000,160.0000,180.0000,190.3100,695,clog,main,train,335
33,370,11.3040,0.8800,35.0000,160.0000,180.0000,189.9800,695,clog,main,train,325
33,380,11.1075,0.8215,35.0000,160.0000,180.0000,189.9300,695,clog,main,train,315
33,390,11.1720,0.8350,35.0000,160.0000,180.0000,190.0000,695,clog,main,train,305
33,400,11.1730,0.8480,35.0000,160.0000,180.0000,190.3200,695,clog,main,train,295
33,410,11.1230,0.8250,35.0000,160.0000,180.0000,191.3700,695,clog,main,train,285
33,420,11.0415,0.8005,35.0000,160.0000,180.0000,192.0500,695,clog,main,train,275
33,430,11.0590,0.8020,35.0000,160.0000,180.0000,192.0900,695,clog,main,train,265
33,440,11.2160,0.8660,35.0000,160.0000,180.0000,191.7400,695,clog,main,train,255
33,450,11.3400,0.8920,35.0000,160.0000,180.0000,191.2300,695,clog,main,train,245
33,460,11.5240,0.9640,35.0000,160.0000,180.0000,190.4700,695,clog,main,train,235
33,470,11.3180,0.8880,35.0000,160.0000,180.0000,190.0100,695,clog,main,train,225
33,480,11.2450,0.8620,35.0000,160.0000,180.0000,190.0000,695,clog,main,train,215
33,490,11.3650,0.9080,35.0000,160.0000,180.0000,190.0000,695,clog,main,train,205
33,500,11.5250,0.9470,35.0000,160.0000,180.0000,190.0900,695,clog,main,train,195
33,510,11.4760,0.9460,35.0000,160.0000,180.0000,190.8300,695,clog,main,train,185
33,520,11.6630,1.0040,35.0000,160.0000,180.0000,191.7500,695,clog,main,train,175
33,530,11.6010,0.9830,35.0000,160.0000,180.0000,191.9900,695,clog,main,train,165
33,540,11.4285,0.9155,35.0000,160.0000,180.0000,191.7900,695,clog,main,train,155
33,550,11.5810,0.9810,35.0000,160.0000,180.0000,191.3200,695,clog,main,train,145
33,560,11.7635,1.0245,35.0000,160.0000,180.0000,190.7400,695,clog,main,train,135
33,570,11.6535,1.0035,35.0000,160.0000,180.0000,190.1000,695,clog,main,train,125
33,580,11.4945,0.9600,35.0000,160.0000,180.0000,190.0000,695,clog,main,train,115
33,590,11.6060,0.9950,35.0000,160.0000,180.0000,189.9600,695,clog,main,train,105
33,600,11.5825,0.9755,35.0000,160.0000,180.0000,190.0000,695,clog,main,train,95
33,610,11.6050,1.0010,35.0000,160.0600,180.0000,190.3900,695,clog,main,train,85
33,620,11.7320,1.0340,35.0000,160.1600,180.0000,191.5100,695,clog,main,train,75
33,630,11.6780,1.0050,35.0000,160.1000,180.0000,192.0400,695,clog,main,train,65
33,640,11.5490,0.9760,35.0000,160.0400,180.0000,191.9600,695,clog,main,train,55
33,650,11.5440,0.9685,35.0000,160.0000,180.0000,191.6300,695,clog,main,train,45
33,660,11.5685,0.9895,35.0000,160.0500,180.0000,191.1400,695,clog,main,train,35
33,670,11.4890,0.9620,35.0000,160.1400,180.0000,190.3400,695,clog,main,train,25
33,680,11.6325,1.0150,35.0000,160.0600,180.0000,190.0000,695,clog,main,train,15
33,690,11.7770,1.0450,35.0000,160.0000,180.0000,189.9600,695,clog,main,train,5
34,10,10.5210,0.6470,35.0000,160.0000,180.0000,190.4200,857,clog,main,train,847
34,20,10.4820,0.6220,35.0000,159.9900,180.0000,190.0100,857,clog,main,train,837
34,30,10.4910,0.6200,35.0000,159.9300,180.0000,189.6500,857,clog,main,train,827
34,40,10.3950,0.5900,35.0000,160.0000,180.0000,189.2700,857,clog,main,train,817
34,50,10.3720,0.5835,35.0000,160.0000,180.0000,189.7700,857,clog,main,train,807
34,60,10.3910,0.5890,35.0000,160.0000,180.0000,190.0000,857,clog,main,train,797
34,70,10.3870,0.5930,35.0000,159.8200,180.0000,190.3700,857,clog,main,train,787
34,80,10.4210,0.5930,35.0000,159.5800,180.0000,191.1500,857,clog,main,train,777
34,90,10.3360,0.5670,35.0000,159.3900,180.0000,191.3600,857,clog,main,train,767
34,100,10.3670,0.5810,35.0000,159.4600,180.0000,190.9400,857,clog,main,train,757
34,110,10.4090,0.5960,35.0000,159.6900,180.0000,190.1700,857,clog,main,train,747
34,120,10.3670,0.5810,35.0000,159.6600,180.0000,189.7900,857,clog,main,train,737
34,130,10.3040,0.5650,35.0000,159.4700,180.0000,189.4200,857,clog,main,train,727
34,140,10.3160,0.5685,35.0000,159.4000,180.0000,189.8400,857,clog,main,train,717
34,150,10.3445,0.5805,35.0000,159.5200,180.0000,190.0100,857,clog,main,train,707
34,160,10.3760,0.5880,35.0000,159.5000,180.0000,190.6000,857,clog,main,train,697
34,170,10.4305,0.6070,35.0000,159.4000,180.0000,191.4700,857,clog,main,train,687
34,180,10.4910,0.6240,35.0000,159.3000,180.0000,191.6800,857,clog,main,train,677
34,190,10.4810,0.6160,35.0000,159.2100,180.0000,191.3200,857,clog,main,train,667
34,200,10.4830,0.6270,35.0000,159.4500,180.0000,190.5600,857,clog,main,train,657
34,210,10.5530,0.6360,35.0000,159.6800,180.0000,189.9700,857,clog,main,train,647
34,220,10.5440,0.6400,35.0000,159.6200,180.0000,189.4900,857,clog,main,train,637
34,230,10.5680,0.6510,35.0000,159.3600,180.0000,189.7100,857,clog,main,train,627
34,240,10.5820,0.6620,35.0000,159.2100,180.0000,190.0100,857,clog,main,train,617
34,250,10.5810,0.6590,35.0000,159.3000,180.0000,190.5600,857,clog,main,train,607
34,260,10.6340,0.6710,35.0000,159.4600,180.0000,191.6700,857,clog,main,train,597
34,270,10.6020,0.6700,35.0000,159.6600,180.0000,192.1000,857,clog,main,train,587
34,280,10.6540,0.6780,35.0000,159.7500,180.0000,191.9200,857,clog,main,train,577
34,290,10.7120,0.6940,35.0000,159.6200,180.0000,191.4200,857,clog,main,train,567
34,300,10.5615,0.6465,35.0000,159.4500,180.0000,190.5900,857,clog,main,train,557
34,310,10.6410,0.6780,35.0000,159.3700,180.0000,190.0200,857,clog,main,train,547
34,320,10.6290,0.6690,35.0000,159.6500,180.0000,189.8300,857,clog,main,train,537
34,330,10.6985,0.6890,35.0000,159.9200,180.0000,189.9700,857,clog,main,train,527
34,340,10.7050,0.7000,35.0000,160.0000,180.0000,190.1200,857,clog,main,train,517
34,350,10.6800,0.6870,35.0000,160.0000,180.0000,191.0200,857,clog,main,train,507
34,360,10.7775,0.7225,35.0000,159.9600,180.0000,191.8800,857,clog,main,train,497
34,370,10.8015,0.7295,35.0000,159.8500,180.0000,192.0700,857,clog,main,train,487
34,380,11.1530,0.8370,35.0000,159.8200,180.0000,191.7600,857,clog,main,train,477
34,390,11.2260,0.8750,35.0000,159.9300,180.0000,191.3200,857,clog,main,train,467
34,400,11.2050,0.8660,35.0000,160.0000,180.0000,190.5500,857,clog,main,train,457
34,410,11.0610,0.8060,35.0000,160.0000,180.0000,190.0100,857,clog,main,train,447
34,420,11.0370,0.8020,35.0000,160.0000,180.0000,189.8200,857,clog,main,train,437
34,430,10.9540,0.7740,35.0000,160.0000,180.0000,189.9700,857,clog,main,train,427
34,440,10.9940,0.7830,35.0000,160.0000,180.0000,190.0700,857,clog,main,train,417
34,450,10.9620,0.7740,35.0000,160.0000,180.0000,190.9300,857,clog,main,train,407
34,460,10.9855,0.7940,35.0000,160.0000,180.0000,191.9300,857,clog,main,train,397
34,470,11.2530,0.8780,35.0000,160.0000,180.0000,192.1800,857,clog,main,train,387
34,480,11.4840,0.9390,35.0000,160.0000,180.0000,191.9800,857,clog,main,train,377
34,490,11.3760,0.9060,35.0000,160.0000,180.0000,191.5800,857,clog,main,train,367
34,500,11.4570,0.9360,35.0000,160.0000,180.0000,190.9400,857,clog,main,train,357
34,510,11.3460,0.8970,35.0000,160.0000,180.0000,190.1700,857,clog,main,train,347
34,520,11.2050,0.8580,35.0000,160.0000,180.0000,189.9800,857,clog,main,train,337
34,530,11.4045,0.9135,35.0000,160.0000,180.0000,189.9200,857,clog,main,train,327
34,540,11.5070,0.9580,35.0000,160.0000,180.0000,190.0000,857,clog,main,train,317
34,550,11.4910,0.9540,35.0000,160.0000,180.0000,190.5500,857,clog,main,train,307
34,560,11.2755,0.8825,35.0000,160.0000,180.0000,191.7000,857,clog,main,train,297
34,570,11.2235,0.8695,35.0000,160.0000,180.0000,192.1800,857,clog,main,train,287
34,580,11.1985,0.8580,35.0000,160.0000,180.0000,192.0000,857,clog,main,train,277
34,590,11.2320,0.8690,35.0000,160.0000,180.0000,191.5500,857,clog,main,train,267
34,600,11.2280,0.8690,35.0000,160.0000,180.0000,190.8300,857,clog,main,train,257
34,610,11.2290,0.8740,35.0000,160.0000,180.0000,190.0900,857,clog,main,train,247
34,620,11.2470,0.8725,35.0000,160.0000,180.0000,190.0000,857,clog,main,train,237
34,630,11.1410,0.8430,35.0000,160.0000,180.0000,190.0000,857,clog,main,train,227
34,640,11.2820,0.8800,35.0000,160.0000,180.0000,190.0300,857,clog,main,train,217
34,650,11.2070,0.8680,35.0000,160.0000,180.0000,190.5900,857,clog,main,train,207
34,660,11.1330,0.8520,35.0000,160.0000,180.0000,191.6200,857,clog,main,train,197
34,670,11.2720,0.8900,35.0000,160.0000,180.0000,191.9800,857,clog,main,train,187
34,680,11.2905,0.8920,35.0000,160.0000,180.0000,191.7200,857,clog,main,train,177
34,690,11.3850,0.9270,35.0000,160.0000,180.0000,191.1900,857,clog,main,train,167
34,700,11.4420,0.9430,35.0000,160.0000,180.0000,190.3100,857,clog,main,train,157
34,710,11.1920,0.8670,35.0000,160.0300,180.0000,189.9400,857,clog,main,train,147
34,720,11.2790,0.8890,35.0000,160.0000,180.0000,189.7700,857,clog,main,train,137
34,730,11.2605,0.8875,35.0000,160.0000,180.0000,189.9900,857,clog,main,train,127
34,740,11.3940,0.9310,35.0000,160.0000,180.0000,190.1800,857,clog,main,train,117
34,750,11.4730,0.9550,35.0000,160.0000,180.0000,191.0600,857,clog,main,train,107
34,760,11.3120,0.8950,35.0000,160.0000,180.0000,191.8000,857,clog,main,train,97
34,770,11.2780,0.8860,35.0000,160.0000,180.0000,191.8000,857,clog,main,train,87
34,780,11.4980,0.9520,35.0000,160.0000,180.0000,191.4300,857,clog,main,train,77
34,790,11.6720,1.0090,35.0000,160.0000,180.0000,190.7600,857,clog,main,train,67
34,800,11.5170,0.9660,35.0000,160.0000,180.0000,190.0600,857,clog,main,train,57
34,810,11.4280,0.9310,35.0000,160.0000,180.0000,189.8000,857,clog,main,train,47
34,820,11.4540,0.9530,35.0000,160.0000,180.0000,189.8400,857,clog,main,train,37
34,830,11.5380,0.9760,35.0000,160.0000,180.0000,190.0000,857,clog,main,train,27
34,840,11.5000,0.9630,35.0000,160.0000,180.0000,190.3700,857,clog,main,train,17
34,850,11.5220,0.9720,35.0000,160.0000,180.0000,191.2400,857,clog,main,train,7
35,10,9.3510,0.6280,35.0000,160.0000,180.0000,190.8700,971,clog,main,train,961
35,20,9.3750,0.6310,35.0000,160.0000,180.0000,190.4100,971,clog,main,train,951
35,30,9.3080,0.6070,35.0000,160.0000,180.0000,190.0200,971,clog,main,train,941
35,40,9.2920,0.5900,35.0000,160.0000,180.0000,189.4600,971,clog,main,train,931
35,50,9.2580,0.5730,35.0000,159.9800,180.0000,188.9500,971,clog,main,train,921
35,60,9.3060,0.5960,35.0000,159.8200,180.0000,189.5300,971,clog,main,train,911
35,70,9.2940,0.5860,35.0000,159.7300,180.0000,189.9800,971,clog,main,train,901
35,80,9.2550,0.5680,35.0000,159.7000,180.0000,190.4200,971,clog,main,train,891
35,90,9.1830,0.5580,35.0000,159.7000,180.0000,191.2600,971,clog,main,train,881
35,100,9.2205,0.5655,35.0000,159.5800,180.0000,191.5000,971,clog,main,train,871
35,110,9.2005,0.5645,35.0000,159.4800,180.0000,191.1800,971,clog,main,train,861
35,120,9.2190,0.5680,35.0000,159.4000,180.0000,190.3900,971,clog,main,train,851
35,130,9.1870,0.5700,35.0000,159.4400,180.0000,189.9300,971,clog,main,train,841
35,140,9.2020,0.5690,35.0000,159.4500,180.0000,189.4200,971,clog,main,train,831
35,150,9.2000,0.5610,35.0000,159.6600,180.0000,189.5900,971,clog,main,train,821
35,160,9.2780,0.5820,35.0000,159.6700,180.0000,189.9700,971,clog,main,train,811
35,170,9.3300,0.6130,35.0000,159.3600,180.0000,190.2800,971,clog,main,train,801
35,180,9.2485,0.5815,35.0000,159.1000,180.0000,191.3300,971,clog,main,train,791
35,190,9.2860,0.5960,35.0000,159.1700,180.0000,191.8600,971,clog,main,train,781
35,200,9.4050,0.6210,35.0000,159.4000,180.0000,191.7500,971,clog,main,train,771
35,210,9.4200,0.6410,35.0000,159.6800,180.0000,191.2100,971,clog,main,train,761
35,220,9.4970,0.6480,35.0000,159.7200,180.0000,190.3800,971,clog,main,train,751
35,230,9.5035,0.6665,35.0000,159.5000,180.0000,189.9300,971,clog,main,train,741
35,240,9.6320,0.7100,35.0000,159.3200,180.0000,189.6100,971,clog,main,train,731
35,250,9.5140,0.6650,35.0000,159.4600,180.0000,189.9000,971,clog,main,train,721
35,260,9.5950,0.6960,35.0000,159.5100,180.0000,190.0600,971,clog,main,train,711
35,270,9.6330,0.7090,35.0000,159.6000,180.0000,190.8700,971,clog,main,train,701
35,280,9.4915,0.6710,35.0000,159.7200,180.0000,191.8300,971,clog,main,train,691
35,290,9.6030,0.6930,35.0000,159.7000,180.0000,192.0900,971,clog,main,train,681
35,300,9.6070,0.7010,35.0000,159.7000,180.0000,191.9200,971,clog,main,train,671
35,310,9.6900,0.7180,35.0000,159.6400,180.0000,191.5100,971,clog,main,train,661
35,320,9.7605,0.7565,35.0000,159.6700,180.0000,190.7400,971,clog,main,train,651
35,330,9.7210,0.7370,35.0000,159.8800,180.0000,190.0500,971,clog,main,train,641
35,340,9.9060,0.8000,35.0000,159.9900,180.0000,189.7900,971,clog,main,train,631
35,350,9.8140,0.7690,35.0000,160.0000,180.0000,189.9300,971,clog,main,train,621
35,360,9.9370,0.8100,35.0000,160.0000,180.0000,190.0900,971,clog,main,train,611
35,370,9.9030,0.7930,35.0000,160.0000,180.0000,191.0000,971,clog,main,train,601
35,380,9.8690,0.7860,35.0000,160.0000,180.0000,192.0700,971,clog,main,train,591
35,390,9.9490,0.8100,35.0000,160.0000,180.0000,192.3600,971,clog,main,train,581
35,400,10.0565,0.8455,35.0000,160.0000,180.0000,192.2000,971,clog,main,train,571
35,410,10.0610,0.8450,35.0000,160.0000,180.0000,191.7700,971,clog,main,train,561
35,420,10.1400,0.8750,35.0000,160.0000,180.0000,191.1400,971,clog,main,train,551
35,430,10.1280,0.8730,35.0000,160.0000,180.0000,190.3700,971,clog,main,train,541
35,440,10.0500,0.8460,35.0000,160.0000,180.0000,190.0000,971,clog,main,train,531
35,450,9.9685,0.8065,35.0000,160.0000,180.0000,190.0000,971,clog,main,train,521
35,460,10.1160,0.8680,35.0000,160.0000,180.0000,190.0000,971,clog,main,train,511
35,470,10.0955,0.8605,35.0000,160.0000,180.0000,190.4200,971,clog,main,train,501
35,480,10.2190,0.8990,35.0000,160.0000,180.0000,191.5200,971,clog,main,train,491
35,490,10.3030,0.9290,35.0000,160.0000,180.0000,192.1700,971,clog,main,train,481
35,500,10.1760,0.8860,35.0000,160.0000,180.0000,192.2500,971,clog,main,train,471
35,510,10.3780,0.9540,35.0000,160.0000,180.0000,191.9000,971,clog,main,train,461
35,520,10.3180,0.9320,35.0000,160.0000,180.0000,191.4700,971,clog,main,train,451
35,530,10.2660,0.9200,35.0000,160.0000,180.0000,190.7100,971,clog,main,train,441
35,540,10.3460,0.9380,35.0000,160.0000,180.0000,190.0500,971,clog,main,train,431
35,550,10.4150,0.9750,35.0000,160.0000,180.0000,190.0000,971,clog,main,train,421
35,560,10.3100,0.9370,35.0000,160.0000,180.0000,190.0000,971,clog,main,train,411
35,570,10.4070,0.9900,35.0000,160.0000,180.0000,190.0500,971,clog,main,train,401
35,580,10.6690,1.0490,35.0000,160.0000,180.0000,190.7900,971,clog,main,train,391
35,590,10.5320,1.0080,35.0000,160.0000,180.0000,191.8900,971,clog,main,train,381
35,600,10.4970,0.9860,35.0000,160.0000,180.0000,192.2400,971,clog,main,train,371
35,610,10.4300,0.9580,35.0000,160.0000,180.0000,192.1100,971,clog,main,train,361
35,620,10.3630,0.9540,35.0000,160.0000,180.0000,191.5900,971,clog,main,train,351
35,630,10.6980,1.0530,35.0000,160.0000,180.0000,190.7700,971,clog,main,train,341
35,640,10.4750,0.9820,35.0000,160.0000,180.0000,190.0800,971,clog,main,train,331
35,650,10.3265,0.9390,35.0000,160.0000,180.0000,189.9000,971,clog,main,train,321
35,660,10.3620,0.9510,35.0000,160.0000,180.0000,189.9000,971,clog,main,train,311
35,670,10.4190,0.9700,35.0000,160.0900,180.0000,190.0100,971,clog,main,train,301
35,680,10.3560,0.9420,35.0000,160.0500,180.0000,190.5500,971,clog,main,train,291
35,690,10.3230,0.9440,35.0000,160.0000,180.0000,191.6000,971,clog,main,train,281
35,700,10.3450,0.9370,35.0000,160.0000,180.0000,192.1000,971,clog,main,train,271
35,710,10.4870,0.9910,35.0000,160.0600,180.0000,192.0000,971,clog,main,train,261
35,720,10.4700,0.9850,35.0000,160.0800,180.0000,191.6300,971,clog,main,train,251
35,730,10.5010,0.9900,35.0000,160.0000,180.0000,190.9600,971,clog,main,train,241
35,740,10.4380,0.9730,35.0000,160.0000,180.0000,190.1900,971,clog,main,train,231
35,750,10.4535,0.9810,35.0000,160.0000,180.0000,189.9800,971,clog,main,train,221
35,760,10.4820,0.9810,35.0000,160.0100,180.0000,189.8700,971,clog,main,train,211
35,770,10.4410,0.9780,35.0000,160.1200,180.0000,190.0000,971,clog,main,train,201
35,780,10.3540,0.9475,35.0000,160.0000,180.0000,190.2400,971,clog,main,train,191
35,790,10.4260,0.9530,35.0000,160.0000,180.0000,191.1800,971,clog,main,train,181
35,800,10.5540,1.0050,35.0000,160.1400,180.0000,191.9400,971,clog,main,train,171
35,810,10.5110,0.9960,35.0000,160.2600,180.0000,192.0500,971,clog,main,train,161
35,820,10.4030,0.9550,35.0000,160.1100,180.0000,191.7400,971,clog,main,train,151
35,830,10.2285,0.9010,35.0000,160.0000,180.0000,190.9400,971,clog,main,train,141
35,840,10.4310,0.9720,35.0000,160.0000,180.0000,190.1000,971,clog,main,train,131
35,850,10.5210,0.9880,35.0000,160.0100,180.0000,189.6700,971,clog,main,train,121
35,860,10.4260,0.9720,35.0000,160.1000,180.0000,189.6900,971,clog,main,train,111
35,870,10.3750,0.9400,35.0000,160.0300,180.0000,189.9900,971,clog,main,train,101
35,880,10.3890,0.9510,35.0000,160.0000,180.0000,190.4700,971,clog,main,train,91
35,890,10.2350,0.8980,35.0000,160.0000,180.0000,191.5500,971,clog,main,train,81
35,900,10.2240,0.8915,35.0000,160.0000,180.0000,191.9800,971,clog,main,train,71
35,910,10.4840,0.9860,35.0000,160.0000,180.0000,191.8600,971,clog,main,train,61
35,920,10.6250,1.0240,35.0000,160.1100,180.0000,191.5400,971,clog,main,train,51
35,930,10.7500,1.0550,35.0000,160.1300,180.0000,190.8500,971,clog,main,train,41
35,940,10.7390,1.0610,35.0000,160.0300,180.0000,190.1100,971,clog,main,train,31
35,950,10.6290,1.0190,35.0000,160.0000,180.0000,189.8500,971,clog,main,train,21
35,960,10.4925,0.9660,35.0000,160.0000,180.0000,189.7500,971,clog,main,train,11
35,970,10.6670,1.0270,35.0000,160.0000,180.0000,189.9700,971,clog,main,train,1
36,10,9.3210,0.5920,35.0000,160.0000,180.0000,190.1600,741,clog,main,train,731
36,20,9.2440,0.5770,35.0000,160.0000,180.0000,191.0300,741,clog,main,train,721
36,30,9.2640,0.5760,35.0000,160.0000,180.0000,191.5300,741,clog,main,train,711
36,40,9.1990,0.5610,35.0000,160.0000,180.0000,191.2300,741,clog,main,train,701
36,50,9.1960,0.5500,35.0000,160.0000,180.0000,190.5500,741,clog,main,train,691
36,60,9.1930,0.5500,35.0000,159.9600,180.0000,190.0200,741,clog,main,train,681
36,70,9.2670,0.5880,35.0000,159.8200,180.0000,189.5100,741,clog,main,train,671
36,80,9.1870,0.5570,35.0000,159.7000,180.0000,189.2200,741,clog,main,train,661
36,90,9.2000,0.5655,35.0000,159.7500,180.0000,189.7200,741,clog,main,train,651
36,100,9.2020,0.5670,35.0000,159.7500,180.0000,190.0100,741,clog,main,train,641
36,110,9.2380,0.5660,35.0000,159.7600,180.0000,190.4800,741,clog,main,train,631
36,120,9.2270,0.5660,35.0000,159.8300,180.0000,191.3600,741,clog,main,train,621
36,130,9.2350,0.5680,35.0000,159.7400,180.0000,191.5900,741,clog,main,train,611
36,140,9.2990,0.5830,35.0000,159.5500,180.0000,191.4400,741,clog,main,train,601
36,150,9.3480,0.6020,35.0000,159.4600,180.0000,190.9600,741,clog,main,train,591
36,160,9.2960,0.5930,35.0000,159.5000,180.0000,190.1700,741,clog,main,train,581
36,170,9.4150,0.6110,35.0000,159.5600,180.0000,189.8200,741,clog,main,train,571
36,180,9.4290,0.6360,35.0000,159.7600,180.0000,189.4200,741,clog,main,train,561
36,190,9.4130,0.6380,35.0000,159.7600,180.0000,189.8200,741,clog,main,train,551
36,200,9.3290,0.6070,35.0000,159.7400,180.0000,190.0000,741,clog,main,train,541
36,210,9.3210,0.6070,35.0000,159.5100,180.0000,190.5500,741,clog,main,train,531
36,220,9.2840,0.5740,35.0000,159.3400,180.0000,191.5300,741,clog,main,train,521
36,230,9.2815,0.5835,35.0000,159.3500,180.0000,191.8400,741,clog,main,train,511
36,240,9.3850,0.6170,35.0000,159.5600,180.0000,191.6700,741,clog,main,train,501
36,250,9.3520,0.6000,35.0000,159.7900,180.0000,191.1100,741,clog,main,train,491
36,260,9.3880,0.6250,35.0000,159.9000,180.0000,190.2100,741,clog,main,train,481
36,270,9.4505,0.6320,35.0000,159.9000,180.0000,189.8700,741,clog,main,train,471
36,280,9.5230,0.6690,35.0000,159.9100,180.0000,189.5100,741,clog,main,train,461
36,290,9.5540,0.6770,35.0000,159.8500,180.0000,189.8200,741,clog,main,train,451
36,300,9.6710,0.7100,35.0000,159.7200,180.0000,190.0300,741,clog,main,train,441
36,310,9.6000,0.6950,35.0000,159.8000,180.0000,190.8600,741,clog,main,train,431
36,320,9.7540,0.7420,35.0000,159.9200,180.0000,191.8800,741,clog,main,train,421
36,330,9.7250,0.7300,35.0000,159.9800,180.0000,192.2000,741,clog,main,train,411
36,340,9.6960,0.7100,35.0000,159.8400,180.0000,192.0400,741,clog,main,train,401
36,350,9.8295,0.7655,35.0000,159.8300,180.0000,191.5000,741,clog,main,train,391
36,360,9.7200,0.7250,35.0000,159.9900,180.0000,190.6100,741,clog,main,train,381
36,370,9.7320,0.7355,35.0000,160.0000,180.0000,190.0100,741,clog,main,train,371
36,380,9.8020,0.7530,35.0000,160.0000,180.0000,189.7400,741,clog,main,train,361
36,390,9.9530,0.8020,35.0000,160.0000,180.0000,189.9000,741,clog,main,train,351
36,400,10.0530,0.8420,35.0000,160.0000,180.0000,190.0600,741,clog,main,train,341
36,410,10.2850,0.9005,35.0000,160.0000,180.0000,190.8900,741,clog,main,train,331
36,420,10.2420,0.8980,35.0000,160.0000,180.0000,191.9800,741,clog,main,train,321
36,430,10.2870,0.8900,35.0000,160.0000,180.0000,192.3300,741,clog,main,train,311
36,440,10.2940,0.9120,35.0000,160.0000,180.0000,192.0800,741,clog,main,train,301
36,450,10.3370,0.9070,35.0000,160.0000,180.0000,191.8000,741,clog,main,train,291
36,460,10.4055,0.9375,35.0000,160.0000,180.0000,191.2100,741,clog,main,train,281
36,470,10.5200,0.9960,35.0000,160.0000,180.0000,190.3600,741,clog,main,train,271
36,480,10.3840,0.9470,35.0000,160.0000,180.0000,190.0000,741,clog,main,train,261
36,490,10.4040,0.9515,35.0000,160.0000,180.0000,190.0000,741,clog,main,train,251
36,500,10.2690,0.9090,35.0000,160.0000,180.0000,190.0000,741,clog,main,train,241
36,510,10.2850,0.9230,35.0000,160.0000,180.0000,190.0800,741,clog,main,train,231
36,520,10.3975,0.9365,35.0000,160.0000,180.0000,190.8600,741,clog,main,train,221
36,530,10.4710,0.9700,35.0000,160.0000,180.0000,191.8800,741,clog,main,train,211
36,540,10.5910,1.0080,35.0000,160.0000,180.0000,192.2000,741,clog,main,train,201
36,550,10.4935,0.9880,35.0000,160.0000,180.0000,192.0600,741,clog,main,train,191
36,560,10.4835,0.9865,35.0000,160.0000,180.0000,191.7000,741,clog,main,train,181
36,570,10.5625,1.0140,35.0000,160.0000,180.0000,191.0800,741,clog,main,train,171
36,580,10.6100,1.0060,35.0000,160.0000,180.0000,190.3200,741,clog,main,train,161
36,590,10.4330,0.9690,35.0000,160.0000,180.0000,190.0000,741,clog,main,train,151
36,600,10.3940,0.9460,35.0000,160.0000,180.0000,189.9300,741,clog,main,train,141
36,610,10.4775,0.9890,35.0000,160.0000,180.0000,189.9800,741,clog,main,train,131
36,620,10.4975,1.0090,35.0000,160.0000,180.0000,190.0300,741,clog,main,train,121
36,630,10.5475,1.0230,35.0000,160.0000,180.0000,190.8500,741,clog,main,train,111
36,640,10.6555,1.0340,35.0000,160.0000,180.0000,191.8400,741,clog,main,train,101
36,650,10.5955,1.0300,35.0000,160.0000,180.0000,192.0700,741,clog,main,train,91
36,660,10.4990,0.9980,35.0000,160.0000,180.0000,191.8200,741,clog,main,train,81
36,670,10.4450,0.9820,35.0000,160.0000,180.0000,191.4200,741,clog,main,train,71
36,680,10.3990,0.9595,35.0000,160.0000,180.0000,190.7500,741,clog,main,train,61
36,690,10.3390,0.9370,35.0000,160.0000,180.0000,190.0800,741,clog,main,train,51
36,700,10.8190,1.0980,35.0000,160.0000,180.0000,189.9800,741,clog,main,train,41
36,710,10.8685,1.0990,35.0000,160.0900,180.0000,189.9000,741,clog,main,train,31
36,720,10.8000,1.0970,35.0000,160.0100,180.0000,190.0000,741,clog,main,train,21
36,730,10.8410,1.1120,35.0000,160.0000,180.0000,190.1500,741,clog,main,train,11
36,740,10.7660,1.0880,35.0000,160.0000,180.0000,191.1100,741,clog,main,train,1
37,10,10.0205,0.7735,34.2500,159.4700,180.0000,190.0000,424,clog,main,train,414
37,20,9.8680,0.6920,34.2300,159.3700,180.0000,190.0500,424,clog,main,train,404
37,30,9.8260,0.6840,34.2800,159.2200,180.0000,190.1400,424,clog,main,train,394
37,40,9.7910,0.6770,34.3900,159.2000,180.0000,190.0000,424,clog,main,train,384
37,50,9.7220,0.6820,34.5000,159.2800,180.0000,189.8700,424,clog,main,train,374
37,60,9.8230,0.6860,34.5600,159.3100,180.0000,189.0900,424,clog,main,train,364
37,70,9.7400,0.6590,34.7000,159.2600,180.0000,188.7400,424,clog,main,train,354
37,80,9.7420,0.6620,34.7900,159.0700,180.0000,189.3500,424,clog,main,train,344
37,90,9.7490,0.6680,34.7300,158.7900,180.0000,189.9500,424,clog,main,train,334
37,100,9.6960,0.6610,34.6300,158.8000,180.0000,190.0100,424,clog,main,train,324
37,110,9.7000,0.6800,34.5900,158.9300,180.0000,190.2100,424,clog,main,train,314
37,120,9.7360,0.6720,34.4900,159.1900,180.0000,190.0600,424,clog,main,train,304
37,130,9.7000,0.6600,34.4000,159.1500,180.0000,190.0000,424,clog,main,train,294
37,140,9.7900,0.6720,34.4000,158.9700,180.0000,189.8400,424,clog,main,train,284
37,150,9.7860,0.6800,34.4900,158.6400,180.0000,189.1000,424,clog,main,train,274
37,160,9.8090,0.6760,34.6300,158.4900,180.0000,188.9900,424,clog,main,train,264
37,170,9.6830,0.6540,34.8000,158.5000,180.0000,189.6600,424,clog,main,train,254
37,180,9.7370,0.6560,34.9200,158.7100,180.0000,189.9900,424,clog,main,train,244
37,190,9.7550,0.6670,34.9000,158.9200,180.0000,190.1100,424,clog,main,train,234
37,200,9.7450,0.6650,34.7800,159.2500,180.0000,190.3700,424,clog,main,train,224
37,210,9.7570,0.6600,34.7000,159.1500,180.0000,190.2200,424,clog,main,train,214
37,220,9.8090,0.6910,34.6200,158.8300,180.0000,190.0100,424,clog,main,train,204
37,230,9.7870,0.6870,34.5000,158.7500,180.0000,189.9400,424,clog,main,train,194
37,240,9.8505,0.7035,34.5000,158.7000,180.0000,189.2300,424,clog,main,train,184
37,250,9.7690,0.6950,34.4800,158.8500,180.0000,189.1000,424,clog,main,train,174
37,260,9.9000,0.7200,34.6000,159.3400,180.0000,189.6900,424,clog,main,train,164
37,270,10.0240,0.7480,34.7200,159.7300,180.0000,189.9900,424,clog,main,train,154
37,280,9.9565,0.7435,34.8000,159.6300,180.0000,190.1300,424,clog,main,train,144
37,290,10.1210,0.7950,34.8800,159.2900,180.0000,190.5400,424,clog,main,train,134
37,300,9.9950,0.7620,34.8100,159.2300,180.0000,190.3900,424,clog,main,train,124
37,310,10.2070,0.8170,34.8000,159.5300,180.0000,190.0500,424,clog,main,train,114
37,320,10.2990,0.8520,34.7200,159.8300,180.0000,189.9900,424,clog,main,train,104
37,330,10.3690,0.8850,34.7400,159.8000,180.0000,189.5800,424,clog,main,train,94
37,340,10.2750,0.8260,34.7900,159.6800,180.0000,189.2100,424,clog,main,train,84
37,350,10.2045,0.8455,34.7200,159.5000,180.0000,189.6600,424,clog,main,train,74
37,360,10.4490,0.8970,34.8000,159.6500,180.0000,189.9900,424,clog,main,train,64
37,370,10.5900,0.9070,34.9000,159.9200,180.0000,190.1300,424,clog,main,train,54
37,380,10.5490,0.9300,34.9700,160.0000,180.0000,190.6700,424,clog,main,train,44
37,390,10.5590,0.9340,35.0000,160.0000,180.0000,190.7000,424,clog,main,train,34
37,400,10.7440,0.9830,35.0000,160.0000,180.0000,190.4200,424,clog,main,train,24
37,410,10.7400,0.9740,35.0000,160.0000,180.0000,190.0200,424,clog,main,train,14
37,420,10.6960,0.9600,35.0000,160.0000,180.0000,190.0000,424,clog,main,train,4
38,10,9.5935,0.6690,35.1900,160.0000,180.0000,190.0500,614,clog,main,train,604
38,20,9.6990,0.6680,35.2700,160.0000,180.0000,189.6800,614,clog,main,train,594
38,30,9.7200,0.6780,35.2600,160.0000,180.0000,189.4900,614,clog,main,train,584
38,40,9.6650,0.6650,35.1100,160.0000,180.0000,189.8900,614,clog,main,train,574
38,50,9.5950,0.6170,35.0000,160.0000,180.0000,190.0100,614,clog,main,train,564
38,60,9.5550,0.6260,35.0000,160.0000,180.0000,190.4600,614,clog,main,train,554
38,70,9.5540,0.6340,35.0000,160.0000,180.0000,190.9900,614,clog,main,train,544
38,80,9.6090,0.6240,35.0000,160.0000,180.0000,191.0400,614,clog,main,train,534
38,90,9.5265,0.6320,35.0000,160.0000,180.0000,190.5700,614,clog,main,train,524
38,100,9.5190,0.6350,35.0000,159.8800,180.0000,190.0400,614,clog,main,train,514
38,110,9.5485,0.6295,35.1300,159.7200,180.0000,189.6500,614,clog,main,train,504
38,120,9.6045,0.6495,35.1100,159.7000,180.0000,189.4000,614,clog,main,train,494
38,130,9.7015,0.6725,35.0700,159.7500,180.0000,189.8500,614,clog,main,train,484
38,140,9.7910,0.7100,35.0000,159.7000,180.0000,190.0400,614,clog,main,train,474
38,150,9.6380,0.6730,35.0000,159.5500,180.0000,190.6500,614,clog,main,train,464
38,160,9.7150,0.6920,35.0000,159.4900,180.0000,191.2900,614,clog,main,train,454
38,170,9.6615,0.6775,35.0000,159.5500,180.0000,191.3200,614,clog,main,train,444
38,180,9.7965,0.7120,35.0000,159.7100,180.0000,190.8800,614,clog,main,train,434
38,190,9.7180,0.6870,35.0000,159.7900,180.0000,190.1700,614,clog,main,train,424
38,200,9.7370,0.6930,35.0000,159.6600,180.0000,189.8700,614,clog,main,train,414
38,210,9.7675,0.6950,35.0200,159.5000,180.0000,189.5300,614,clog,main,train,404
38,220,9.9930,0.7580,35.1000,159.6300,180.0000,189.8600,614,clog,main,train,394
38,230,10.0185,0.7865,35.0400,159.8200,180.0000,190.0350,614,clog,main,train,384
38,240,10.1615,0.8535,35.0000,159.8700,180.0000,190.6700,614,clog,main,train,374
38,250,9.8840,0.7500,35.0000,159.9000,180.0000,191.4100,614,clog,main,train,364
38,260,9.8540,0.7290,35.0000,159.8500,180.0000,191.3400,614,clog,main,train,354
38,270,9.9240,0.7580,35.0000,159.7500,180.0000,190.8800,614,clog,main,train,344
38,280,9.8720,0.7360,35.0000,159.8000,180.0000,190.1900,614,clog,main,train,334
38,290,10.2120,0.8480,35.0000,159.9300,180.0000,189.9600,614,clog,main,train,324
38,300,10.1520,0.8430,35.0000,160.0000,180.0000,189.7600,614,clog,main,train,314
38,310,10.1420,0.8330,35.1200,160.0000,180.0000,189.9600,614,clog,main,train,304
38,320,10.3460,0.8770,35.1200,160.0000,180.0000,190.0700,614,clog,main,train,294
38,330,10.2930,0.8710,35.1400,160.0000,180.0000,190.7600,614,clog,main,train,284
38,340,10.1400,0.8380,35.0300,160.0000,180.0000,191.5000,614,clog,main,train,274
38,350,10.1720,0.8440,35.0000,160.0000,180.0000,191.4400,614,clog,main,train,264
38,360,10.4150,0.8970,35.0000,160.0000,180.0000,191.0000,614,clog,main,train,254
38,370,10.6760,0.9880,35.0000,160.0000,180.0000,190.3900,614,clog,main,train,244
38,380,10.5640,0.9510,35.0000,160.0000,180.0000,190.0000,614,clog,main,train,234
38,390,10.6670,0.9820,35.0000,160.0000,180.0000,190.0000,614,clog,main,train,224
38,400,10.7640,1.0175,35.0600,160.0000,180.0000,190.0000,614,clog,main,train,214
38,410,10.6525,0.9795,35.2600,160.0000,180.0000,190.0000,614,clog,main,train,204
38,420,10.9820,1.0760,35.3900,160.0000,180.0000,190.4800,614,clog,main,train,194
38,430,10.9900,1.1020,35.3300,160.0000,180.0000,191.3700,614,clog,main,train,184
38,440,10.9480,1.0910,35.1300,160.0000,180.0000,191.5700,614,clog,main,train,174
38,450,11.2830,1.1950,35.0000,160.0000,180.0000,191.3200,614,clog,main,train,164
38,460,10.8465,1.0520,35.0000,160.0000,180.0000,191.0200,614,clog,main,train,154
38,470,10.6400,0.9890,35.0000,160.0000,180.0000,190.2600,614,clog,main,train,144
38,480,10.4850,0.9465,35.1200,160.0000,180.0000,190.0000,614,clog,main,train,134
38,490,10.7050,1.0000,35.4200,160.0000,180.0000,189.9400,614,clog,main,train,124
38,500,10.7285,1.0205,35.5700,160.0000,180.0000,189.9900,614,clog,main,train,114
38,510,10.6950,1.0240,35.4600,160.0000,180.0000,190.0300,614,clog,main,train,104
38,520,10.7620,1.0350,35.3700,160.0000,180.0000,190.6600,614,clog,main,train,94
38,530,10.5530,0.9740,35.1900,160.0000,180.0000,191.4700,614,clog,main,train,84
38,540,10.5770,0.9740,35.1100,160.0000,180.0000,191.4600,614,clog,main,train,74
38,550,10.5890,0.9870,35.1600,160.0000,180.0000,191.0500,614,clog,main,train,64
38,560,10.5630,0.9930,35.2000,160.0000,180.0000,190.3900,614,clog,main,train,54
38,570,10.6545,1.0055,35.2000,160.0000,180.0000,190.0000,614,clog,main,train,44
38,580,10.8315,1.0590,35.2600,160.0000,180.0000,190.0000,614,clog,main,train,34
38,590,10.7690,1.0560,35.4000,160.0000,180.0000,190.0000,614,clog,main,train,24
38,600,10.8720,1.0670,35.4200,160.0000,180.0000,190.0100,614,clog,main,train,14
38,610,11.0270,1.1335,35.5000,160.0400,180.0000,190.5400,614,clog,main,train,4
39,10,9.6570,0.6970,35.0000,160.0000,180.0000,190.0000,779,clog,main,train,769
39,20,9.5060,0.6330,35.0000,160.0000,180.0000,190.4300,779,clog,main,train,759
39,30,9.4280,0.6210,35.0000,160.0000,180.0000,191.1300,779,clog,main,train,749
39,40,9.4940,0.6160,35.0000,160.0000,180.0000,191.1500,779,clog,main,train,739
39,50,9.4260,0.6070,35.0000,160.0000,180.0000,190.6000,779,clog,main,train,729
39,60,9.4715,0.6340,35.0000,160.0000,180.0000,190.0000,779,clog,main,train,719
39,70,9.4250,0.6130,35.0000,160.0000,180.0000,189.2800,779,clog,main,train,709
39,80,9.4190,0.6070,35.0000,160.0000,180.0000,189.1600,779,clog,main,train,699
39,90,9.5815,0.6515,35.0000,159.9800,180.0000,189.8200,779,clog,main,train,689
39,100,9.4970,0.6450,35.0000,159.9700,180.0000,190.1200,779,clog,main,train,679
39,110,9.5330,0.6470,35.0000,160.0000,180.0000,191.1000,779,clog,main,train,669
39,120,9.5780,0.6510,35.0000,159.9900,180.0000,191.8000,779,clog,main,train,659
39,130,9.5380,0.6450,35.0000,159.9300,180.0000,191.8500,779,clog,main,train,649
39,140,9.6110,0.6630,35.0000,159.9100,180.0000,191.4800,779,clog,main,train,639
39,150,9.7200,0.6990,35.0000,159.9000,180.0000,190.7600,779,clog,main,train,629
39,160,9.7530,0.7110,35.0000,159.9800,180.0000,190.0500,779,clog,main,train,619
39,170,9.5840,0.6740,35.0000,160.0000,180.0000,189.7600,779,clog,main,train,609
39,180,9.7470,0.7040,35.0000,160.0000,180.0000,189.8700,779,clog,main,train,599
39,190,9.7860,0.7170,35.0000,160.0000,180.0000,190.0000,779,clog,main,train,589
39,200,9.7530,0.7195,35.0000,160.0000,180.0000,190.3900,779,clog,main,train,579
39,210,9.9070,0.7700,35.0000,160.0000,180.0000,191.4000,779,clog,main,train,569
39,220,9.9420,0.7720,35.0000,160.0000,180.0000,191.8600,779,clog,main,train,559
39,230,9.9430,0.7655,35.0000,160.0000,180.0000,191.6700,779,clog,main,train,549
39,240,9.9090,0.7670,35.0000,160.0000,180.0000,191.0900,779,clog,main,train,539
39,250,9.8890,0.7545,35.0000,160.0000,180.0000,190.1700,779,clog,main,train,529
39,260,10.1435,0.8225,35.0000,159.9600,180.0000,189.7100,779,clog,main,train,519
39,270,10.3875,0.8950,35.0000,160.0000,180.0000,189.4800,779,clog,main,train,509
39,280,10.2120,0.8570,35.0000,160.0000,180.0000,189.9200,779,clog,main,train,499
39,290,10.1170,0.8280,35.0000,160.0000,180.0000,190.2100,779,clog,main,train,489
39,300,10.0940,0.8340,35.0000,160.0000,180.0000,191.3100,779,clog,main,train,479
39,310,10.0610,0.8080,35.0000,160.0000,180.0000,192.2000,779,clog,main,train,469
39,320,10.1470,0.8360,35.0000,160.0000,180.0000,192.2900,779,clog,main,train,459
39,330,10.2000,0.8550,35.0000,160.0000,180.0000,192.0300,779,clog,main,train,449
39,340,10.1960,0.8490,35.0000,160.0000,180.0000,191.5200,779,clog,main,train,439
39,350,10.1130,0.8210,35.0000,160.0000,180.0000,190.6100,779,clog,main,train,429
39,360,9.9870,0.7900,35.0000,160.0000,180.0000,190.0100,779,clog,main,train,419
39,370,10.0970,0.8340,35.0000,160.0000,180.0000,189.8200,779,clog,main,train,409
39,380,10.2080,0.8480,35.0000,160.0000,180.0000,189.9800,779,clog,main,train,399
39,390,10.1290,0.8470,35.0000,160.0000,180.0000,190.2600,779,clog,main,train,389
39,400,10.1580,0.8405,35.0000,160.0000,180.0000,191.1900,779,clog,main,train,379
39,410,10.1500,0.8290,35.0000,160.0000,180.0000,192.0300,779,clog,main,train,369
39,420,10.1350,0.8330,35.0000,160.0000,180.0000,192.0500,779,clog,main,train,359
39,430,10.1320,0.8390,35.0000,160.0000,180.0000,191.7200,779,clog,main,train,349
39,440,10.2315,0.8600,35.0000,160.0000,180.0000,191.1800,779,clog,main,train,339
39,450,10.1885,0.8530,35.0000,160.0000,180.0000,190.3300,779,clog,main,train,329
39,460,10.2750,0.8790,35.0000,160.0000,180.0000,189.9800,779,clog,main,train,319
39,470,10.1860,0.8495,35.0000,160.0000,180.0000,189.8200,779,clog,main,train,309
39,480,10.1360,0.8290,35.0000,160.0000,180.0000,190.0000,779,clog,main,train,299
39,490,10.2540,0.8620,35.0000,160.0000,180.0000,190.2300,779,clog,main,train,289
39,500,10.3470,0.8940,35.0000,160.0000,180.0000,191.3200,779,clog,main,train,279
39,510,10.2640,0.8700,35.0000,160.0000,180.0000,192.2100,779,clog,main,train,269
39,520,10.4040,0.9180,35.0000,160.0000,180.0000,192.3200,779,clog,main,train,259
39,530,10.2410,0.8580,35.0000,160.0000,180.0000,191.9700,779,clog,main,train,249
39,540,10.3980,0.9335,35.0000,160.0000,180.0000,191.3800,779,clog,main,train,239
39,550,10.4010,0.9210,35.0000,160.0000,180.0000,190.4500,779,clog,main,train,229
39,560,10.0560,0.8190,35.0000,160.0000,180.0000,189.9700,779,clog,main,train,219
39,570,10.0330,0.8140,35.0000,160.0000,180.0000,189.7900,779,clog,main,train,209
39,580,10.1730,0.8520,35.0000,160.0000,180.0000,189.9800,779,clog,main,train,199
39,590,10.0610,0.8290,35.0000,160.0000,180.0000,190.1500,779,clog,main,train,189
39,600,10.3310,0.8980,35.0000,160.0000,180.0000,191.1400,779,clog,main,train,179
39,610,10.3500,0.9040,35.0000,160.0000,180.0000,192.0300,779,clog,main,train,169
39,620,10.1760,0.8540,35.0000,160.0000,180.0000,192.1800,779,clog,main,train,159
39,630,10.1320,0.8330,35.0000,160.0000,180.0000,191.8900,779,clog,main,train,149
39,640,10.0870,0.8220,35.0000,160.0000,180.0000,191.3600,779,clog,main,train,139
39,650,10.1300,0.8340,35.0000,160.0900,180.0000,190.4400,779,clog,main,train,129
39,660,10.2885,0.8865,35.0000,160.0300,180.0000,189.9900,779,clog,main,train,119
39,670,10.3820,0.9230,35.0000,160.0000,180.0000,189.8300,779,clog,main,train,109
39,680,10.2720,0.8850,35.0000,160.0000,180.0000,189.9900,779,clog,main,train,99
39,690,10.3770,0.9230,35.0000,160.0000,180.0000,190.4000,779,clog,main,train,89
39,700,10.3490,0.9230,35.0000,160.0000,180.0000,191.5900,779,clog,main,train,79
39,710,10.5840,0.9780,35.0000,160.0000,180.0000,192.4100,779,clog,main,train,69
39,720,10.4210,0.9240,35.0000,160.0000,180.0000,192.4300,779,clog,main,train,59
39,730,10.5015,0.9555,35.0000,160.0000,180.0000,192.1300,779,clog,main,train,49
39,740,10.4650,0.9300,35.0000,160.0000,180.0000,191.6800,779,clog,main,train,39
39,750,10.2640,0.8835,35.0000,160.0000,180.0000,190.8600,779,clog,main,train,29
39,760,10.2970,0.8930,35.0000,160.0000,180.0000,190.0600,779,clog,main,train,19
39,770,10.8230,1.0620,35.0000,160.0000,180.0000,189.9600,779,clog,main,train,9
40,10,9.3590,0.6015,35.0000,160.0000,180.0000,189.2750,605,burst,burst_extension,excluded,595
40,20,9.3695,0.6060,35.0000,160.0000,180.0000,189.9400,605,burst,burst_extension,excluded,585
40,30,9.3615,0.6005,35.0000,160.0000,180.0000,190.2200,605,burst,burst_extension,excluded,575
40,40,9.4010,0.6090,35.0000,160.0000,180.0000,191.1250,605,burst,burst_extension,excluded,565
40,50,9.3765,0.6130,35.0000,160.0000,180.0000,191.7200,605,burst,burst_extension,excluded,555
40,60,9.4040,0.6150,35.0000,160.0000,180.0000,191.6100,605,burst,burst_extension,excluded,545
40,70,9.3290,0.5870,35.0000,160.0000,180.0000,191.0100,605,burst,burst_extension,excluded,535
40,80,9.4300,0.6120,35.0000,160.0000,180.0000,190.1700,605,burst,burst_extension,excluded,525
40,90,9.4055,0.5985,35.0000,160.0000,180.0000,189.5700,605,burst,burst_extension,excluded,515
40,100,9.3965,0.5985,35.0000,159.9500,180.0000,189.2600,605,burst,burst_extension,excluded,505
40,110,9.4000,0.6090,35.0000,159.9100,180.0000,189.8300,605,burst,burst_extension,excluded,495
40,120,9.4050,0.5930,35.0000,159.7200,180.0000,190.0300,605,burst,burst_extension,excluded,485
40,130,9.3660,0.5920,35.0000,159.6400,180.0000,190.7800,605,burst,burst_extension,excluded,475
40,140,9.3740,0.6020,35.0000,159.6000,180.0000,191.6300,605,burst,burst_extension,excluded,465
40,150,9.3070,0.5800,35.0000,159.6000,180.0000,191.7300,605,burst,burst_extension,excluded,455
40,160,9.3310,0.5860,35.0000,159.6000,180.0000,191.3300,605,burst,burst_extension,excluded,445
40,170,9.3130,0.5850,35.0000,159.5400,180.0000,190.5400,605,burst,burst_extension,excluded,435
40,180,9.3570,0.6100,35.0000,159.6200,180.0000,189.9500,605,burst,burst_extension,excluded,425
40,190,9.3625,0.5975,35.0000,159.7400,180.0000,189.4600,605,burst,burst_extension,excluded,415
40,200,9.3960,0.6190,35.0000,159.6100,180.0000,189.7100,605,burst,burst_extension,excluded,405
40,210,9.4030,0.6120,35.0000,159.5000,180.0000,190.0000,605,burst,burst_extension,excluded,395
40,220,9.3870,0.6020,35.0000,159.4500,180.0000,190.5600,605,burst,burst_extension,excluded,385
40,230,9.4480,0.6260,35.0000,159.4800,180.0000,191.6300,605,burst,burst_extension,excluded,375
40,240,9.4270,0.6170,35.0000,159.5400,180.0000,192.0000,605,burst,burst_extension,excluded,365
40,250,9.4245,0.6100,35.0000,159.5600,180.0000,191.8300,605,burst,burst_extension,excluded,355
40,260,9.5190,0.6270,35.0000,159.5500,180.0000,191.3000,605,burst,burst_extension,excluded,345
40,270,9.4845,0.6150,35.0000,159.5900,180.0000,190.3900,605,burst,burst_extension,excluded,335
40,280,9.4900,0.6430,35.0000,159.6400,180.0000,189.8600,605,burst,burst_extension,excluded,325
40,290,9.4300,0.6160,35.0000,159.7600,180.0000,189.5300,605,burst,burst_extension,excluded,315
40,300,9.4290,0.6220,35.0000,159.7700,180.0000,189.9000,605,burst,burst_extension,excluded,305
40,310,9.4430,0.6240,35.0000,159.8000,180.0000,190.1400,605,burst,burst_extension,excluded,295
40,320,10.0490,0.6470,35.0000,159.8300,180.0000,191.0600,605,burst,burst_extension,excluded,285
40,330,10.2290,0.6690,35.0000,159.9900,180.0000,191.9500,605,burst,burst_extension,excluded,275
40,340,10.3040,0.6920,35.0000,160.0000,180.0000,192.1000,605,burst,burst_extension,excluded,265
40,350,10.3000,0.6860,35.0000,160.0000,180.0000,191.8500,605,burst,burst_extension,excluded,255
40,360,10.3255,0.7005,35.0000,160.0000,180.0000,191.1600,605,burst,burst_extension,excluded,245
40,370,10.4090,0.7120,35.0000,160.0000,180.0000,190.2200,605,burst,burst_extension,excluded,235
40,380,10.4660,0.7260,35.0000,160.0000,180.0000,189.7900,605,burst,burst_extension,excluded,225
40,390,10.5755,0.7630,35.0000,160.0000,180.0000,189.6000,605,burst,burst_extension,excluded,215
40,400,10.7220,0.8140,35.0000,160.0000,180.0000,189.9700,605,burst,burst_extension,excluded,205
40,410,10.6530,0.7825,35.0000,160.0000,180.0000,190.3600,605,burst,burst_extension,excluded,195
40,420,10.7760,0.8345,35.0000,160.0000,180.0000,191.4500,605,burst,burst_extension,excluded,185
40,430,10.7860,0.8280,35.0000,160.0000,180.0000,192.2000,605,burst,burst_extension,excluded,175
40,440,10.7490,0.8240,35.0000,160.0000,180.0000,192.2000,605,burst,burst_extension,excluded,165
40,450,10.7460,0.8230,35.0000,160.0000,180.0000,191.8300,605,burst,burst_extension,excluded,155
40,460,10.7140,0.8070,35.0000,160.0000,180.0000,191.2700,605,burst,burst_extension,excluded,145
40,470,10.6440,0.7900,35.0000,160.0000,180.0000,190.3400,605,burst,burst_extension,excluded,135
40,480,10.7935,0.8445,35.0000,160.0000,180.0000,189.9200,605,burst,burst_extension,excluded,125
40,490,10.8150,0.8420,35.0000,160.0000,180.0000,189.7500,605,burst,burst_extension,excluded,115
40,500,10.8600,0.8630,35.0000,160.0000,180.0000,189.9800,605,burst,burst_extension,excluded,105
40,510,10.7570,0.8290,35.0000,160.0000,180.0000,190.2200,605,burst,burst_extension,excluded,95
40,520,10.6230,0.7900,35.0000,160.0000,180.0000,191.3000,605,burst,burst_extension,excluded,85
40,530,10.7010,0.7970,35.0000,160.0000,180.0000,192.1900,605,burst,burst_extension,excluded,75
40,540,10.8580,0.8690,35.0000,160.0000,180.0000,192.3500,605,burst,burst_extension,excluded,65
40,550,10.7920,0.8370,35.0000,160.0000,180.0000,191.9900,605,burst,burst_extension,excluded,55
40,560,10.7570,0.8320,35.0000,160.0000,180.0000,191.4200,605,burst,burst_extension,excluded,45
40,570,10.8930,0.8800,35.0000,160.0000,180.0000,190.5400,605,burst,burst_extension,excluded,35
40,580,10.9320,0.8920,35.0000,160.0000,180.0000,189.9700,605,burst,burst_extension,excluded,25
40,590,10.8250,0.8550,35.0000,160.0000,180.0000,189.6900,605,burst,burst_extension,excluded,15
40,600,10.7590,0.8260,35.0000,160.0000,180.0000,189.9200,605,burst,burst_extension,excluded,5
41,10,10.0040,0.5790,35.0000,160.0000,180.0000,190.1200,1136,clog,main,train,1126
41,20,10.0250,0.5920,35.0000,160.0000,180.0000,189.7200,1136,clog,main,train,1116
41,30,10.0930,0.6070,35.0000,159.9900,180.0000,188.9600,1136,clog,main,train,1106
41,40,10.1450,0.6220,35.0000,159.9000,180.0000,189.1600,1136,clog,main,train,1096
41,50,10.0750,0.5920,35.0000,160.0000,180.0000,189.8700,1136,clog,main,train,1086
41,60,10.0370,0.5910,35.0000,160.0000,180.0000,190.1100,1136,clog,main,train,1076
41,70,9.9860,0.5640,35.0000,159.9900,180.0000,190.8700,1136,clog,main,train,1066
41,80,10.0330,0.5770,35.0000,159.7800,180.0000,191.3700,1136,clog,main,train,1056
41,90,10.1400,0.6155,35.0000,159.7100,180.0000,191.2800,1136,clog,main,train,1046
41,100,10.0720,0.5930,35.0000,159.7300,180.0000,190.6800,1136,clog,main,train,1036
41,110,10.0090,0.5850,35.0000,159.5600,180.0000,190.0500,1136,clog,main,train,1026
41,120,10.1320,0.6100,35.0000,159.4600,180.0000,189.6200,1136,clog,main,train,1016
41,130,10.0485,0.5895,35.0000,159.5000,180.0000,189.3200,1136,clog,main,train,1006
41,140,10.0190,0.5840,35.0000,159.4600,180.0000,189.7700,1136,clog,main,train,996
41,150,10.0340,0.5770,35.0000,159.4100,180.0000,190.0600,1136,clog,main,train,986
41,160,9.9650,0.5645,35.0000,159.2500,180.0000,190.8600,1136,clog,main,train,976
41,170,10.0235,0.5810,35.0000,159.1500,180.0000,191.7300,1136,clog,main,train,966
41,180,10.0330,0.5810,35.0000,159.1600,180.0000,191.8500,1136,clog,main,train,956
41,190,10.0670,0.5940,35.0000,159.2000,180.0000,191.5000,1136,clog,main,train,946
41,200,10.0445,0.5845,35.0000,159.2000,180.0000,190.7500,1136,clog,main,train,936
41,210,9.9955,0.5690,35.0000,159.0000,180.0000,190.0400,1136,clog,main,train,926
41,220,10.0170,0.5810,35.0000,158.9400,180.0000,189.5800,1136,clog,main,train,916
41,230,10.1050,0.6080,35.0000,159.2800,180.0000,189.6600,1136,clog,main,train,906
41,240,10.0190,0.5810,35.0000,159.5300,180.0000,189.9900,1136,clog,main,train,896
41,250,10.0490,0.5910,35.0000,159.5300,180.0000,190.3800,1136,clog,main,train,886
41,260,10.1750,0.6390,35.0000,159.4700,180.0000,191.4500,1136,clog,main,train,876
41,270,10.1600,0.6235,35.0000,159.2900,180.0000,192.1200,1136,clog,main,train,866
41,280,10.1620,0.6280,35.0000,159.1600,180.0000,191.9900,1136,clog,main,train,856
41,290,10.2850,0.6650,35.0000,159.2900,180.0000,191.4500,1136,clog,main,train,846
41,300,10.2840,0.6630,35.0000,159.7600,180.0000,190.6500,1136,clog,main,train,836
41,310,10.2170,0.6530,35.0000,159.9000,180.0000,190.0300,1136,clog,main,train,826
41,320,10.2570,0.6500,35.0000,159.8500,180.0000,189.9100,1136,clog,main,train,816
41,330,10.2640,0.6540,35.0000,159.7000,180.0000,189.9900,1136,clog,main,train,806
41,340,10.3210,0.6730,35.0000,159.5800,180.0000,190.2000,1136,clog,main,train,796
41,350,10.2930,0.6620,35.0000,159.5900,180.0000,191.2000,1136,clog,main,train,786
41,360,10.2890,0.6750,35.0000,159.8200,180.0000,192.1100,1136,clog,main,train,776
41,370,10.2300,0.6450,35.0000,159.9800,180.0000,192.2800,1136,clog,main,train,766
41,380,10.3120,0.6855,35.0000,159.8600,180.0000,191.9400,1136,clog,main,train,756
41,390,10.5400,0.7350,35.0000,159.4700,180.0000,191.3900,1136,clog,main,train,746
41,400,10.4630,0.7200,35.0000,159.5700,180.0000,190.5600,1136,clog,main,train,736
41,410,10.3530,0.6890,35.0000,159.9600,180.0000,190.0200,1136,clog,main,train,726
41,420,10.3430,0.6845,35.0000,159.9300,180.0000,189.8400,1136,clog,main,train,716
41,430,10.3225,0.6845,35.0000,159.7600,180.0000,189.9700,1136,clog,main,train,706
41,440,10.3445,0.6835,35.0000,159.8300,180.0000,190.2100,1136,clog,main,train,696
41,450,10.3930,0.7055,35.0000,159.9600,180.0000,191.2000,1136,clog,main,train,686
41,460,10.4690,0.7380,35.0000,159.8200,180.0000,192.0700,1136,clog,main,train,676
41,470,10.4760,0.7180,35.0000,159.8400,180.0000,192.1700,1136,clog,main,train,666
41,480,10.4720,0.7260,35.0000,160.0000,180.0000,191.9500,1136,clog,main,train,656
41,490,10.4505,0.7165,35.0000,160.0000,180.0000,191.4600,1136,clog,main,train,646
41,500,10.5680,0.7590,35.0000,160.0000,180.0000,190.5600,1136,clog,main,train,636
41,510,10.7000,0.7870,35.0000,160.0000,180.0000,190.0200,1136,clog,main,train,626
41,520,10.5370,0.7450,35.0000,160.0000,180.0000,189.9400,1136,clog,main,train,616
41,530,10.5020,0.7380,35.0000,160.0000,180.0000,190.0000,1136,clog,main,train,606
41,540,10.3940,0.7000,35.0000,160.0000,180.0000,190.2000,1136,clog,main,train,596
41,550,10.4110,0.6950,35.0000,160.0000,180.0000,191.1000,1136,clog,main,train,586
41,560,10.5630,0.7580,35.0000,160.0000,180.0000,191.9300,1136,clog,main,train,576
41,570,10.6110,0.7670,35.0000,160.0000,180.0000,192.1000,1136,clog,main,train,566
41,580,10.7605,0.8265,35.0000,160.0000,180.0000,191.9600,1136,clog,main,train,556
41,590,10.8170,0.8290,35.0000,160.0000,180.0000,191.4900,1136,clog,main,train,546
41,600,10.7650,0.8170,35.0000,160.0000,180.0000,190.6900,1136,clog,main,train,536
41,610,10.6500,0.7830,35.0000,160.0000,180.0000,190.0500,1136,clog,main,train,526
41,620,10.6840,0.8030,35.0000,160.0000,180.0000,189.9200,1136,clog,main,train,516
41,630,10.6460,0.7820,35.0000,160.0000,180.0000,189.9800,1136,clog,main,train,506
41,640,10.6600,0.7850,35.0000,160.0000,180.0000,190.1500,1136,clog,main,train,496
41,650,10.6100,0.7700,35.0000,160.0000,180.0000,191.1200,1136,clog,main,train,486
41,660,10.6540,0.7830,35.0000,160.0000,180.0000,192.2600,1136,clog,main,train,476
41,670,10.5980,0.7610,35.0000,160.0000,180.0000,192.4900,1136,clog,main,train,466
41,680,10.5715,0.7535,35.0000,160.0000,180.0000,192.2000,1136,clog,main,train,456
41,690,10.6440,0.7740,35.0000,160.0000,180.0000,191.7400,1136,clog,main,train,446
41,700,10.7980,0.8290,35.0000,160.0000,180.0000,191.0900,1136,clog,main,train,436
41,710,11.0250,0.9025,35.0000,160.0000,180.0000,190.3100,1136,clog,main,train,426
41,720,10.9870,0.8840,35.0000,160.0000,180.0000,190.0000,1136,clog,main,train,416
41,730,11.0185,0.9005,35.0000,160.0000,180.0000,190.0000,1136,clog,main,train,406
41,740,10.8400,0.8400,35.0000,160.0000,180.0000,190.0000,1136,clog,main,train,396
41,750,10.6920,0.7990,35.0000,160.0000,180.0000,190.4600,1136,clog,main,train,386
41,760,10.6850,0.7980,35.0000,160.0000,180.0000,191.5200,1136,clog,main,train,376
41,770,10.7655,0.8185,35.0000,160.0000,180.0000,192.1100,1136,clog,main,train,366
41,780,10.7940,0.8290,35.0000,160.1600,180.0000,192.1000,1136,clog,main,train,356
41,790,10.7410,0.8100,35.0000,160.1600,180.0000,191.7100,1136,clog,main,train,346
41,800,10.6885,0.7950,35.0000,160.0000,180.0000,191.2100,1136,clog,main,train,336
41,810,10.8265,0.8480,35.0000,160.0000,180.0000,190.3500,1136,clog,main,train,326
41,820,10.7670,0.8240,35.0000,160.0000,180.0000,189.9800,1136,clog,main,train,316
41,830,10.6270,0.7840,35.0000,160.0200,180.0000,189.8600,1136,clog,main,train,306
41,840,10.5895,0.7755,35.0000,160.1100,180.0000,190.0000,1136,clog,main,train,296
41,850,10.7130,0.8060,35.0000,160.0300,180.0000,190.4600,1136,clog,main,train,286
41,860,10.6095,0.7875,35.0000,160.0000,180.0000,191.7600,1136,clog,main,train,276
41,870,10.5615,0.7655,35.0000,160.0000,180.0000,192.4600,1136,clog,main,train,266
41,880,10.5980,0.7790,35.0000,160.0000,180.0000,192.3900,1136,clog,main,train,256
41,890,10.6030,0.7650,35.0000,160.0900,180.0000,191.9600,1136,clog,main,train,246
41,900,10.5420,0.7580,35.0000,160.4300,180.0000,191.3000,1136,clog,main,train,236
41,910,10.6130,0.7840,35.0000,160.0700,180.0000,190.3400,1136,clog,main,train,226
41,920,10.5660,0.7650,35.0000,160.0000,180.0000,189.9900,1136,clog,main,train,216
41,930,10.6460,0.7870,35.0000,160.0000,180.0000,189.9500,1136,clog,main,train,206
41,940,10.6220,0.7860,35.0000,160.0000,180.0000,190.0000,1136,clog,main,train,196
41,950,10.5670,0.7670,35.0000,160.0000,180.0000,190.5600,1136,clog,main,train,186
41,960,10.5220,0.7560,35.0000,160.0000,180.0000,191.7400,1136,clog,main,train,176
41,970,10.6095,0.7765,35.0000,160.0000,180.0000,192.3400,1136,clog,main,train,166
41,980,10.8060,0.8460,35.0000,160.0000,180.0000,192.1700,1136,clog,main,train,156
41,990,10.7055,0.8080,35.0000,160.0000,180.0000,191.8100,1136,clog,main,train,146
41,1000,10.6490,0.8000,35.0000,160.0000,180.0000,191.2500,1136,clog,main,train,136
41,1010,10.8070,0.8580,35.0000,160.0000,180.0000,190.3550,1136,clog,main,train,126
41,1020,10.8920,0.8730,35.0000,160.0000,180.0000,190.0000,1136,clog,main,train,116
41,1030,11.1440,0.9430,35.0000,160.0000,180.0000,189.9500,1136,clog,main,train,106
41,1040,10.9110,0.8720,35.0000,160.0000,180.0000,190.0000,1136,clog,main,train,96
41,1050,10.9800,0.8960,35.0000,160.0000,180.0000,190.1400,1136,clog,main,train,86
41,1060,10.9190,0.8820,35.0000,160.0000,180.0000,191.0900,1136,clog,main,train,76
41,1070,11.0210,0.9110,35.0000,160.0000,180.0000,192.0400,1136,clog,main,train,66
41,1080,11.0420,0.9210,35.0000,160.0000,180.0000,192.1400,1136,clog,main,train,56
41,1090,11.0385,0.9195,35.0000,160.0000,180.0000,191.8100,1136,clog,main,train,46
41,1100,11.0420,0.9180,35.0000,160.0000,180.0000,191.4800,1136,clog,main,train,36
41,1110,11.2290,0.9630,35.0000,160.0000,180.0000,190.7400,1136,clog,main,train,26
41,1120,11.0290,0.9160,35.0000,160.0000,180.0000,190.0600,1136,clog,main,train,16
41,1130,11.0190,0.9170,35.0000,160.0000,180.0000,189.9000,1136,clog,main,train,6
42,10,10.0990,0.6250,35.0000,160.0000,180.0000,191.5600,272,clog,main,train,262
42,20,10.1290,0.6350,35.0000,160.0000,180.0000,191.5400,272,clog,main,train,252
42,30,10.0700,0.6100,35.0000,160.0000,180.0000,191.0100,272,clog,main,train,242
42,40,10.0210,0.5910,35.0000,160.0000,180.0000,190.2100,272,clog,main,train,232
42,50,10.0800,0.6140,35.0000,160.0000,180.0000,189.9500,272,clog,main,train,222
42,60,10.0100,0.5960,35.0000,160.0000,180.0000,189.3600,272,clog,main,train,212
42,70,10.1220,0.6240,35.0000,160.0000,180.0000,189.4500,272,clog,main,train,202
42,80,10.1420,0.6380,35.0000,160.0000,180.0000,189.9400,272,clog,main,train,192
42,90,10.1210,0.6240,35.0000,160.0000,180.0000,190.1500,272,clog,main,train,182
42,100,10.0640,0.6080,35.0000,159.8600,180.0000,191.0300,272,clog,main,train,172
42,110,10.1170,0.6275,35.0000,159.7300,180.0000,191.4900,272,clog,main,train,162
42,120,10.2490,0.6630,35.0000,159.6000,180.0000,191.3700,272,clog,main,train,152
42,130,10.4040,0.7090,35.0000,159.6000,180.0000,190.7700,272,clog,main,train,142
42,140,10.5200,0.7595,35.0000,159.5600,180.0000,190.0700,272,clog,main,train,132
42,150,10.6990,0.8230,35.0000,159.4300,180.0000,189.7200,272,clog,main,train,122
42,160,10.7810,0.8470,35.0000,159.4000,180.0000,189.5100,272,clog,main,train,112
42,170,10.7690,0.8380,35.0000,159.4000,180.0000,189.9000,272,clog,main,train,102
42,180,10.8085,0.8515,35.0000,159.4000,180.0000,190.1000,272,clog,main,train,92
42,190,10.9205,0.8880,35.0000,159.4000,180.0000,190.8900,272,clog,main,train,82
42,200,11.1175,0.9360,35.0000,159.4300,180.0000,191.7600,272,clog,main,train,72
42,210,11.0795,0.9485,35.0000,159.5900,180.0000,191.8300,272,clog,main,train,62
42,220,11.0010,0.9290,35.0000,159.6000,180.0000,191.5600,272,clog,main,train,52
42,230,11.3040,1.0072,35.0000,159.6400,180.0000,190.9850,272,clog,main,train,42
42,240,11.0850,0.9567,35.0000,159.7700,180.0000,190.2300,272,clog,main,train,32
42,250,11.4150,1.0740,35.0000,159.8000,180.0000,189.9800,272,clog,main,train,22
42,260,11.4845,1.0817,35.0000,159.8100,180.0000,189.7450,272,clog,main,train,12
42,270,11.3910,1.0522,35.0000,159.9600,180.0000,189.9550,272,clog,main,train,2
43,10,10.2605,0.6710,35.0000,160.0000,180.0000,189.5400,187,clog,main,train,177
43,20,10.2135,0.6505,35.0000,160.0000,180.0000,189.9800,187,clog,main,train,167
43,30,10.2360,0.6590,35.0000,160.0000,180.0000,190.6100,187,clog,main,train,157
43,40,10.4030,0.7110,35.0000,160.0000,180.0000,191.4600,187,clog,main,train,147
43,50,10.4470,0.7220,35.0000,160.0000,180.0000,191.5000,187,clog,main,train,137
43,60,10.4740,0.7275,35.0000,160.0000,180.0000,191.1500,187,clog,main,train,127
43,70,10.5750,0.7630,35.0000,160.0000,180.0000,190.5500,187,clog,main,train,117
43,80,10.8940,0.8520,35.0000,160.0000,180.0000,190.0400,187,clog,main,train,107
43,90,10.8340,0.8470,35.0000,160.0000,180.0000,189.7100,187,clog,main,train,97
43,100,11.0820,0.9250,35.0000,160.0000,180.0000,189.5300,187,clog,main,train,87
43,110,11.0610,0.9235,35.0000,160.0000,180.0000,189.9500,187,clog,main,train,77
43,120,11.2750,0.9920,35.0000,160.0000,180.0000,190.2100,187,clog,main,train,67
43,130,11.2945,0.9850,35.0000,160.0000,180.0000,191.3600,187,clog,main,train,57
43,140,11.2700,0.9700,35.0000,160.0000,180.0000,192.0900,187,clog,main,train,47
43,150,11.1805,0.9505,35.0000,160.0000,180.0000,191.9900,187,clog,main,train,37
43,160,11.3910,1.0270,35.0000,160.0000,180.0000,191.5900,187,clog,main,train,27
43,170,11.3995,1.0105,35.0000,160.0000,180.0000,191.0400,187,clog,main,train,17
43,180,11.5450,1.0600,35.0000,160.0000,180.0000,190.2500,187,clog,main,train,7
44,10,10.1210,0.6300,35.0000,160.0000,180.0000,188.9700,348,clog,main,train,338
44,20,10.1500,0.6375,35.0000,160.0000,180.0000,189.4600,348,clog,main,train,328
44,30,10.1375,0.6310,35.0000,160.0000,180.0000,189.9700,348,clog,main,train,318
44,40,10.1790,0.6350,35.0000,160.0000,180.0000,190.4100,348,clog,main,train,308
44,50,10.2220,0.6520,35.0000,160.0000,180.0000,191.4200,348,clog,main,train,298
44,60,10.1350,0.6280,35.0000,160.0000,180.0000,191.7300,348,clog,main,train,288
44,70,10.1990,0.6450,35.0000,160.0000,180.0000,191.3900,348,clog,main,train,278
44,80,10.4650,0.7180,35.0000,160.0000,180.0000,190.6500,348,clog,main,train,268
44,90,10.4990,0.7410,35.0000,159.9600,180.0000,190.0300,348,clog,main,train,258
44,100,10.5235,0.7640,35.0000,159.9000,180.0000,189.5700,348,clog,main,train,248
44,110,10.7050,0.8090,35.0000,159.9900,180.0000,189.4100,348,clog,main,train,238
44,120,10.5750,0.7720,35.0000,160.0000,180.0000,189.9300,348,clog,main,train,228
44,130,10.7490,0.8265,35.0000,160.0000,180.0000,190.2200,348,clog,main,train,218
44,140,10.9460,0.8870,35.0000,160.0000,180.0000,191.4100,348,clog,main,train,208
44,150,10.9785,0.9060,35.0000,160.0000,180.0000,192.2300,348,clog,main,train,198
44,160,11.1900,0.9770,35.0000,160.0000,180.0000,192.3300,348,clog,main,train,188
44,170,11.0640,0.9300,35.0000,160.0000,180.0000,191.9400,348,clog,main,train,178
44,180,10.9020,0.8800,35.0000,160.0000,180.0000,191.3400,348,clog,main,train,168
44,190,11.0200,0.9160,35.0000,160.0000,180.0000,190.4200,348,clog,main,train,158
44,200,11.1180,0.9460,35.0000,160.0000,180.0000,189.9900,348,clog,main,train,148
44,210,11.5195,1.0840,35.0000,160.0000,180.0000,189.8200,348,clog,main,train,138
44,220,11.4690,1.0715,35.0000,160.0000,180.0000,189.9800,348,clog,main,train,128
44,230,11.4430,1.0700,35.0000,160.0000,180.0000,190.3700,348,clog,main,train,118
44,240,11.4320,1.0655,35.0000,160.0000,180.0000,191.6800,348,clog,main,train,108
44,250,11.3700,1.0490,35.0000,160.0000,180.0000,192.5800,348,clog,main,train,98
44,260,11.5740,1.1130,35.0000,160.0000,180.0000,192.7200,348,clog,main,train,88
44,270,11.6205,1.1450,35.0000,160.0000,180.0000,192.3000,348,clog,main,train,78
44,280,11.4570,1.0600,35.0000,160.0000,180.0000,191.7700,348,clog,main,train,68
44,290,11.4065,1.0525,35.0000,160.0000,180.0000,190.9900,348,clog,main,train,58
44,300,11.3175,1.0270,35.0000,160.0000,180.0000,190.1600,348,clog,main,train,48
44,310,11.6100,1.1300,35.0000,160.0000,180.0000,190.0000,348,clog,main,train,38
44,320,11.6590,1.1240,35.0000,160.0000,180.0000,190.0000,348,clog,main,train,28
44,330,11.5670,1.1080,35.0000,160.0000,180.0000,190.1100,348,clog,main,train,18
44,340,11.7245,1.1805,35.0000,160.0000,180.0000,191.0800,348,clog,main,train,8
45,10,10.3240,0.6620,35.0000,160.0000,180.0000,189.8200,311,burst,burst_extension,excluded,301
45,20,10.2500,0.6510,35.0000,160.0000,180.0000,190.0300,311,burst,burst_extension,excluded,291
45,30,10.3820,0.6840,35.0000,160.0000,180.0000,190.8300,311,burst,burst_extension,excluded,281
45,40,10.3885,0.6910,35.0000,160.0000,180.0000,191.8200,311,burst,burst_extension,excluded,271
45,50,10.6320,0.7630,35.0000,160.0000,180.0000,192.0100,311,burst,burst_extension,excluded,261
45,60,10.7550,0.8120,35.0000,160.0000,180.0000,191.6700,311,burst,burst_extension,excluded,251
45,70,11.1025,0.9235,35.0000,160.0000,180.0000,191.1600,311,burst,burst_extension,excluded,241
45,80,11.1240,0.9400,35.0000,160.0000,180.0000,190.3000,311,burst,burst_extension,excluded,231
45,90,11.0390,0.9240,35.0000,160.0000,180.0000,189.9600,311,burst,burst_extension,excluded,221
45,100,11.0600,0.9250,35.0000,160.0000,180.0000,189.7100,311,burst,burst_extension,excluded,211
45,110,11.0550,0.9210,35.0000,160.0000,180.0000,189.9300,311,burst,burst_extension,excluded,201
45,120,11.0345,0.9150,35.0000,160.0000,180.0000,190.1700,311,burst,burst_extension,excluded,191
45,130,11.0515,0.9235,35.0000,160.0000,180.0000,191.3000,311,burst,burst_extension,excluded,181
45,140,10.8305,0.8560,35.0000,160.0000,180.0000,192.2700,311,burst,burst_extension,excluded,171
45,150,10.6930,0.8140,35.0000,160.0000,180.0000,192.4000,311,burst,burst_extension,excluded,161
45,160,10.6690,0.8040,35.0000,160.0000,180.0000,191.9500,311,burst,burst_extension,excluded,151
45,170,10.8790,0.8770,35.0000,160.0000,180.0000,191.3400,311,burst,burst_extension,excluded,141
45,180,11.1080,0.9450,35.0000,160.0000,180.0000,190.5400,311,burst,burst_extension,excluded,131
45,190,11.0705,0.9310,35.0000,160.0000,180.0000,190.0200,311,burst,burst_extension,excluded,121
45,200,11.0850,0.9480,35.0000,160.0000,180.0000,190.0000,311,burst,burst_extension,excluded,111
45,210,11.1760,0.9640,35.0000,160.0000,180.0000,190.0000,311,burst,burst_extension,excluded,101
45,220,11.1485,0.9605,35.0000,160.0000,180.0000,190.1800,311,burst,burst_extension,excluded,91
45,230,11.0725,0.9395,35.0000,160.0000,180.0000,191.2300,311,burst,burst_extension,excluded,81
45,240,11.0170,0.9290,35.0000,160.0000,180.0000,192.2800,311,burst,burst_extension,excluded,71
45,250,11.1965,0.9945,35.0000,160.0000,180.0000,192.5000,311,burst,burst_extension,excluded,61
45,260,11.3725,1.0515,35.0000,160.0000,180.0000,192.0600,311,burst,burst_extension,excluded,51
45,270,11.3150,1.0380,35.0000,160.0000,180.0000,191.5000,311,burst,burst_extension,excluded,41
45,280,11.2950,1.0330,35.0000,160.0000,180.0000,190.6900,311,burst,burst_extension,excluded,31
45,290,11.4035,1.0780,35.0000,160.0000,180.0000,190.0300,311,burst,burst_extension,excluded,21
45,300,11.5175,1.1005,35.0000,160.0000,180.0000,190.0000,311,burst,burst_extension,excluded,11
45,310,11.5200,1.0990,35.0000,160.0000,180.0000,190.0000,311,burst,burst_extension,excluded,1
46,10,10.4150,0.6940,35.0000,160.0000,180.0000,190.2500,370,clog,main,train,360
46,20,10.3570,0.6770,35.0000,160.0000,180.0000,189.9700,370,clog,main,train,350
46,30,10.3110,0.6670,35.0000,160.0000,180.0000,189.4400,370,clog,main,train,340
46,40,10.4590,0.7015,35.0000,160.0000,180.0000,189.4400,370,clog,main,train,330
46,50,10.5940,0.7495,35.0000,160.0000,180.0000,189.9300,370,clog,main,train,320
46,60,11.0580,0.8940,35.0000,159.9500,180.0000,190.2200,370,clog,main,train,310
46,70,11.0015,0.8865,35.0000,159.9500,180.0000,191.3200,370,clog,main,train,300
46,80,11.1030,0.9170,35.0000,160.0000,180.0000,191.9500,370,clog,main,train,290
46,90,11.2145,0.9520,35.0000,160.0000,180.0000,191.8200,370,clog,main,train,280
46,100,11.0640,0.8990,35.0000,160.0000,180.0000,191.4500,370,clog,main,train,270
46,110,11.2580,0.9530,35.0000,160.0000,180.0000,190.7700,370,clog,main,train,260
46,120,11.2755,0.9745,35.0000,159.9600,180.0000,190.1200,370,clog,main,train,250
46,130,11.1590,0.9315,35.0000,159.7200,180.0000,190.0000,370,clog,main,train,240
46,140,11.2370,0.9590,35.0000,159.6900,180.0000,190.0000,370,clog,main,train,230
46,150,11.2480,0.9630,35.0000,159.6100,180.0000,190.0000,370,clog,main,train,220
46,160,11.3350,0.9790,35.0000,159.8200,180.0000,190.2400,370,clog,main,train,210
46,170,11.2520,0.9550,35.0000,159.9700,180.0000,191.3700,370,clog,main,train,200
46,180,11.0230,0.8930,35.0000,160.0000,180.0000,192.2300,370,clog,main,train,190
46,190,11.2170,0.9520,35.0000,160.0000,180.0000,192.2100,370,clog,main,train,180
46,200,11.2020,0.9365,35.0000,159.9600,180.0000,191.7200,370,clog,main,train,170
46,210,11.1900,0.9400,35.0000,159.9600,180.0000,191.0300,370,clog,main,train,160
46,220,11.2690,0.9635,35.0000,160.0000,180.0000,190.2300,370,clog,main,train,150
46,230,11.4070,1.0230,35.0000,160.0000,180.0000,190.0000,370,clog,main,train,140
46,240,11.4045,1.0170,35.0000,160.0000,180.0000,190.0000,370,clog,main,train,130
46,250,11.4230,1.0185,35.0000,160.0000,180.0000,190.0000,370,clog,main,train,120
46,260,11.5915,1.0740,35.0000,160.0000,180.0000,190.3150,370,clog,main,train,110
46,270,11.5545,1.0630,35.0000,160.0000,180.0000,191.4200,370,clog,main,train,100
46,280,11.6550,1.1000,35.0000,160.0000,180.0000,192.2400,370,clog,main,train,90
46,290,11.3390,0.9910,35.0000,160.0000,180.0000,192.3600,370,clog,main,train,80
46,300,11.1340,0.9300,35.0000,160.0000,180.0000,191.9800,370,clog,main,train,70
46,310,11.3790,1.0010,35.0000,160.0000,180.0000,191.3400,370,clog,main,train,60
46,320,11.5105,1.0565,35.0000,160.0000,180.0000,190.4350,370,clog,main,train,50
46,330,11.4780,1.0280,35.0000,160.0000,180.0000,190.0100,370,clog,main,train,40
46,340,11.5160,1.0560,35.0000,160.0000,180.0000,190.0000,370,clog,main,train,30
46,350,11.6050,1.0850,35.0000,160.0000,180.0000,190.0000,370,clog,main,train,20
46,360,11.5030,1.0590,35.0000,160.0000,180.0000,190.3700,370,clog,main,train,10
46,370,11.6505,1.1015,35.0000,160.0000,180.0000,191.3100,370,clog,main,train,0
47,10,10.3150,0.6585,35.0000,160.0000,180.0000,191.6900,138,burst,burst_extension,excluded,128
47,20,10.2180,0.6345,35.0000,160.0000,180.0000,191.7700,138,burst,burst_extension,excluded,118
47,30,10.3350,0.6670,35.0000,160.0000,180.0000,191.5400,138,burst,burst_extension,excluded,108
47,40,10.2765,0.6495,35.0000,160.0000,180.0000,190.8400,138,burst,burst_extension,excluded,98
47,50,10.2370,0.6480,35.0000,160.0000,180.0000,190.1100,138,burst,burst_extension,excluded,88
47,60,10.3380,0.6840,35.0000,159.9500,180.0000,189.8200,138,burst,burst_extension,excluded,78
47,70,10.4230,0.7000,35.0000,159.8000,180.0000,189.5300,138,burst,burst_extension,excluded,68
47,80,10.5660,0.7425,35.0000,159.8900,180.0000,189.9100,138,burst,burst_extension,excluded,58
47,90,10.6835,0.7905,35.0000,159.9200,180.0000,190.1500,138,burst,burst_extension,excluded,48
47,100,10.6810,0.7860,35.0000,160.0000,180.0000,191.2000,138,burst,burst_extension,excluded,38
47,110,10.6200,0.7590,35.0000,160.0000,180.0000,192.1000,138,burst,burst_extension,excluded,28
47,120,10.8050,0.8280,35.0000,160.0000,180.0000,192.1100,138,burst,burst_extension,excluded,18
47,130,10.9560,0.8670,35.0000,160.0000,180.0000,191.7700,138,burst,burst_extension,excluded,8
48,10,10.0530,0.5930,35.0000,160.0000,180.0000,191.3400,117,burst,burst_extension,excluded,107
48,20,10.1475,0.6365,35.0000,160.0000,180.0000,190.6500,117,burst,burst_extension,excluded,97
48,30,10.0820,0.5980,35.0000,160.0000,180.0000,190.0600,117,burst,burst_extension,excluded,87
48,40,10.1140,0.6070,35.0000,160.0000,180.0000,189.9600,117,burst,burst_extension,excluded,77
48,50,10.2030,0.6330,35.0000,160.0000,180.0000,189.8700,117,burst,burst_extension,excluded,67
48,60,10.2180,0.6450,35.0000,160.0000,180.0000,190.0000,117,burst,burst_extension,excluded,57
48,70,10.3560,0.6810,35.0000,160.0000,180.0000,190.3900,117,burst,burst_extension,excluded,47
48,80,10.6490,0.7710,35.0000,160.0000,180.0000,191.6100,117,burst,burst_extension,excluded,37
48,90,10.9970,0.8890,35.0000,160.0000,180.0000,192.3700,117,burst,burst_extension,excluded,27
48,100,11.0480,0.9010,35.0000,160.0000,180.0000,192.4300,117,burst,burst_extension,excluded,17
48,110,11.0095,0.8915,35.0000,160.0000,180.0000,192.0400,117,burst,burst_extension,excluded,7
49,10,10.0440,0.6040,34.2000,157.2000,180.0000,188.3700,116,burst,burst_extension,excluded,106
49,20,10.0810,0.6120,34.1900,157.3000,180.0000,187.9800,116,burst,burst_extension,excluded,96
49,30,10.1280,0.6270,34.1900,157.6400,180.0000,187.3400,116,burst,burst_extension,excluded,86
49,40,10.1730,0.6350,34.1400,157.7100,180.0000,186.7100,116,burst,burst_extension,excluded,76
49,50,10.1510,0.6270,34.1100,157.6100,180.0000,186.8400,116,burst,burst_extension,excluded,66
49,60,10.1710,0.6200,34.1000,157.4000,180.0000,187.7200,116,burst,burst_extension,excluded,56
49,70,10.2730,0.6630,34.1300,157.3000,180.0000,188.5700,116,burst,burst_extension,excluded,46
49,80,10.4820,0.7380,34.1700,157.3900,180.0000,189.4400,116,burst,burst_extension,excluded,36
49,90,10.7700,0.8090,34.2300,157.7600,180.0000,189.8000,116,burst,burst_extension,excluded,26
49,100,10.8845,0.8515,34.3000,157.9800,180.0000,189.6600,116,burst,burst_extension,excluded,16
49,110,10.8560,0.8570,34.3000,157.9600,180.0000,189.1900,116,burst,burst_extension,excluded,6
50,10,10.0130,0.5760,35.0000,160.0000,180.0000,190.2100,323,clog,main,train,313
50,20,10.0630,0.5960,35.0000,160.0000,180.0000,190.0000,323,clog,main,train,303
50,30,10.1030,0.6080,35.0000,160.0000,180.0000,189.9600,323,clog,main,train,293
50,40,10.1630,0.6220,35.0000,160.0000,180.0000,189.2800,323,clog,main,train,283
50,50,10.1920,0.6420,35.0000,160.0000,180.0000,188.9100,323,clog,main,train,273
50,60,10.1640,0.6240,35.0000,160.0000,180.0000,189.4600,323,clog,main,train,263
50,70,10.1910,0.6330,35.0000,159.8700,180.0000,189.9600,323,clog,main,train,253
50,80,10.2350,0.6570,35.0000,159.7000,180.0000,190.0400,323,clog,main,train,243
50,90,10.4820,0.7270,35.0000,159.6200,180.0000,190.5000,323,clog,main,train,233
50,100,10.5990,0.7810,35.0000,159.7000,180.0000,190.4700,323,clog,main,train,223
50,110,10.4490,0.7120,35.0000,159.8600,180.0000,190.1400,323,clog,main,train,213
50,120,10.5280,0.7410,35.0000,159.7700,180.0000,190.0000,323,clog,main,train,203
50,130,10.6620,0.7915,35.0000,159.6000,180.0000,189.8100,323,clog,main,train,193
50,140,10.7380,0.8060,35.0000,159.6000,180.0000,189.2300,323,clog,main,train,183
50,150,10.6870,0.7860,35.0000,159.6900,180.0000,189.4200,323,clog,main,train,173
50,160,10.6990,0.7980,35.0000,159.8000,180.0000,189.9300,323,clog,main,train,163
50,170,11.0055,0.8985,35.0000,159.9000,180.0000,190.1100,323,clog,main,train,153
50,180,11.1950,0.9600,35.0000,159.8900,180.0000,190.7800,323,clog,main,train,143
50,190,11.3570,1.0050,35.0000,159.7200,180.0000,191.0500,323,clog,main,train,133
50,200,11.1800,0.9520,35.0000,159.6200,180.0000,190.6500,323,clog,main,train,123
50,210,11.1480,0.9430,35.0000,159.7900,180.0000,190.1700,323,clog,main,train,113
50,220,11.1470,0.9370,35.0000,159.9000,180.0000,189.9900,323,clog,main,train,103
50,230,11.3970,1.0220,35.0000,159.9800,180.0000,189.5800,323,clog,main,train,93
50,240,11.5390,1.0740,35.0000,159.9700,180.0000,189.4500,323,clog,main,train,83
50,250,11.2840,0.9910,35.0000,160.0000,180.0000,189.9000,323,clog,main,train,73
50,260,11.2535,0.9870,35.0000,160.0000,180.0000,190.0900,323,clog,main,train,63
50,270,11.2560,0.9870,35.0000,160.0000,180.0000,190.7700,323,clog,main,train,53
50,280,11.3790,1.0170,35.0000,160.0000,180.0000,191.2800,323,clog,main,train,43
50,290,11.3190,1.0050,35.0000,160.0000,180.0000,190.9500,323,clog,main,train,33
50,300,11.4160,1.0480,35.0000,160.0000,180.0000,190.2900,323,clog,main,train,23
50,310,11.5170,1.0580,35.0000,160.0000,180.0000,190.0000,323,clog,main,train,13
50,320,11.4030,1.0415,35.0000,160.0000,180.0000,189.8900,323,clog,main,train,3
51,10,10.2205,0.6620,35.0000,160.0000,180.0000,189.7300,499,clog,main,train,489
51,20,10.1935,0.6460,35.0000,160.0000,180.0000,189.4100,499,clog,main,train,479
51,30,10.1850,0.6430,35.0000,160.0000,180.0000,189.7000,499,clog,main,train,469
51,40,10.1375,0.6080,35.0000,160.0000,180.0000,189.9900,499,clog,main,train,459
51,50,10.1080,0.6090,35.0000,160.0000,180.0000,190.0300,499,clog,main,train,449
51,60,10.1780,0.6320,35.0000,160.0000,180.0000,190.4400,499,clog,main,train,439
51,70,10.1715,0.6280,35.0000,160.0000,180.0000,190.6800,499,clog,main,train,429
51,80,10.1890,0.6310,35.0000,160.0000,180.0000,190.4300,499,clog,main,train,419
51,90,10.2700,0.6530,35.0000,160.0000,180.0000,190.0400,499,clog,main,train,409
51,100,10.2700,0.6710,35.0000,160.0000,180.0000,189.8600,499,clog,main,train,399
51,110,10.4070,0.7060,35.0000,160.0000,180.0000,189.5100,499,clog,main,train,389
51,120,10.4090,0.7120,35.0000,160.0000,180.0000,189.7400,499,clog,main,train,379
51,130,10.5540,0.7570,35.0000,159.9100,180.0000,190.0000,499,clog,main,train,369
51,140,10.5940,0.7630,35.0000,159.9700,180.0000,190.2800,499,clog,main,train,359
51,150,10.4400,0.7180,35.0000,160.0000,180.0000,191.1200,499,clog,main,train,349
51,160,10.6030,0.7670,35.0000,160.0000,180.0000,191.3000,499,clog,main,train,339
51,170,10.6180,0.7720,35.0000,160.0000,180.0000,190.7700,499,clog,main,train,329
51,180,10.6710,0.7945,35.0000,159.9000,180.0000,190.1300,499,clog,main,train,319
51,190,10.6810,0.7870,35.0000,159.9100,180.0000,189.8600,499,clog,main,train,309
51,200,10.7705,0.8160,35.0000,160.0000,180.0000,189.4700,499,clog,main,train,299
51,210,10.8020,0.8330,35.0000,160.0000,180.0000,189.7500,499,clog,main,train,289
51,220,10.8440,0.8430,35.0000,160.0000,180.0000,190.0100,499,clog,main,train,279
51,230,11.0145,0.9015,35.0000,160.0000,180.0000,190.6000,499,clog,main,train,269
51,240,11.0210,0.8950,35.0000,160.0000,180.0000,191.5500,499,clog,main,train,259
51,250,10.9805,0.8885,35.0000,160.0000,180.0000,191.7200,499,clog,main,train,249
51,260,10.8820,0.8490,35.0000,160.0000,180.0000,191.2100,499,clog,main,train,239
51,270,10.9130,0.8840,35.0000,160.0000,180.0000,190.4400,499,clog,main,train,229
51,280,10.8820,0.8655,35.0000,160.0000,180.0000,189.9900,499,clog,main,train,219
51,290,10.8040,0.8450,35.0000,160.0000,180.0000,189.7700,499,clog,main,train,209
51,300,10.8105,0.8405,35.0000,160.0000,180.0000,189.9400,499,clog,main,train,199
51,310,10.9580,0.8870,35.0000,160.0000,180.0000,190.0500,499,clog,main,train,189
51,320,11.0440,0.9180,35.0000,160.0000,180.0000,190.8100,499,clog,main,train,179
51,330,11.1600,0.9480,35.0000,160.0000,180.0000,191.7500,499,clog,main,train,169
51,340,11.0090,0.9020,35.0000,160.0000,180.0000,191.8000,499,clog,main,train,159
51,350,11.1080,0.9430,35.0000,160.0000,180.0000,191.4400,499,clog,main,train,149
51,360,10.9580,0.9020,35.0000,160.0000,180.0000,190.8900,499,clog,main,train,139
51,370,11.1620,0.9540,35.0000,160.0000,180.0000,190.1200,499,clog,main,train,129
51,380,11.1270,0.9430,35.0000,160.0000,180.0000,189.9600,499,clog,main,train,119
51,390,11.4410,1.0560,35.0000,160.0000,180.0000,189.8400,499,clog,main,train,109
51,400,11.3915,1.0360,35.0000,160.0000,180.0000,190.0000,499,clog,main,train,99
51,410,11.3690,1.0260,35.0000,160.0000,180.0000,190.4000,499,clog,main,train,89
51,420,11.1060,0.9450,35.0000,160.0000,180.0000,191.5100,499,clog,main,train,79
51,430,11.2050,0.9760,35.0000,160.0000,180.0000,191.9000,499,clog,main,train,69
51,440,11.2410,0.9930,35.0000,160.0000,180.0000,191.7100,499,clog,main,train,59
51,450,11.4830,1.0840,35.0000,160.0000,180.0000,191.2500,499,clog,main,train,49
51,460,11.5410,1.0800,35.0000,160.0000,180.0000,190.6500,499,clog,main,train,39
51,470,11.5750,1.0890,35.0000,160.0000,180.0000,190.0700,499,clog,main,train,29
51,480,11.6620,1.1200,35.0000,160.0000,180.0000,190.0000,499,clog,main,train,19
51,490,11.6980,1.1400,35.0000,160.0000,180.0000,190.0000,499,clog,main,train,9
52,10,10.2600,0.6450,35.0000,160.0000,180.0000,189.9000,391,clog,main,test,381
52,20,10.2540,0.6300,35.0000,160.0000,180.0000,189.2300,391,clog,main,test,371
52,30,10.4130,0.6870,35.0000,160.0000,180.0000,189.4300,391,clog,main,test,361
52,40,10.4550,0.6930,35.0000,160.0000,180.0000,189.9500,391,clog,main,test,351
52,50,10.3280,0.6650,35.0000,160.0000,180.0000,190.3800,391,clog,main,test,341
52,60,10.3710,0.6760,35.0000,160.0000,180.0000,191.4100,391,clog,main,test,331
52,70,10.3405,0.6595,35.0000,160.0000,180.0000,191.7600,391,clog,main,test,321
52,80,10.5730,0.7400,35.0000,160.0000,180.0000,191.4600,391,clog,main,test,311
52,90,10.4510,0.7080,35.0000,160.0000,180.0000,190.8300,391,clog,main,test,301
52,100,10.6580,0.7620,35.0000,160.0000,180.0000,190.0800,391,clog,main,test,291
52,110,10.5610,0.7300,35.0000,160.0000,180.0000,189.7400,391,clog,main,test,281
52,120,10.4550,0.7060,35.0000,160.0000,180.0000,189.5100,391,clog,main,test,271
52,130,10.6025,0.7505,35.0000,160.0000,180.0000,189.9400,391,clog,main,test,261
52,140,10.6760,0.7660,35.0000,160.0000,180.0000,190.2800,391,clog,main,test,251
52,150,10.6070,0.7390,35.0000,159.9900,180.0000,191.4700,391,clog,main,test,241
52,160,10.9070,0.8410,35.0000,159.8400,180.0000,192.0600,391,clog,main,test,231
52,170,10.9020,0.8530,35.0000,159.8800,180.0000,192.0400,391,clog,main,test,221
52,180,10.9940,0.8880,35.0000,160.0000,180.0000,191.6000,391,clog,main,test,211
52,190,11.2325,0.9630,35.0000,160.0000,180.0000,190.9400,391,clog,main,test,201
52,200,11.3900,0.9940,35.0000,160.0000,180.0000,190.1300,391,clog,main,test,191
52,210,11.2155,0.9400,35.0000,160.0000,180.0000,190.0000,391,clog,main,test,181
52,220,11.1910,0.9290,35.0000,160.0000,180.0000,190.0000,391,clog,main,test,171
52,230,11.0430,0.8940,35.0000,160.0000,180.0000,190.0000,391,clog,main,test,161
52,240,11.2370,0.9460,35.0000,160.0000,180.0000,190.5500,391,clog,main,test,151
52,250,10.9550,0.8670,35.0000,160.0000,180.0000,191.7100,391,clog,main,test,141
52,260,10.9460,0.8630,35.0000,160.0000,180.0000,192.1700,391,clog,main,test,131
52,270,10.9550,0.8570,35.0000,160.0000,180.0000,191.9300,391,clog,main,test,121
52,280,11.1225,0.9175,35.0000,160.0000,180.0000,191.6000,391,clog,main,test,111
52,290,11.3740,0.9990,35.0000,160.0000,180.0000,190.9200,391,clog,main,test,101
52,300,11.3730,1.0050,35.0000,160.0000,180.0000,190.1000,391,clog,main,test,91
52,310,11.1530,0.9380,35.0000,160.0000,180.0000,190.0000,391,clog,main,test,81
52,320,11.1310,0.9300,35.0000,160.0000,180.0000,190.0000,391,clog,main,test,71
52,330,11.4940,1.0440,35.0000,160.0000,180.0000,190.0300,391,clog,main,test,61
52,340,11.2800,0.9830,35.0000,160.0000,180.0000,190.8500,391,clog,main,test,51
52,350,11.1835,0.9535,35.0000,160.0000,180.0000,191.9400,391,clog,main,test,41
52,360,11.1020,0.9285,35.0000,160.0000,180.0000,192.1800,391,clog,main,test,31
52,370,11.0895,0.9275,35.0000,160.0000,180.0000,191.9300,391,clog,main,test,21
52,380,11.3000,0.9835,35.0000,160.0000,180.0000,191.4100,391,clog,main,test,11
52,390,11.4815,1.0395,35.0000,160.0000,180.0000,190.8100,391,clog,main,test,1
53,10,10.1790,0.6170,35.0000,160.0000,180.0000,191.7200,197,burst,burst_extension,excluded,187
53,20,10.1050,0.6080,35.0000,160.0000,180.0000,191.6400,197,burst,burst_extension,excluded,177
53,30,10.1150,0.6100,35.0000,160.0000,180.0000,191.1600,197,burst,burst_extension,excluded,167
53,40,10.0790,0.5880,35.0000,160.0000,180.0000,190.2900,197,burst,burst_extension,excluded,157
53,50,10.0550,0.5880,35.0000,160.0000,180.0000,189.8700,197,burst,burst_extension,excluded,147
53,60,10.1630,0.6195,35.0000,160.0000,180.0000,189.4200,197,burst,burst_extension,excluded,137
53,70,10.1560,0.6170,35.0000,160.0000,180.0000,189.7200,197,burst,burst_extension,excluded,127
53,80,10.1010,0.6010,35.0000,160.0000,180.0000,190.0100,197,burst,burst_extension,excluded,117
53,90,10.1460,0.6180,35.0000,159.9200,180.0000,190.6600,197,burst,burst_extension,excluded,107
53,100,10.2240,0.6380,35.0000,159.9200,180.0000,191.7100,197,burst,burst_extension,excluded,97
53,110,10.3320,0.6740,35.0000,159.9200,180.0000,191.9900,197,burst,burst_extension,excluded,87
53,120,10.4100,0.6955,35.0000,160.0000,180.0000,191.7700,197,burst,burst_extension,excluded,77
53,130,10.5910,0.7580,35.0000,160.0000,180.0000,191.2800,197,burst,burst_extension,excluded,67
53,140,10.7150,0.7950,35.0000,160.0000,180.0000,190.4800,197,burst,burst_extension,excluded,57
53,150,10.7715,0.8030,35.0000,160.0000,180.0000,190.0100,197,burst,burst_extension,excluded,47
53,160,11.0680,0.9155,35.0000,160.0000,180.0000,190.0000,197,burst,burst_extension,excluded,37
53,170,11.4700,1.0230,35.0000,160.0000,180.0000,190.0000,197,burst,burst_extension,excluded,27
53,180,11.3490,0.9955,35.0000,160.0000,180.0000,190.1200,197,burst,burst_extension,excluded,17
53,190,11.6870,1.0870,35.0000,160.0000,180.0000,190.9900,197,burst,burst_extension,excluded,7
54,10,10.2845,0.6795,35.0000,160.0000,180.0000,190.0000,126,clog,main,train,116
54,20,10.1730,0.6350,35.0000,160.0000,180.0000,190.0000,126,clog,main,train,106
54,30,10.1330,0.6250,35.0000,160.0000,180.0000,190.3300,126,clog,main,train,96
54,40,10.1995,0.6470,35.0000,159.8300,180.0000,190.6900,126,clog,main,train,86
54,50,10.1845,0.6490,35.0000,159.6600,180.0000,190.6400,126,clog,main,train,76
54,60,10.4110,0.7200,35.0000,159.6000,180.0000,190.1300,126,clog,main,train,66
54,70,10.5200,0.7520,35.0000,159.7700,180.0000,189.9500,126,clog,main,train,56
54,80,10.4510,0.7350,35.0000,159.7600,180.0000,189.4900,126,clog,main,train,46
54,90,10.6040,0.7885,35.0000,159.7100,180.0000,189.5300,126,clog,main,train,36
54,100,10.5520,0.7720,35.0000,159.7900,180.0000,189.9400,126,clog,main,train,26
54,110,10.7510,0.8310,35.0000,159.8300,180.0000,190.1000,126,clog,main,train,16
54,120,10.9860,0.9020,35.0000,159.9000,180.0000,190.9000,126,clog,main,train,6
55,10,9.9520,0.5730,35.0000,160.0000,180.0000,191.7100,255,clog,main,train,245
55,20,9.9860,0.5880,35.0000,160.0000,180.0000,191.7100,255,clog,main,train,235
55,30,10.0560,0.6050,35.0000,160.0000,180.0000,191.3200,255,clog,main,train,225
55,40,10.1930,0.6520,35.0000,160.0000,180.0000,190.4300,255,clog,main,train,215
55,50,10.3130,0.6790,35.0000,160.0000,180.0000,189.9700,255,clog,main,train,205
55,60,10.2410,0.6570,35.0000,160.0000,180.0000,189.5900,255,clog,main,train,195
55,70,10.2450,0.6660,35.0000,160.0000,180.0000,189.6500,255,clog,main,train,185
55,80,10.1875,0.6410,35.0000,160.0000,180.0000,189.9800,255,clog,main,train,175
55,90,10.2720,0.6730,35.0000,160.0000,180.0000,190.3000,255,clog,main,train,165
55,100,10.4050,0.7150,35.0000,160.0000,180.0000,191.2400,255,clog,main,train,155
55,110,10.5355,0.7575,35.0000,160.0000,180.0000,191.8700,255,clog,main,train,145
55,120,10.5370,0.7540,35.0000,160.0000,180.0000,191.7400,255,clog,main,train,135
55,130,10.6630,0.8030,35.0000,160.0000,180.0000,191.2700,255,clog,main,train,125
55,140,10.7000,0.8020,35.0000,160.0000,180.0000,190.4600,255,clog,main,train,115
55,150,10.8650,0.8590,35.0000,160.0000,180.0000,189.9900,255,clog,main,train,105
55,160,11.0260,0.9130,35.0000,160.0000,180.0000,189.5800,255,clog,main,train,95
55,170,11.0660,0.9260,35.0000,160.0000,180.0000,189.7400,255,clog,main,train,85
55,180,11.1180,0.9420,35.0000,160.0000,180.0000,190.0200,255,clog,main,train,75
55,190,11.2680,0.9940,35.0000,160.0000,180.0000,190.8100,255,clog,main,train,65
55,200,11.5560,1.0830,35.0000,160.0000,180.0000,192.0200,255,clog,main,train,55
55,210,11.4240,1.0510,35.0000,160.0000,180.0000,192.4600,255,clog,main,train,45
55,220,11.5330,1.0705,35.0000,160.0000,180.0000,192.2000,255,clog,main,train,35
55,230,11.6770,1.1250,35.0000,160.0000,180.0000,191.7500,255,clog,main,train,25
55,240,11.6500,1.1210,35.0000,160.0000,180.0000,191.1700,255,clog,main,train,15
55,250,11.6485,1.1280,35.0000,160.0000,180.0000,190.4200,255,clog,main,train,5
56,10,10.2790,0.6470,35.0000,160.0000,180.0000,190.1400,247,clog,main,test,237
56,20,10.3195,0.6525,35.0000,160.0000,180.0000,191.1600,247,clog,main,test,227
56,30,10.2520,0.6410,35.0000,160.0000,180.0000,191.7300,247,clog,main,test,217
56,40,10.1455,0.6060,35.0000,160.0000,180.0000,191.5600,247,clog,main,test,207
56,50,10.1490,0.6140,35.0000,160.0000,180.0000,190.8500,247,clog,main,test,197
56,60,10.2580,0.6490,35.0000,160.0000,180.0000,190.0900,247,clog,main,test,187
56,70,10.2575,0.6420,35.0000,159.9700,180.0000,189.8000,247,clog,main,test,177
56,80,10.3400,0.6740,35.0000,159.9000,180.0000,189.4200,247,clog,main,test,167
56,90,10.3505,0.6650,35.0000,159.9100,180.0000,189.7700,247,clog,main,test,157
56,100,10.4330,0.6970,35.0000,159.9500,180.0000,190.0100,247,clog,main,test,147
56,110,10.6840,0.7750,35.0000,159.9100,180.0000,190.6600,247,clog,main,test,137
56,120,10.6260,0.7600,35.0000,159.9300,180.0000,191.7700,247,clog,main,test,127
56,130,10.6240,0.7600,35.0000,159.9800,180.0000,192.0700,247,clog,main,test,117
56,140,10.4880,0.7165,35.0000,160.0000,180.0000,191.7200,247,clog,main,test,107
56,150,10.8350,0.8160,35.0000,160.0000,180.0000,191.1400,247,clog,main,test,97
56,160,10.7245,0.7885,35.0000,160.0000,180.0000,190.2900,247,clog,main,test,87
56,170,10.6270,0.7560,35.0000,160.0000,180.0000,189.9600,247,clog,main,test,77
56,180,10.8065,0.8175,35.0000,160.0000,180.0000,189.7400,247,clog,main,test,67
56,190,11.0290,0.8750,35.0000,159.9500,180.0000,189.9700,247,clog,main,test,57
56,200,10.9940,0.8790,35.0000,159.9400,180.0000,190.2700,247,clog,main,test,47
56,210,10.9840,0.8790,35.0000,160.0000,180.0000,191.4000,247,clog,main,test,37
56,220,11.2080,0.9610,35.0000,160.0000,180.0000,192.2300,247,clog,main,test,27
56,230,11.4250,1.0210,35.0000,160.0000,180.0000,192.3500,247,clog,main,test,17
56,240,11.4450,1.0190,35.0000,160.0000,180.0000,192.0000,247,clog,main,test,7
57,10,10.5180,0.7100,33.3500,157.0100,180.0000,186.7800,139,clog,main,train,129
57,20,10.4610,0.7170,33.6000,157.3300,180.0000,187.3000,139,clog,main,train,119
57,30,10.4140,0.7100,33.7900,157.1000,180.0000,187.2800,139,clog,main,train,109
57,40,10.5250,0.7270,33.9200,156.6700,180.0000,186.8800,139,clog,main,train,99
57,50,10.4610,0.7210,34.0400,156.5300,180.0000,186.3800,139,clog,main,train,89
57,60,10.4535,0.7380,33.8900,156.7100,180.0000,186.0200,139,clog,main,train,79
57,70,10.4020,0.7140,33.7800,157.1000,180.0000,186.4300,139,clog,main,train,69
57,80,10.4810,0.7300,33.7800,157.2300,180.0000,187.2600,139,clog,main,train,59
57,90,10.8360,0.8175,33.7500,157.2000,180.0000,188.1900,139,clog,main,train,49
57,100,11.0060,0.8880,33.7700,157.1500,180.0000,188.8400,139,clog,main,train,39
57,110,11.2760,0.9710,33.8400,157.0900,180.1100,189.0000,139,clog,main,train,29
57,120,11.3025,0.9765,34.0900,156.6900,180.1000,188.8600,139,clog,main,train,19
57,130,11.3920,1.0150,34.4000,156.4200,180.0100,188.5300,139,clog,main,train,9
58,10,10.4600,0.6820,35.0000,160.0000,180.0000,189.8600,142,clog,main,train,132
58,20,10.4510,0.6940,35.0000,160.0000,180.0000,190.0000,142,clog,main,train,122
58,30,10.4810,0.7130,35.0000,160.0000,180.0000,190.2000,142,clog,main,train,112
58,40,10.5350,0.7240,35.0000,159.9600,180.0000,190.2600,142,clog,main,train,102
58,50,10.6125,0.7285,35.0000,159.8200,180.0000,190.0300,142,clog,main,train,92
58,60,10.5660,0.7300,35.0000,159.7000,180.0000,190.0000,142,clog,main,train,82
58,70,10.9820,0.8520,35.0000,159.6200,180.0000,189.6100,142,clog,main,train,72
58,80,11.1080,0.8970,35.0000,159.5600,180.0000,189.1200,142,clog,main,train,62
58,90,11.0360,0.8770,35.0000,159.7100,180.0000,189.4400,142,clog,main,train,52
58,100,11.2325,0.9520,35.0000,159.7000,180.0000,189.9500,142,clog,main,train,42
58,110,11.5750,1.0340,35.0000,159.7600,180.0000,190.0800,142,clog,main,train,32
58,120,11.8310,1.1290,35.0000,159.7400,180.0000,190.5500,142,clog,main,train,22
58,130,11.8760,1.1460,35.0000,159.7400,180.0000,190.6600,142,clog,main,train,12
58,140,11.9765,1.2010,35.0000,159.7800,180.0000,190.4600,142,clog,main,train,2
59,10,10.4850,0.6725,35.0000,160.0000,180.0000,189.5300,115,clog,main,test,105
59,20,10.5455,0.6935,35.0000,160.0000,180.0000,189.9800,115,clog,main,test,95
59,30,10.7000,0.7605,35.0000,160.0000,180.0000,190.4900,115,clog,main,test,85
59,40,10.9360,0.8310,35.0000,160.0000,180.0000,191.2800,115,clog,main,test,75
59,50,11.3160,0.9400,35.0000,160.0000,180.0000,191.3300,115,clog,main,test,65
59,60,11.7080,1.0800,35.0000,160.0000,180.0000,190.9400,115,clog,main,test,55
59,70,11.7770,1.1140,35.0000,159.9700,180.0000,190.2700,115,clog,main,test,45
59,80,11.6360,1.0550,35.0000,159.9800,180.0000,189.9800,115,clog,main,test,35
59,90,11.4715,0.9845,35.0000,160.0000,180.0000,189.5900,115,clog,main,test,25
59,100,11.5690,1.0310,35.0000,160.0000,180.0000,189.6300,115,clog,main,test,15
59,110,11.5940,1.0440,35.0000,160.0000,180.0000,189.9700,115,clog,main,test,5
60,10,10.2910,0.6610,35.0000,160.0000,180.0000,190.5500,156,clog,main,train,146
60,20,10.2930,0.6590,35.0000,160.0000,180.0000,191.1400,156,clog,main,train,136
60,30,10.5230,0.7240,35.0000,160.0000,180.0000,191.1100,156,clog,main,train,126
60,40,10.6260,0.7460,35.0000,160.0000,180.0000,190.4600,156,clog,main,train,116
60,50,10.9920,0.8730,35.0000,160.0000,180.0000,190.0100,156,clog,main,train,106
60,60,11.2500,0.9500,35.0000,160.0000,180.0000,189.5000,156,clog,main,train,96
60,70,11.4260,1.0150,35.0000,160.0000,180.0000,189.4200,156,clog,main,train,86
60,80,11.4170,1.0050,35.0000,160.0000,180.0000,189.9000,156,clog,main,train,76
60,90,11.4775,1.0205,35.0000,160.0000,180.0000,190.1200,156,clog,main,train,66
60,100,11.5005,1.0255,35.0000,160.0000,180.0000,190.9500,156,clog,main,train,56
60,110,11.6990,1.0815,35.0000,160.0000,180.0000,191.6100,156,clog,main,train,46
60,120,11.2810,0.9710,35.0000,160.0000,180.0000,191.5900,156,clog,main,train,36
60,130,11.4165,1.0045,35.0000,160.0000,180.0000,191.2300,156,clog,main,train,26
60,140,11.5950,1.0540,35.0000,160.0000,180.0000,190.4800,156,clog,main,train,16
60,150,11.8540,1.1500,35.0000,160.0000,180.0000,190.0000,156,clog,main,train,6
