datetime,t_s,vib1,vib2,current,pressure,temp_motor,temp_water,voltage,flow
2020-02-08 13:30:47,0,0.20239,0.27515,2.1698,0.38264,90.645,26.851,238.85,122.66
2020-02-08 13:30:48,1,0.20315,0.27786,2.08,-0.27322,90.798,26.864,227.94,122.34
2020-02-08 13:30:50,2,0.20205,0.27579,2.5258,0.38264,90.773,26.86,223.49,121.34
2020-02-08 13:30:51,3,0.20359,0.2781,2.4974,0.054711,90.842,26.862,244.9,121.66
2020-02-08 13:30:52,4,0.20189,0.27636,2.2919,0.71057,90.666,26.86,239.2,122
2020-02-08 13:30:53,5,0.20365,0.27789,2.5709,0.054711,90.761,26.872,240.55,121.34
2020-02-08 13:30:54,6,0.20143,0.27805,3.104,0.054711,90.753,26.857,251.86,121.66
2020-02-08 13:30:55,7,0.20162,0.27681,2.4069,0.054711,90.923,26.857,228.4,122
2020-02-08 13:30:56,8,0.20269,0.27632,2.5671,-0.60114,90.933,26.868,226.63,122
2020-02-08 13:30:57,9,0.20096,0.27653,2.4602,0.054711,90.781,26.867,218.21,122
2020-02-08 13:30:58,10,0.20078,0.2755,3.0298,0.054711,90.8,26.866,235.33,122
2020-02-08 13:30:59,11,0.19953,0.27536,2.6521,0.054711,90.652,26.87,233.25,121.34
2020-02-08 13:31:00,12,0.20069,0.27684,2.8806,0.054711,90.583,26.869,245.61,121
2020-02-08 13:31:01,13,0.20058,0.27475,2.9186,0.054711,90.674,26.868,223.26,121.66
2020-02-08 13:31:02,14,0.20146,0.27807,2.904,0.054711,90.682,26.868,206.89,122
2020-02-08 13:31:03,15,0.20118,0.27414,2.8673,0.054711,90.565,26.872,236.72,122
2020-02-08 13:31:04,16,0.20166,0.27837,3.0542,0.054711,91.241,26.871,218.21,122
2020-02-08 13:31:05,17,0.20126,0.2751,1.4443,0.054711,90.657,26.871,220.72,122
2020-02-08 13:31:06,18,0.20186,0.2775,2.8278,0.054711,91.147,26.871,234.29,122
2020-02-08 13:31:07,19,0.20153,0.27457,2.8056,0.38264,91.392,26.875,224.11,122
2020-02-08 13:31:09,20,0.20253,0.27792,2.6572,0.054711,90.63,26.875,228.31,122
2020-02-08 13:31:10,21,0.20218,0.27423,2.5087,0.054711,91.022,26.874,229.46,122
2020-02-08 13:31:11,22,0.20296,0.27896,1.7947,-0.27322,91.088,26.872,226.34,121.34
2020-02-08 13:31:12,23,0.20214,0.27368,2.1104,0.054711,91.343,26.877,229.44,122.33
2020-02-08 13:31:13,24,0.20297,0.27891,2.5348,0.38264,91.178,26.877,221.34,121.68
2020-02-08 13:31:14,25,0.20301,0.27818,1.7839,0.054711,91.387,26.875,220.42,122
2020-02-08 13:31:15,26,0.20165,0.27498,1.9366,0.054711,91.409,26.875,233.56,122
2020-02-08 13:31:16,27,0.20345,0.27775,2.1285,0.054711,91.265,26.88,249.64,122
2020-02-08 13:31:17,28,0.20196,0.27625,2.4963,0.054711,91.344,26.872,236.76,121.34
2020-02-08 13:31:18,29,0.20373,0.27686,1.775,0.38264,91.347,26.87,230.41,121.66
2020-02-08 13:31:19,30,0.20221,0.27663,2.1876,0.054711,91.436,26.87,235.98,122
2020-02-08 13:31:20,31,0.20339,0.27692,2.5925,0.054711,91.532,26.874,226.79,122
2020-02-08 13:31:21,32,0.20176,0.27694,2.1304,0.38264,91.433,26.88,228.14,122.66
2020-02-08 13:31:22,33,0.20334,0.27586,1.1026,0.71057,91.334,26.877,207.96,122.34
2020-02-08 13:31:23,34,0.20289,0.27919,2.5835,0.054711,91.464,26.881,220.19,122
2020-02-08 13:31:24,35,0.20289,0.27625,2.5921,0.054711,91.412,26.881,247.06,122.66
2020-02-08 13:31:25,36,0.20266,0.27813,2.3423,0.054711,91.516,26.879,221.83,122.34
2020-02-08 13:31:26,37,0.20293,0.27658,2.826,0.054711,91.538,26.871,247.63,122
2020-02-08 13:31:27,38,0.2028,0.27776,2.6372,0.054711,91.543,26.881,227.86,122
2020-02-08 13:31:29,39,0.20264,0.27741,2.8998,0.054711,91.469,26.886,231.03,122
2020-02-08 13:31:30,40,0.20296,0.27669,2.5387,0.054711,91.491,26.893,220.81,122
2020-02-08 13:31:31,41,0.20235,0.27773,2.7327,0.38264,91.525,26.881,228.07,122.66
2020-02-08 13:31:32,42,0.20397,0.27664,1.1622,0.38264,91.556,26.881,216.86,122.34
2020-02-08 13:31:33,43,0.20135,0.27731,2.7467,0.38264,91.477,26.887,233.38,121.34
2020-02-08 13:31:34,44,0.20057,0.27802,3.1616,0.054711,91.54,26.881,244.01,122
2020-02-08 13:31:35,45,0.20455,0.27625,2.9498,0.054711,91.172,26.886,238.79,121.34
2020-02-08 13:31:36,46,0.19985,0.27726,3.1974,-0.27322,91.042,26.886,231.29,121
2020-02-08 13:31:37,47,0.20444,0.27694,2.7514,0.054711,91.725,26.893,228.72,121.66
2020-02-08 13:31:38,48,0.19975,0.27636,2.795,0.38264,91.461,26.885,224.05,122
2020-02-08 13:31:39,49,0.2044,0.27786,2.6597,0.054711,91.467,26.899,227.27,121.34
2020-02-08 13:31:40,50,0.20014,0.27634,2.8309,0.054711,91.658,26.892,215.82,121.66
2020-02-08 13:31:41,51,0.2041,0.27848,1.9686,0.054711,91.603,26.892,228.59,120.68
2020-02-08 13:31:42,52,0.20051,0.2767,1.8731,0.054711,90.922,26.892,233.63,121.33
2020-02-08 13:31:43,53,0.20373,0.27842,1.8692,0.054711,91.63,26.902,233.07,121.34
2020-02-08 13:31:45,54,0.20137,0.27667,2.9345,0.38264,90.861,26.896,227.1,121.66
2020-02-08 13:31:46,55,0.203,0.27808,2.7168,0.054711,90.952,26.897,229.92,121.34
2020-02-08 13:31:47,56,0.20228,0.2764,2.3262,0.38264,91.032,26.9,229.63,121
2020-02-08 13:31:48,57,0.20293,0.27875,2.3565,0.054711,91.484,26.899,234.15,121.66
2020-02-08 13:31:49,58,0.20311,0.27992,2.543,-0.27322,91.292,26.898,237.44,121
2020-02-08 13:31:50,59,0.20362,0.27528,1.179,-0.27322,90.973,26.896,212.71,121.66
2020-02-08 13:31:51,60,0.20319,0.27985,2.1214,0.054711,90.984,26.894,231.75,121.34
2020-02-08 13:31:52,61,0.20381,0.27547,2.3698,0.054711,90.898,26.896,223.55,121
2020-02-08 13:31:53,62,0.20323,0.27873,1.9081,0.054711,90.968,26.896,229.72,121.66
2020-02-08 13:31:54,63,0.20385,0.27673,1.9454,0.38264,91.106,26.899,227.81,122
2020-02-08 13:31:55,64,0.20406,0.27871,2.1702,0.054711,90.952,26.898,236.4,121.34
2020-02-08 13:31:56,65,0.20354,0.27773,1.8801,0.38264,90.925,26.901,228.69,121
2020-02-08 13:31:57,66,0.2037,0.27873,1.9131,0.054711,90.902,26.897,228.37,121.66
2020-02-08 13:31:58,67,0.20421,0.27812,2.8069,-0.27322,90.768,26.897,233.06,121.34
2020-02-08 13:32:00,68,0.2033,0.2784,1.4851,0.054711,91.078,26.896,217.37,121.66
2020-02-08 13:32:01,69,0.2044,0.27804,1.865,0.054711,90.85,26.892,231.72,121.34
2020-02-08 13:32:02,70,0.20315,0.27771,1.7348,0.054711,91.037,26.893,229.61,121.66
2020-02-08 13:32:03,71,0.20429,0.27706,1.3377,0.38264,91.097,26.899,216.35,122
2020-02-08 13:32:04,72,0.20442,0.27692,2.6437,0.38264,90.995,26.895,227.2,121.34
2020-02-08 13:32:05,73,0.20248,0.27848,2.0701,0.054711,90.944,26.895,229.41,121.66
2020-02-08 13:32:06,74,0.20372,0.27606,1.6246,0.054711,90.907,26.901,217.4,122
2020-02-08 13:32:07,75,0.20204,0.27772,1.8763,0.38264,90.92,26.905,219.91,122
2020-02-08 13:32:08,76,0.20321,0.27765,1.9921,0.71057,90.916,26.904,228.68,121.34
2020-02-08 13:32:09,77,0.20215,0.27605,1.858,0.054711,90.975,26.895,240.17,121
2020-02-08 13:32:10,78,0.20259,0.27785,2.2146,0.054711,90.767,26.901,239.67,121.66
2020-02-08 13:32:11,79,0.20235,0.27632,1.9726,0.054711,91.028,26.91,227.23,121.34
2020-02-08 13:32:12,80,0.20205,0.2781,2.0896,0.054711,90.879,26.901,231.62,121
2020-02-08 13:32:13,81,0.20309,0.27628,2.3903,0.054711,91.032,26.901,240.34,121.66
2020-02-08 13:32:15,82,0.20281,0.27859,2.3898,0.054711,90.712,26.901,215.65,122
2020-02-08 13:32:16,83,0.20292,0.27665,2.4305,0.054711,90.644,26.901,237.83,121.34
2020-02-08 13:32:17,84,0.20286,0.2783,2.4924,0.054711,90.849,26.903,232.06,121.66
2020-02-08 13:32:18,85,0.20307,0.27638,2.5644,0.054711,90.704,26.898,234.25,122
2020-02-08 13:32:19,86,0.20317,0.27651,2.9234,0.054711,90.639,26.915,225.18,121.34
2020-02-08 13:32:20,87,0.20377,0.27642,2.867,0.054711,90.78,26.907,221.04,121
2020-02-08 13:32:21,88,0.20336,0.2781,3.1241,0.054711,90.903,26.905,246.42,121.66
2020-02-08 13:32:22,89,0.20383,0.27736,2.8583,0.054711,91.213,26.907,203.03,122
2020-02-08 13:32:23,90,0.20398,0.27767,2.937,0.38264,90.87,26.905,230.02,121.34
2020-02-08 13:32:24,91,0.20279,0.27786,2.2363,0.054711,91.204,26.905,234.76,121.66
2020-02-08 13:32:25,92,0.20417,0.27791,2.726,0.054711,90.838,26.905,228.56,121.34
2020-02-08 13:32:26,93,0.20159,0.27747,2.6889,0.054711,90.961,26.907,220.59,121.66
2020-02-08 13:32:27,94,0.20401,0.27706,2.8665,0.054711,91.2,26.902,236.99,121.34
2020-02-08 13:32:28,95,0.2008,0.2763,2.4694,-0.27322,90.908,26.907,218.25,120.34
2020-02-08 13:32:29,96,0.20311,0.27596,2.0784,0.054711,91.51,26.914,224.6,121.33
2020-02-08 13:32:30,97,0.20162,0.27728,2.926,0.054711,90.889,26.912,231.12,121.34
2020-02-08 13:32:31,98,0.20285,0.27644,2.9937,0.38264,91.412,26.905,229.12,121.66
2020-02-08 13:32:32,99,0.20235,0.27704,2.3909,-0.60114,91.235,26.918,217.93,121.34
2020-02-08 13:32:34,100,0.20169,0.27575,2.4706,0.054711,91.021,26.908,202.84,121
2020-02-08 13:32:35,101,0.20276,0.2768,2.5583,0.054711,91.066,26.908,242.95,121.66
2020-02-08 13:32:36,102,0.20125,0.27538,2.7591,0.054711,90.933,26.907,228.95,121.34
2020-02-08 13:32:37,103,0.20319,0.27753,2.7794,0.054711,91.3,26.916,231.48,121
2020-02-08 13:32:38,104,0.20103,0.27477,2.0381,0.054711,91.253,26.918,218.38,121
2020-02-08 13:32:39,105,0.20198,0.27524,2.7016,0.054711,91.365,26.914,232.8,121.66
2020-02-08 13:32:40,106,0.20299,0.27668,2.159,0.054711,91.393,26.898,239.29,121.34
2020-02-08 13:32:41,107,0.20277,0.27665,1.7386,0.054711,91.296,26.913,220.22,121.66
2020-02-08 13:32:42,108,0.20329,0.27699,2.7044,0.38264,91.235,26.913,241.12,122
2020-02-08 13:32:43,109,0.20311,0.27498,1.5959,0.38264,90.956,26.913,211.16,122
2020-02-08 13:32:44,110,0.2037,0.27847,2.0569,0.054711,91.223,26.9,250.15,122
2020-02-08 13:32:45,111,0.20347,0.27511,1.472,0.38264,91.135,26.913,205.51,121.34
2020-02-08 13:32:46,112,0.20409,0.27736,1.8253,0.054711,91.415,26.92,225.9,121.66
2020-02-08 13:32:47,113,0.20277,0.27677,2.301,0.38264,91.417,26.905,220.77,121.34
2020-02-08 13:32:48,114,0.20364,0.27676,1.9125,-0.27322,91.315,26.911,215.9,121
2020-02-08 13:32:50,115,0.20253,0.27744,1.8203,0.054711,91.316,26.904,229.14,121.66
2020-02-08 13:32:51,116,0.2038,0.27683,1.5996,-0.60114,91.312,26.917,214.14,121.34
2020-02-08 13:32:52,117,0.2022,0.27723,1.948,0.054711,91.482,26.914,230.53,121.66
2020-02-08 13:32:53,118,0.20328,0.27671,1.9479,0.38264,91.198,26.911,225.55,122
2020-02-08 13:32:54,119,0.20265,0.27632,3.0301,-0.27322,91.236,26.92,239.73,121.66
2020-02-08 13:32:55,120,0.20246,0.27618,2.2451,-0.27322,91.576,26.92,224.91,122
2020-02-08 13:32:56,121,0.20257,0.27699,2.75,0.38264,91.495,26.919,230.61,121.34
2020-02-08 13:32:57,122,0.20322,0.27725,0.97581,0.054711,91.24,26.923,211.85,121.66
2020-02-08 13:32:58,123,0.20185,0.27589,3.0372,0.71057,91.456,26.921,251.76,121.34
2020-02-08 13:32:59,124,0.2038,0.27669,2.6136,0.38264,91.388,26.913,227.39,121.66
2020-02-08 13:33:00,125,0.20162,0.27595,2.3442,0.054711,91.505,26.913,229.01,121.34
2020-02-08 13:33:01,126,0.2047,0.27648,2.7864,0.054711,91.405,26.923,251.91,121.66
2020-02-08 13:33:02,127,0.20069,0.2768,2.4931,0.054711,91.554,26.925,227.73,121.34
2020-02-08 13:33:03,128,0.20485,0.27711,2.7008,0.38264,91.378,26.911,212.41,121.66
2020-02-08 13:33:05,129,0.20105,0.27538,2.5377,0.054711,91.301,26.919,228.16,122
2020-02-08 13:33:06,130,0.20433,0.27736,2.7062,0.38264,91.463,26.919,235.4,122
2020-02-08 13:33:07,131,0.2016,0.27583,1.0249,0.38264,91.413,26.919,213.16,122
2020-02-08 13:33:08,132,0.20378,0.27781,2.7085,0.38264,90.949,26.905,218.33,122
2020-02-08 13:33:09,133,0.20258,0.27553,2.0213,0.054711,90.928,26.918,227.7,122
2020-02-08 13:33:10,134,0.20337,0.27495,2.7294,0.054711,91.444,26.924,228.8,122
2020-02-08 13:33:11,135,0.20401,0.27779,3.1469,0.054711,91.307,26.922,248.61,121.34
2020-02-08 13:33:12,136,0.20367,0.27624,2.7268,0.054711,91.091,26.917,226.5,121.66
2020-02-08 13:33:13,137,0.20468,0.27766,2.5734,0.054711,91.403,26.914,223.51,122
2020-02-08 13:33:14,138,0.203,0.27636,2.5764,0.38264,91.348,26.916,231.24,120.68
2020-02-08 13:33:15,139,0.20445,0.2777,2.7485,0.38264,91.363,26.923,229.53,120.66
2020-02-08 13:33:16,140,0.20334,0.27744,2.6073,0.38264,90.96,26.923,224.35,121.66
2020-02-08 13:33:17,141,0.20442,0.27788,2.4182,0.054711,91.23,26.92,213.19,121.34
2020-02-08 13:33:18,142,0.20353,0.27748,2.5194,0.054711,91.535,26.918,242.97,121
2020-02-08 13:33:19,143,0.20311,0.2769,1.6828,0.054711,91.112,26.926,216.17,121.66
2020-02-08 13:33:20,144,0.20422,0.27774,2.4247,0.38264,90.8,26.918,219.1,121.34
2020-02-08 13:33:21,145,0.20155,0.27654,2.5966,0.054711,90.919,26.938,227.9,121.66
2020-02-08 13:33:23,146,0.20481,0.27674,2.4771,0.38264,90.784,26.922,206.98,121.34
2020-02-08 13:33:24,147,0.20152,0.27529,2.381,0.38264,90.797,26.924,229.7,121.66
2020-02-08 13:33:25,148,0.20402,0.2773,2.8882,0.38264,90.855,26.924,245.27,122
2020-02-08 13:33:26,149,0.2026,0.27534,2.4552,0.054711,90.734,26.923,222.12,122
2020-02-08 13:33:27,150,0.20433,0.27846,1.3417,0.054711,90.825,26.927,207.65,121.34
2020-02-08 13:33:28,151,0.20474,0.27814,2.4814,0.054711,90.947,26.918,231.41,122
2020-02-08 13:33:29,152,0.20298,0.27709,2.5405,0.38264,90.879,26.926,220.38,122
2020-02-08 13:33:30,153,0.20423,0.27663,2.7637,0.054711,90.702,26.936,233.33,121.34
2020-02-08 13:33:31,154,0.20328,0.27836,2.9124,-0.27322,90.823,26.932,229.18,121.66
2020-02-08 13:33:32,155,0.20347,0.2765,3.0943,-0.27322,90.776,26.932,240.74,122
2020-02-08 13:33:33,156,0.20378,0.27825,2.1788,0.054711,90.782,26.933,229.39,122
2020-02-08 13:33:34,157,0.20238,0.27612,1.2378,0.054711,90.718,26.922,216.35,122
2020-02-08 13:33:35,158,0.20412,0.27704,2.417,0.38264,90.83,26.934,235.14,121.34
2020-02-08 13:33:36,159,0.20072,0.27584,2.4387,0.054711,90.715,26.924,236.33,121.66
2020-02-08 13:33:37,160,0.20415,0.27636,2.7722,0.054711,90.842,26.939,233.57,122.66
2020-02-08 13:33:38,161,0.1998,0.27558,2.7505,0.054711,90.682,26.931,232.61,121.68
2020-02-08 13:33:39,162,0.2029,0.27538,2.7201,0.38264,90.942,26.927,229.32,121
2020-02-08 13:33:41,163,0.19851,0.27416,2.7082,0.38264,90.795,26.942,226.01,121
2020-02-08 13:33:42,164,0.20057,0.27403,2.6933,0.38264,90.784,26.942,243.64,121
2020-02-08 13:33:43,165,0.19904,0.27412,2.4526,0.054711,90.725,26.938,220.62,120.34
2020-02-08 13:33:44,166,0.20098,0.27512,2.5202,0.054711,90.655,26.93,247.9,121.34
2020-02-08 13:33:45,167,0.19981,0.27387,2.7746,0.054711,90.787,26.939,232.29,120.34
2020-02-08 13:33:46,168,0.20131,0.27558,1.1889,0.054711,90.871,26.942,208.19,120.66
2020-02-08 13:33:47,169,0.20004,0.27493,2.9757,0.054711,90.665,26.936,224.7,121
2020-02-08 13:33:48,170,0.20161,0.2763,2.8363,0.054711,90.647,26.946,232.54,120.34
2020-02-08 13:33:49,171,0.20069,0.27452,2.831,0.054711,90.732,26.938,213.54,121.33
2020-02-08 13:33:51,172,0.20159,0.27664,2.8337,0.054711,90.535,26.943,230.88,121.34
2020-02-08 13:33:52,173,0.20195,0.2771,1.6265,0.054711,90.419,26.931,206.53,121
2020-02-08 13:33:53,174,0.20142,0.27408,2.6881,0.38264,90.775,26.932,237.49,121.66
2020-02-08 13:33:54,175,0.20219,0.27754,1.8858,0.38264,90.663,26.932,228.52,121.34
2020-02-08 13:33:55,176,0.20181,0.27466,2.7335,0.054711,91.027,26.944,234.09,121
2020-02-08 13:33:56,177,0.20255,0.27707,2.6745,0.054711,91.264,26.932,230.77,121
2020-02-08 13:33:57,178,0.20186,0.27599,2.7729,0.38264,90.511,26.935,236.46,122.33
2020-02-08 13:33:58,179,0.20302,0.27682,2.4703,0.054711,91.071,26.945,240.16,121.68
2020-02-08 13:33:59,180,0.20246,0.2776,2.6264,0.054711,90.959,26.939,229.2,121.66
2020-02-08 13:34:00,181,0.20279,0.27639,2.753,-0.27322,91.081,26.933,228.89,120.68
2020-02-08 13:34:01,182,0.20244,0.27638,2.597,0.054711,91.205,26.948,211.48,120.66
2020-02-08 13:34:03,183,0.20285,0.27716,2.661,-0.27322,90.739,26.944,229.06,121.66
2020-02-08 13:34:04,184,0.20325,0.27644,2.746,-0.27322,90.83,26.944,221.02,120.68
2020-02-08 13:34:05,185,0.20251,0.27738,2.5853,-0.27322,91.129,26.945,232.87,120.66
2020-02-08 13:34:06,186,0.20338,0.27646,2.7402,-0.27322,90.543,26.942,226.1,121.66
2020-02-08 13:34:07,187,0.20237,0.27722,2.6558,0.054711,91.207,26.948,232.04,121.34
2020-02-08 13:34:08,188,0.20216,0.27811,1.1469,-0.27322,91.081,26.945,204.28,121.67
2020-02-08 13:34:09,189,0.20407,0.27577,2.5849,0.38264,90.984,26.946,234.38,121.34
2020-02-08 13:34:10,190,0.2019,0.27861,2.7334,0.054711,91.181,26.952,227.4,121.67
2020-02-08 13:34:11,191,0.20396,0.27576,2.7671,0.054711,90.87,26.958,230.53,122.67
2020-02-08 13:34:12,192,0.20141,0.27827,0.98638,0.054711,91.314,26.958,203.1,121.68
2020-02-08 13:34:13,193,0.20385,0.2765,2.5956,0.054711,91.256,26.945,228.21,121.67
2020-02-08 13:34:14,194,0.20203,0.27669,2.4108,0.054711,91.101,26.942,223.12,120.68
2020-02-08 13:34:15,195,0.20316,0.27778,2.6445,0.054711,90.99,26.947,205.02,121.33
2020-02-08 13:34:16,196,0.2018,0.27427,2.7852,0.054711,91.023,26.947,231.18,121.34
2020-02-08 13:34:17,197,0.20224,0.27753,2.6606,0.38264,90.968,26.948,226.6,121
2020-02-08 13:34:18,198,0.20253,0.2742,2.1803,-0.27322,91.17,26.949,228.24,121.67
2020-02-08 13:34:19,199,0.20253,0.27792,2.5438,0.71057,91.207,26.951,251.75,121.34
2020-02-08 13:34:20,200,0.20283,0.27461,2.4748,0.054711,91.028,26.949,250.28,121
2020-02-08 13:34:22,201,0.20258,0.27795,2.2957,0.054711,90.96,26.949,243.8,121.67
2020-02-08 13:34:23,202,0.20343,0.27481,2.0958,-0.27322,91.028,26.956,230.04,121.34
2020-02-08 13:34:24,203,0.20287,0.27659,1.2237,0.38264,91.183,26.961,213.85,121.67
2020-02-08 13:34:25,204,0.20346,0.27802,1.3535,0.38264,91.103,26.953,204.11,121.34
2020-02-08 13:34:26,205,0.20297,0.27517,2.6303,0.054711,91.165,26.961,242.4,121
2020-02-08 13:34:27,206,0.20312,0.27862,2.6606,0.38264,90.948,26.957,228.26,122.33
2020-02-08 13:34:28,207,0.20355,0.27676,2.7027,0.054711,91.197,26.96,230.71,121.34
2020-02-08 13:34:29,208,0.20328,0.27768,1.8637,0.054711,91.29,26.957,229.9,121
2020-02-08 13:34:30,209,0.20358,0.27606,2.5496,0.054711,91.126,26.952,229,121
2020-02-08 13:34:31,210,0.20262,0.27839,2.6894,0.054711,91.242,26.952,228.89,121
2020-02-08 13:34:32,211,0.20416,0.27519,1.9233,0.054711,91.258,26.955,233.56,121.67
2020-02-08 13:34:33,212,0.20205,0.27753,1.8395,0.054711,91.121,26.962,205.3,121.34
2020-02-08 13:34:34,213,0.20357,0.27557,3.1092,0.054711,91.099,26.963,251.95,121.67
2020-02-08 13:34:35,214,0.20269,0.27581,1.9339,0.054711,91.242,26.968,202.63,121.34
2020-02-08 13:34:36,215,0.20195,0.27582,2.6444,-0.27322,91.505,26.958,229.01,121
2020-02-08 13:34:37,216,0.20324,0.27631,2.5394,0.054711,91.28,26.972,240.48,121.67
2020-02-08 13:34:38,217,0.20157,0.27434,2.9123,0.054711,91.242,26.955,236.02,122
2020-02-08 13:34:39,218,0.2033,0.2756,2.8055,0.054711,91.103,26.955,225.39,122
2020-02-08 13:34:40,219,0.20295,0.27496,2.6262,0.054711,91.41,26.958,238.35,121.34
2020-02-08 13:34:42,220,0.20321,0.27632,2.1638,-0.27322,91.362,26.962,228.55,121.67
2020-02-08 13:34:43,221,0.20378,0.2748,2.2342,0.71057,91.375,26.962,227.65,121.34
2020-02-08 13:34:44,222,0.20386,0.27677,2.576,-0.27322,91.364,26.963,234.06,121.67
2020-02-08 13:34:45,223,0.20415,0.27626,2.6566,-0.27322,91.362,26.967,235.42,122.34
2020-02-08 13:34:46,224,0.20331,0.27762,2.2194,0.38264,91.176,26.961,228.19,121.34
2020-02-08 13:34:47,225,0.20369,0.27601,1.779,0.38264,91.433,26.968,215.6,121.67
2020-02-08 13:34:48,226,0.20155,0.27853,2.7035,0.38264,91.188,26.968,251.14,121.34
2020-02-08 13:34:49,227,0.20231,0.27683,2.5044,0.054711,91.185,26.978,219.71,121
2020-02-08 13:34:50,228,0.20164,0.27849,2.6552,0.38264,91.33,26.969,231.6,121
2020-02-08 13:34:51,229,0.20088,0.27768,2.7323,0.38264,91.057,26.966,247.12,121
2020-02-08 13:34:52,230,0.20167,0.27743,2.4535,0.38264,91.063,26.972,229.94,121.67
2020-02-08 13:34:53,231,0.20016,0.27681,2.4933,0.054711,91.364,26.967,228.56,122
2020-02-08 13:34:54,232,0.20224,0.27827,2.6381,0.054711,90.581,26.97,225.49,121.34
2020-02-08 13:34:55,233,0.20157,0.27659,2.3299,0.054711,91.362,26.976,229.08,120.34
2020-02-08 13:34:56,234,0.20208,0.2778,2.4256,0.054711,90.759,26.968,224.23,122
2020-02-08 13:34:58,235,0.20215,0.27503,1.3234,0.054711,90.649,26.97,205.46,121.68
2020-02-08 13:34:59,236,0.2027,0.27758,2.6572,0.054711,91.375,26.981,236.18,121.67
2020-02-08 13:35:00,237,0.20165,0.27729,2.6073,0.38264,90.708,26.972,234.49,121.34
2020-02-08 13:35:01,238,0.20317,0.27761,3.0537,0.38264,90.706,26.972,239.66,121.67
2020-02-08 13:35:02,239,0.20252,0.27809,2.732,0.054711,90.773,26.977,207.67,121.67
2020-02-08 13:35:03,240,0.20151,0.27819,2.4375,0.38264,90.715,26.971,218.6,122
2020-02-08 13:35:04,241,0.20061,0.27722,1.7709,0.054711,90.657,26.978,222.15,122
2020-02-08 13:35:05,242,0.20251,0.27747,2.2974,0.38264,91.021,26.978,215.97,122
2020-02-08 13:35:06,243,0.20031,0.27559,1.8319,0.054711,90.913,26.974,228.93,121.34
2020-02-08 13:35:07,244,0.20209,0.27812,1.7105,0.38264,90.632,26.975,224.56,121
2020-02-08 13:35:08,245,0.20145,0.27423,1.8862,0.054711,90.59,26.975,221.89,121.67
2020-02-08 13:35:09,246,0.20264,0.27785,1.9115,0.054711,90.72,26.975,235.03,122
2020-02-08 13:35:10,247,0.20203,0.2761,2.767,0.054711,90.617,26.986,229.36,121.34
2020-02-08 13:35:11,248,0.20285,0.27672,1.4975,0.054711,90.74,26.969,216,121.67
2020-02-08 13:35:13,249,0.20134,0.27795,1.8693,0.38264,90.701,26.974,230.79,122
2020-02-08 13:35:14,250,0.20224,0.2768,2.1665,0.38264,90.674,26.979,250.73,122
2020-02-08 13:35:15,251,0.2016,0.27893,2.5784,0.71057,90.613,26.978,238.97,122
2020-02-08 13:35:16,252,0.20195,0.27703,1.2193,0.054711,90.742,26.983,206.66,122.67
2020-02-08 13:35:17,253,0.19971,0.27659,2.0615,0.38264,90.706,26.981,229.5,121.67
2020-02-08 13:35:18,254,0.20289,0.27802,2.1007,0.054711,90.773,26.99,226.69,122
2020-02-08 13:35:19,255,0.20004,0.27598,3.1397,0.054711,90.613,26.99,248.14,122.67
2020-02-08 13:35:20,256,0.20263,0.27818,3.0719,0.38264,90.758,26.984,231.7,122.34
2020-02-08 13:35:21,257,0.20171,0.27483,1.0457,0.054711,90.664,26.983,205.28,122
2020-02-08 13:35:22,258,0.20318,0.27808,2.3675,-0.27322,90.628,26.984,214.76,122
2020-02-08 13:35:23,259,0.20203,0.27641,0.9611,0.38264,90.615,26.985,224.86,122.67
2020-02-08 13:35:24,260,0.20312,0.27722,2.6071,0.054711,90.696,26.991,230.96,121.68
2020-02-08 13:35:25,261,0.20155,0.27871,2.7544,0.38264,90.496,26.991,243.48,121.67
2020-02-08 13:35:26,262,0.2025,0.27758,2.9284,0.38264,90.572,26.991,236.71,122.67
2020-02-08 13:35:27,263,0.20228,0.27885,0.96787,0.054711,90.758,26.98,203.53,122.34
2020-02-08 13:35:29,264,0.20089,0.27775,3.2288,-0.27322,90.76,26.989,239.18,122
2020-02-08 13:35:30,265,0.20305,0.27687,2.6477,0.054711,90.654,26.99,224.5,123.33
2020-02-08 13:35:31,266,0.19916,0.27602,2.7641,0.38264,90.644,27.003,249.05,122.68
2020-02-08 13:35:32,267,0.20325,0.27812,2.7098,0.38264,90.718,26.998,223.51,122
2020-02-08 13:35:33,268,0.20267,0.27915,2.7253,-0.27322,90.666,26.999,247.08,122
2020-02-08 13:35:34,269,0.20149,0.27362,2.5832,0.054711,90.648,26.995,249.55,122.67
2020-02-08 13:35:35,270,0.20316,0.27826,2.7951,0.054711,90.465,26.994,226.14,121.68
2020-02-08 13:35:36,271,0.20146,0.27708,2.2536,-0.27322,90.485,27.008,226.64,121.67
2020-02-08 13:35:37,272,0.20301,0.27834,2.7196,-0.27322,90.686,27.008,226.09,122
2020-02-08 13:35:38,273,0.20165,0.27835,2.177,0.38264,90.703,27.002,204.78,122
2020-02-08 13:35:39,274,0.20232,0.27748,2.0665,0.38264,90.565,27.001,220.69,122
2020-02-08 13:35:40,275,0.20245,0.27745,2.0915,0.054711,90.936,26.999,232.29,122
2020-02-08 13:35:41,276,0.20021,0.27671,2.1001,-0.27322,91.013,27.005,222.3,122
2020-02-08 13:35:42,277,0.20315,0.27733,2.4884,0.38264,90.554,26.997,227.2,122.67
2020-02-08 13:35:43,278,0.20023,0.27626,1.9129,-0.27322,90.995,27.004,237.48,122.34
2020-02-08 13:35:44,279,0.20218,0.27788,2.599,0.38264,90.653,27.005,229.39,122
2020-02-08 13:35:46,280,0.20126,0.2747,2.4609,0.38264,90.467,27.005,224.92,122
2020-02-08 13:35:47,281,0.20277,0.27903,2.6881,0.054711,90.469,27.005,228.69,122
2020-02-08 13:35:48,282,0.20293,0.27712,2.9058,0.054711,90.503,27.002,232.12,122.33
2020-02-08 13:35:49,283,0.20129,0.27726,2.4135,0.38264,91.063,27.009,224.49,121.68
2020-02-08 13:35:50,284,0.20216,0.27672,2.5161,0.054711,90.983,27.01,231.07,121.67
2020-02-08 13:35:51,285,0.20137,0.27758,2.7221,0.054711,90.859,27.001,228.27,122
2020-02-08 13:35:52,286,0.20195,0.27715,2.7289,-0.27322,91.022,27.015,239.61,122
2020-02-08 13:35:53,287,0.20236,0.27702,2.7852,0.054711,90.984,27.004,224.64,122.67
2020-02-08 13:35:54,288,0.20072,0.2768,0.90545,0.054711,91.032,27.004,215.42,122.34
2020-02-08 13:35:55,289,0.20328,0.27693,2.5538,-0.27322,91.129,27.002,237.23,121.34
2020-02-08 13:35:56,290,0.19914,0.27631,2.8183,0.054711,90.844,27.006,234.26,122.33
2020-02-08 13:35:57,291,0.20349,0.27743,2.5966,0.054711,91.106,27.012,226.84,122.34
2020-02-08 13:35:59,292,0.20056,0.27533,2.5997,0.054711,91.165,26.997,224.25,122
2020-02-08 13:36:00,293,0.20213,0.27835,2.6196,0.054711,91.047,27.017,229.08,122.67
2020-02-08 13:36:01,294,0.20183,0.27449,2.545,-0.27322,91.199,27.007,226.61,122.34
2020-02-08 13:36:02,295,0.20203,0.27922,2.3881,0.054711,91.063,27.011,222.11,122.67
2020-02-08 13:36:03,296,0.20281,0.27751,2.0717,0.054711,91.026,26.996,228.83,122.67
2020-02-08 13:36:04,297,0.20251,0.27794,2.6611,0.71057,91.116,27.017,230.11,123
2020-02-08 13:36:05,298,0.20235,0.27772,1.5256,0.71057,91.044,27.017,215.47,122.34
2020-02-08 13:36:06,299,0.20312,0.27732,3.0725,0.054711,91.115,27.004,247.07,121.34
2020-02-08 13:36:07,300,0.2007,0.27818,2.5579,-0.27322,91.091,26.995,226.74,121.67
2020-02-08 13:36:08,301,0.20406,0.27648,1.7885,0.054711,91.171,27.006,224.9,122
2020-02-08 13:36:09,302,0.19901,0.2765,3.0562,0.054711,91.222,27.009,251.57,122
2020-02-08 13:36:10,303,0.20327,0.27733,2.6966,0.71057,91.44,27.005,229.07,122
2020-02-08 13:36:11,304,0.20062,0.27491,1.9738,0.054711,91.298,27.018,223.46,122
2020-02-08 13:36:12,305,0.20147,0.2781,2.5552,0.054711,91.146,27.005,233.28,122.67
2020-02-08 13:36:14,306,0.20143,0.27417,2.0173,0.38264,91.138,26.995,237.52,122.34
2020-02-08 13:36:15,307,0.20114,0.27816,1.9661,0.38264,90.965,27.012,232.46,122.67
2020-02-08 13:36:16,308,0.20172,0.27372,2.5989,0.38264,91.24,27.008,224.71,122.34
2020-02-08 13:36:17,309,0.20207,0.27714,2.0533,0.38264,91.177,27.008,229.78,122
2020-02-08 13:36:18,310,0.20221,0.27715,1.8456,-0.27322,91.426,27.004,214.01,121.68
2020-02-08 13:36:19,311,0.20233,0.27669,2.6891,0.054711,91.156,27.012,230.26,121.67
2020-02-08 13:36:20,312,0.20161,0.27752,2.6252,0.054711,90.929,27.014,228,122
2020-02-08 13:36:21,313,0.203,0.27679,1.7781,0.054711,90.7,27.006,202.12,122.67
2020-02-08 13:36:22,314,0.20091,0.27749,2.7065,0.054711,91.13,27.015,235.02,122.34
2020-02-08 13:36:23,315,0.20337,0.27617,2.4746,0.38264,91.263,27.011,209.13,122
2020-02-08 13:36:24,316,0.20025,0.2758,1.7759,-0.27322,90.716,27.013,227.58,122
2020-02-08 13:36:25,317,0.20206,0.2769,2.3845,0.054711,90.703,27.007,225.5,122
2020-02-08 13:36:26,318,0.20095,0.27335,2.6403,0.054711,91.283,27.007,230.18,122
2020-02-08 13:36:27,319,0.20154,0.27715,2.3906,0.054711,90.971,27.007,230.64,122
2020-02-08 13:36:28,320,0.20194,0.27401,2.4069,0.054711,91.196,27.007,215.06,122
2020-02-08 13:36:29,321,0.20212,0.27572,1.7715,0.054711,91.066,27.01,225.4,122
2020-02-08 13:36:30,322,0.20188,0.27724,2.4552,0.054711,90.572,27.025,240.14,121.34
2020-02-08 13:36:31,323,0.20279,0.27601,2.6592,0.38264,90.741,27.015,230.56,121.67
2020-02-08 13:36:33,324,0.20235,0.27714,2.6807,0.054711,90.669,27.018,226.79,122.67
2020-02-08 13:36:34,325,0.20268,0.27758,2.5323,0.054711,90.746,27.018,218.69,122.34
2020-02-08 13:36:35,326,0.20279,0.27641,2.5856,0.38264,90.606,27.01,227.84,122
2020-02-08 13:36:36,327,0.20147,0.27888,2.6017,-0.27322,90.398,27.009,226.68,122
2020-02-08 13:36:37,328,0.20303,0.27617,2.818,-0.27322,90.823,27.018,242.94,122
2020-02-08 13:36:38,329,0.20219,0.27676,3.0621,0.054711,90.87,27.022,247.36,121.67
2020-02-08 13:36:39,330,0.20195,0.27557,2.697,0.054711,90.49,27.02,227.91,122
2020-02-08 13:36:40,331,0.20147,0.27639,2.8944,0.054711,90.679,27.014,210.03,122
2020-02-08 13:36:41,332,0.20224,0.27692,2.0398,-0.27322,90.606,27.025,226.12,122
2020-02-08 13:36:42,333,0.20265,0.27521,0.99335,-0.27322,90.497,27.025,207.93,122
2020-02-08 13:36:43,334,0.2031,0.27869,2.679,0.054711,90.547,27.013,220.78,122
2020-02-08 13:36:44,335,0.20355,0.27715,1.8999,-0.27322,90.524,27.024,218.41,122
2020-02-08 13:36:45,336,0.20285,0.27618,2.2561,0.38264,90.57,27.023,250.18,122
2020-02-08 13:36:46,337,0.20216,0.27874,1.8743,0.38264,90.577,27.021,224.41,122
2020-02-08 13:36:47,338,0.20285,0.27551,2.1382,-0.27322,90.6,27.01,221.98,122
2020-02-08 13:36:48,339,0.20118,0.27838,2.6591,0.054711,90.605,27.023,223.67,122.67
2020-02-08 13:36:49,340,0.20283,0.27583,2.6631,0.054711,90.615,27.023,229.29,122.34
2020-02-08 13:36:50,341,0.20175,0.27633,1.9041,0.38264,90.656,27.025,224.99,122
2020-02-08 13:36:51,342,0.2006,0.2754,1.8504,0.054711,90.765,27.025,224.14,122
2020-02-08 13:36:52,343,0.20259,0.27592,2.3527,0.38264,90.462,27.025,218.63,122
2020-02-08 13:36:54,344,0.20046,0.27486,1.9248,0.71057,90.492,27.023,233.99,122.67
2020-02-08 13:36:55,345,0.20232,0.27559,1.5374,0.054711,90.474,27.015,221.6,121.68
2020-02-08 13:36:56,346,0.20184,0.27542,2.5932,0.054711,90.52,27.023,215.34,122.33
2020-02-08 13:36:57,347,0.20299,0.27674,2.6915,0.054711,90.416,27.025,228.64,122.34
2020-02-08 13:36:58,348,0.20251,0.27451,2.7077,0.38264,90.517,27.012,224.97,122
2020-02-08 13:36:59,349,0.20171,0.27634,1.5993,0.054711,90.499,27.026,206.66,122.67
2020-02-08 13:37:00,350,0.20303,0.27567,1.9655,0.054711,90.59,27.026,227.47,122.34
2020-02-08 13:37:01,351,0.20169,0.27777,1.8723,0.054711,90.581,27.033,233.51,122
2020-02-08 13:37:02,352,0.20283,0.27643,2.5273,0.054711,90.527,27.025,233.74,122
2020-02-08 13:37:03,353,0.20162,0.27748,3.1346,0.38264,90.414,27.016,250,122
2020-02-08 13:37:04,354,0.20152,0.27688,2.1098,0.054711,90.708,27.02,251.32,122
2020-02-08 13:37:05,355,0.20184,0.27633,2.7607,0.38264,90.669,27.022,235.22,122.67
2020-02-08 13:37:06,356,0.20028,0.27589,2.5378,0.054711,90.368,27.022,222.37,122.34
2020-02-08 13:37:07,357,0.20275,0.27635,1.4891,0.054711,90.617,27.019,226.92,122.67
2020-02-08 13:37:08,358,0.20006,0.27492,2.6336,0.71057,90.236,27.032,232.42,122.34
2020-02-08 13:37:09,359,0.20271,0.27712,2.6816,0.054711,90.392,27.026,229.93,122
2020-02-08 13:37:10,360,0.20085,0.27445,2.8872,0.054711,90.478,27.026,232.45,122
2020-02-08 13:37:11,361,0.20309,0.27717,1.5342,0.054711,90.435,27.034,222.39,122
2020-02-08 13:37:13,362,0.20184,0.27388,1.9382,0.054711,90.521,27.036,222.95,122.67
2020-02-08 13:37:14,363,0.20299,0.27688,1.8061,0.054711,90.394,27.034,231.05,121.68
2020-02-08 13:37:15,364,0.20165,0.27527,2.6795,0.38264,90.481,27.027,233.56,121.67
2020-02-08 13:37:16,365,0.20298,0.27653,2.6863,0.38264,90.378,27.035,229.02,123.33
2020-02-08 13:37:17,366,0.20235,0.27559,2.532,0.71057,90.208,27.024,212.93,122.67
2020-02-08 13:37:18,367,0.201,0.27671,3.0903,0.38264,90.963,27.032,235.35,122.34
2020-02-08 13:37:19,368,0.20205,0.2752,2.4411,0.054711,90.433,27.031,222.03,122
2020-02-08 13:37:20,369,0.2013,0.27754,2.7024,0.054711,90.886,27.031,230.45,122
2020-02-08 13:37:21,370,0.2016,0.27498,2.6212,0.054711,90.411,27.028,202.06,122
2020-02-08 13:37:22,371,0.20216,0.27745,2.4261,-0.27322,91.05,27.027,222.5,122
2020-02-08 13:37:23,372,0.2004,0.27542,2.5476,0.38264,90.65,27.034,222.81,122.67
2020-02-08 13:37:24,373,0.20345,0.27619,2.618,0.054711,90.207,27.048,226.44,123
2020-02-08 13:37:25,374,0.19883,0.27491,2.5815,0.054711,91.004,27.037,225.26,123
2020-02-08 13:37:26,375,0.2033,0.27617,2.3241,0.71057,91.072,27.043,227.23,122.34
2020-02-08 13:37:27,376,0.19991,0.27476,2.2161,0.054711,90.881,27.047,230.57,122
2020-02-08 13:37:28,377,0.20243,0.27664,2.4917,-0.27322,90.953,27.035,203.37,122
2020-02-08 13:37:30,378,0.20097,0.27341,2.3196,0.054711,90.932,27.043,228.79,122
2020-02-08 13:37:31,379,0.20267,0.27756,2.3346,0.054711,90.94,27.043,208.68,122
2020-02-08 13:37:32,380,0.202,0.27373,2.3944,0.054711,90.957,27.047,230.07,122
2020-02-08 13:37:33,381,0.20277,0.27579,2.5994,0.38264,90.947,27.045,224.4,122
2020-02-08 13:37:34,382,0.20274,0.27566,2.7768,0.054711,90.847,27.053,234.9,122.67
2020-02-08 13:37:35,383,0.20178,0.27698,2.3078,0.38264,91.034,27.049,236.2,122.34
2020-02-08 13:37:36,384,0.20258,0.27568,2.4393,0.38264,90.82,27.049,240.02,122
2020-02-08 13:37:37,385,0.20219,0.27632,2.9527,0.054711,91.019,27.05,218.07,122
2020-02-08 13:37:38,386,0.20114,0.2751,2.4667,0.054711,90.998,27.049,248.93,122
2020-02-08 13:37:39,387,0.20313,0.27736,2.4994,0.054711,90.972,27.044,245.74,122
2020-02-08 13:37:40,388,0.19942,0.27482,2.4278,0.054711,90.99,27.044,227.54,122.67
2020-02-08 13:37:41,389,0.20347,0.27735,2.231,0.38264,90.885,27.051,235.23,122.34
2020-02-08 13:37:42,390,0.20006,0.27386,2.698,0.38264,91.003,27.056,229.73,122
2020-02-08 13:37:43,391,0.20254,0.27832,2.4193,0.71057,90.866,27.059,235.66,122
2020-02-08 13:37:45,392,0.20157,0.27369,2.2486,-0.27322,91.102,27.045,236.44,122.67
2020-02-08 13:37:46,393,0.20259,0.27764,2.8741,0.38264,90.975,27.047,242.39,122.34
2020-02-08 13:37:47,394,0.20215,0.27448,2.145,0.71057,91.049,27.051,239.55,122
2020-02-08 13:37:48,395,0.2028,0.27682,1.1688,0.054711,91.062,27.047,206.91,122.34
2020-02-08 13:37:49,396,0.20306,0.27561,2.9562,0.054711,90.921,27.056,237.55,122.67
2020-02-08 13:37:50,397,0.20241,0.27761,3.0468,0.054711,91.009,27.056,247.11,122.34
2020-02-08 13:37:51,398,0.20255,0.27561,1.9796,-0.60114,91.043,27.049,229.05,122
2020-02-08 13:37:52,399,0.20268,0.27746,2.9466,0.38264,91.367,27.058,227.38,122.67
2020-02-08 13:37:53,400,0.20081,0.27484,2.041,0.054711,90.973,27.056,228.81,122.34
2020-02-08 13:37:54,401,0.20377,0.27698,1.2762,0.054711,91.145,27.054,206.42,122.67
2020-02-08 13:37:55,402,0.19937,0.27415,1.8146,0.054711,91.043,27.059,215.86,123
2020-02-08 13:37:56,403,0.20322,0.27757,3.187,0.054711,91.275,27.06,249.45,122.34
2020-02-08 13:37:58,404,0.20072,0.27504,1.9461,0.054711,91.246,27.058,228.75,123.33
2020-02-08 13:37:59,405,0.202,0.27415,2.6757,0.38264,90.611,27.067,236.01,122.67
2020-02-08 13:38:00,406,0.2026,0.27687,2.8415,0.054711,90.987,27.066,203.87,123
2020-02-08 13:38:01,407,0.20249,0.27628,2.6207,0.38264,90.751,27.055,229.6,123
2020-02-08 13:38:02,408,0.20272,0.27661,1.7845,0.054711,90.912,27.062,228.19,122.34
2020-02-08 13:38:04,409,0.20202,0.27639,2.8927,0.054711,90.508,27.058,246.34,122.67
2020-02-08 13:38:05,410,0.20242,0.27689,2.7194,0.054711,91.148,27.067,229.11,123
2020-02-08 13:38:06,411,0.20264,0.27634,2.5787,0.054711,91.158,27.067,228.82,123
2020-02-08 13:38:07,412,0.20358,0.27554,3.034,0.054711,90.775,27.061,246.21,122.67
2020-02-08 13:38:08,413,0.1994,0.27564,2.6396,0.38264,90.694,27.073,232.87,123
2020-02-08 13:38:09,414,0.20345,0.27585,0.96454,0.054711,90.533,27.072,205.15,122.34
2020-02-08 13:38:10,415,0.20045,0.27428,2.8141,0.054711,90.521,27.066,210.67,122.67
2020-02-08 13:38:11,416,0.20223,0.27733,2.8411,0.054711,90.469,27.069,250.92,123
2020-02-08 13:38:12,417,0.20215,0.27406,0.99124,0.054711,90.818,27.066,211.8,122.34
2020-02-08 13:38:13,418,0.2016,0.27757,3.1628,0.38264,90.538,27.072,247.83,122.67
2020-02-08 13:38:14,419,0.20241,0.27318,2.8809,-0.27322,90.424,27.07,248.67,123
2020-02-08 13:38:15,420,0.20217,0.27702,2.5407,0.38264,90.468,27.073,232.08,123
2020-02-08 13:38:16,421,0.20196,0.27489,2.984,0.38264,90.55,27.069,251.44,122.34
2020-02-08 13:38:17,422,0.20254,0.277,2.7546,0.38264,90.445,27.069,235.58,122
2020-02-08 13:38:19,423,0.20196,0.27567,2.7623,0.054711,90.407,27.069,226.5,122
2020-02-08 13:38:20,424,0.20188,0.27653,2.8353,0.38264,90.394,27.075,245.16,122.67
2020-02-08 13:38:21,425,0.2028,0.2763,2.6622,0.054711,90.578,27.068,234.03,123
2020-02-08 13:38:22,426,0.20373,0.27663,2.7331,-0.60114,90.61,27.07,243.1,122.67
2020-02-08 13:38:23,427,0.20027,0.27628,2.4445,0.38264,90.584,27.075,221.77,123
2020-02-08 13:38:24,428,0.20332,0.27549,2.7685,0.054711,90.441,27.077,247.05,123
2020-02-08 13:38:25,429,0.20061,0.2753,2.5939,0.054711,90.527,27.074,233.27,123
2020-02-08 13:38:26,430,0.2019,0.27553,2.7213,0.054711,90.51,27.074,243.49,122.34
2020-02-08 13:38:27,431,0.20183,0.27487,0.94656,0.054711,90.499,27.077,207.31,122.67
2020-02-08 13:38:28,432,0.20136,0.27599,2.4836,0.38264,90.639,27.074,236.71,122.34
2020-02-08 13:38:29,433,0.20242,0.27249,2.6952,0.054711,90.566,27.074,230.4,122.67
2020-02-08 13:38:30,434,0.20191,0.27651,2.6395,0.38264,90.505,27.074,228.49,123
2020-02-08 13:38:31,435,0.20208,0.27332,2.6359,0.054711,90.579,27.085,226.02,122.34
2020-02-08 13:38:32,436,0.20253,0.27574,2.5578,0.054711,90.586,27.088,216.5,122.67
2020-02-08 13:38:33,437,0.20211,0.27511,2.8325,0.38264,90.504,27.075,236.84,123
2020-02-08 13:38:34,438,0.20256,0.27611,2.3437,0.38264,90.444,27.075,241.42,123
2020-02-08 13:38:35,439,0.20231,0.27537,2.276,0.054711,90.606,27.079,218.7,122.34
2020-02-08 13:38:36,440,0.20244,0.27709,1.9898,0.38264,90.43,27.088,225.23,122
2020-02-08 13:38:38,441,0.20292,0.27463,3.1138,0.054711,90.362,27.087,234.63,123.33
2020-02-08 13:38:39,442,0.20156,0.278,2.3949,0.71057,90.524,27.085,228.64,123.34
2020-02-08 13:38:40,443,0.20287,0.27426,2.9129,0.054711,90.535,27.09,235.79,123
2020-02-08 13:38:41,444,0.20043,0.27596,1.9356,0.38264,90.62,27.093,233.07,122.34
2020-02-08 13:38:42,445,0.20131,0.27362,1.5679,0.054711,90.453,27.085,208.76,123
2020-02-08 13:38:43,446,0.20177,0.27665,2.5575,0.054711,90.604,27.087,231,122.34
2020-02-08 13:38:44,447,0.20217,0.27347,2.069,-0.27322,90.487,27.075,224.77,122
2020-02-08 13:38:45,448,0.20228,0.27638,2.8099,-0.27322,90.153,27.075,237.9,122.67
2020-02-08 13:38:46,449,0.20249,0.27631,1.8899,0.054711,90.491,27.086,228.34,123
2020-02-08 13:38:47,450,0.20275,0.27393,2.3164,0.054711,90.517,27.084,234.77,122.34
2020-02-08 13:38:48,451,0.20295,0.27731,2.6455,0.054711,90.56,27.096,222.65,122
2020-02-08 13:38:49,452,0.2027,0.27473,3.1301,0.054711,90.344,27.082,241.82,122.67
2020-02-08 13:38:50,453,0.20317,0.27612,2.8587,0.054711,90.744,27.092,246.13,123
2020-02-08 13:38:51,454,0.20199,0.27661,2.769,0.054711,90.281,27.088,252.07,122.34
2020-02-08 13:38:53,455,0.20358,0.27557,2.7353,0.38264,90.499,27.08,231.37,122.67
2020-02-08 13:38:54,456,0.20089,0.2762,2.4642,0.054711,90.965,27.082,225.97,123
2020-02-08 13:38:55,457,0.20314,0.2756,0.88029,0.054711,90.922,27.082,215.91,123
2020-02-08 13:38:56,458,0.20175,0.27499,2.4225,-0.27322,90.462,27.094,217.51,122.34
2020-02-08 13:38:57,459,0.20127,0.27542,0.98306,0.38264,90.76,27.094,216.28,122.67
2020-02-08 13:38:58,460,0.20307,0.27468,1.3389,0.38264,90.833,27.097,203.95,122
2020-02-08 13:38:59,461,0.20274,0.27564,2.6551,0.38264,90.934,27.09,207.18,122.67
2020-02-08 13:39:00,462,0.2024,0.27381,2.7745,0.71057,90.866,27.095,209.54,122.34
2020-02-08 13:39:01,463,0.20294,0.27664,2.6275,0.38264,90.942,27.093,227.06,122.67
2020-02-08 13:39:02,464,0.20276,0.27459,2.5646,0.054711,90.938,27.09,238.99,122.34
2020-02-08 13:39:03,465,0.20342,0.27643,2.7805,0.054711,90.577,27.104,225.62,122.67
2020-02-08 13:39:04,466,0.20205,0.27681,3.097,0.054711,90.351,27.092,240.01,123
2020-02-08 13:39:05,467,0.20349,0.27505,3.0221,0.054711,90.919,27.092,238.57,123
2020-02-08 13:39:06,468,0.20191,0.27734,1.7326,0.71057,90.993,27.092,224.28,123
2020-02-08 13:39:07,469,0.20314,0.27521,2.7218,0.38264,90.925,27.093,231.43,122.34
2020-02-08 13:39:08,470,0.202,0.27645,2.5849,0.054711,90.944,27.098,222.71,122.67
2020-02-08 13:39:09,471,0.20122,0.27485,2.616,0.054711,90.297,27.099,223.62,122.34
2020-02-08 13:39:10,472,0.20204,0.27474,2.6363,0.38264,90.886,27.083,235.61,122.67
2020-02-08 13:39:12,473,0.20031,0.27456,2.6266,0.054711,90.803,27.095,205.17,122.34
2020-02-08 13:39:13,474,0.20248,0.27538,2.6737,0.054711,90.814,27.091,230.91,122.67
2020-02-08 13:39:14,475,0.19981,0.27484,3.016,0.054711,90.93,27.091,240.47,123
2020-02-08 13:39:15,476,0.20274,0.27639,2.1909,0.054711,90.99,27.091,246.97,123
2020-02-08 13:39:16,477,0.20236,0.2747,1.9027,-0.27322,90.85,27.098,228.47,122.67
2020-02-08 13:39:17,478,0.20028,0.27547,1.3408,0.38264,90.879,27.098,206.19,122.34
2020-02-08 13:39:18,479,0.20217,0.27504,1.9614,0.38264,91.005,27.09,229.25,122.67
2020-02-08 13:39:19,480,0.20096,0.27431,1.7286,0.38264,90.958,27.094,216.77,123
2020-02-08 13:39:20,481,0.20218,0.27617,2.7666,0.054711,90.911,27.098,235.64,122.34
2020-02-08 13:39:21,482,0.20093,0.27219,2.1375,0.054711,91.048,27.094,227.6,122
2020-02-08 13:39:22,483,0.20259,0.27751,3.0407,0.054711,90.981,27.091,245.27,122.67
2020-02-08 13:39:23,484,0.2016,0.2731,3.1448,0.054711,90.855,27.091,248.54,122.34
2020-02-08 13:39:24,485,0.2027,0.27656,2.8368,0.054711,90.978,27.098,235.13,122
2020-02-08 13:39:25,486,0.20171,0.27432,1.7818,0.71057,90.922,27.098,216.66,122
2020-02-08 13:39:27,487,0.20331,0.27596,2.3195,0.054711,90.945,27.099,251.43,122.67
2020-02-08 13:39:28,488,0.20146,0.27564,2.8845,-0.27322,90.962,27.097,205.31,123
2020-02-08 13:39:29,489,0.20335,0.27613,1.9002,0.054711,90.969,27.096,224.72,123
2020-02-08 13:39:30,490,0.20152,0.27603,2.0385,0.054711,91.152,27.101,247.45,123
2020-02-08 13:39:31,491,0.2017,0.2759,1.9762,0.054711,91.305,27.105,224.06,122.34
2020-02-08 13:39:32,492,0.20178,0.27543,3.0015,0.054711,91.05,27.105,217.16,122.67
2020-02-08 13:39:33,493,0.20307,0.27545,2.7461,0.38264,91.049,27.101,232.89,123
2020-02-08 13:39:34,494,0.20009,0.27475,2.6589,0.38264,90.99,27.096,221.22,123
2020-02-08 13:39:35,495,0.20331,0.27573,1.9671,0.054711,90.987,27.092,223.82,123
2020-02-08 13:39:36,496,0.20055,0.27468,3.1435,0.054711,91.072,27.1,250.37,123
2020-02-08 13:39:37,497,0.20307,0.27573,2.5473,0.054711,90.713,27.098,232.6,123
2020-02-08 13:39:38,498,0.20161,0.27429,3.1573,0.054711,90.867,27.106,250.93,123
2020-02-08 13:39:39,499,0.20349,0.2769,2.9917,0.054711,91.223,27.099,213.24,123
2020-02-08 13:39:40,500,0.20224,0.2743,2.9906,0.38264,90.936,27.103,234.62,123
2020-02-08 13:39:41,501,0.20373,0.27651,2.9561,-0.27322,90.978,27.108,216.72,123
2020-02-08 13:39:43,502,0.20191,0.27493,2.715,-0.27322,91.147,27.108,212.27,123
2020-02-08 13:39:44,503,0.20392,0.2772,3.0471,0.054711,91.16,27.107,241.76,123
2020-02-08 13:39:45,504,0.20232,0.27608,3.0737,0.71057,91.192,27.108,239.33,122.34
2020-02-08 13:39:46,505,0.20325,0.27685,2.6279,0.054711,90.384,27.112,229.36,122.67
2020-02-08 13:39:47,506,0.20098,0.27549,2.9785,0.054711,91.287,27.114,239.41,123
2020-02-08 13:39:48,507,0.20367,0.27526,2.871,0.054711,91.136,27.119,238.14,123.67
2020-02-08 13:39:49,508,0.19979,0.27406,2.6821,0.054711,90.428,27.111,225.8,122.67
2020-02-08 13:39:50,509,0.20346,0.27615,2.632,0.38264,90.398,27.105,228.66,123.33
2020-02-08 13:39:51,510,0.20117,0.27383,2.1975,0.38264,90.994,27.105,249.33,123.34
2020-02-08 13:39:52,511,0.20257,0.27597,2.7546,0.054711,90.387,27.108,232.52,123
2020-02-08 13:39:53,512,0.2015,0.27193,2.3586,0.38264,91.238,27.113,213.78,122.34
2020-02-08 13:39:54,513,0.2031,0.27703,2.6561,0.054711,90.557,27.124,214.3,122.67
2020-02-08 13:39:55,514,0.20167,0.27357,2.779,0.38264,90.384,27.123,217.43,123
2020-02-08 13:39:56,515,0.20342,0.27679,3.0418,-0.27322,90.411,27.12,227.49,123.67
2020-02-08 13:39:57,516,0.20167,0.27566,3.0506,0.054711,90.418,27.123,238.04,123.34
2020-02-08 13:39:59,517,0.20341,0.27586,2.6278,0.38264,90.372,27.119,230.16,123.67
2020-02-08 13:40:00,518,0.20253,0.27689,2.6686,0.38264,90.54,27.118,226.97,123.34
2020-02-08 13:40:01,519,0.20218,0.27514,2.3701,0.38264,90.436,27.131,234.65,123
2020-02-08 13:40:02,520,0.2032,0.27604,2.2815,0.38264,90.515,27.131,228.08,122.34
2020-02-08 13:40:03,521,0.20414,0.27515,2.4916,-0.27322,90.475,27.122,218.13,123
2020-02-08 13:40:04,522,0.19975,0.27378,2.1911,0.71057,90.956,27.125,237.32,123
2020-02-08 13:40:05,523,0.20303,0.27576,2.1278,-0.27322,90.492,27.126,230.37,122.34
2020-02-08 13:40:06,524,0.20153,0.27357,3.0354,0.38264,90.606,27.118,241.42,122.67
2020-02-08 13:40:07,525,0.20294,0.27662,2.2061,0.054711,90.498,27.115,229.9,123
2020-02-08 13:40:08,526,0.20301,0.27355,2.4366,0.38264,90.545,27.125,215.85,122.34
2020-02-08 13:40:09,527,0.20326,0.2758,1.9562,0.054711,90.47,27.114,234.56,122
2020-02-08 13:40:10,528,0.20245,0.27619,1.7185,-0.27322,90.469,27.112,214.98,122
2020-02-08 13:40:11,529,0.20314,0.2763,2.5656,0.38264,90.281,27.126,223.59,122
2020-02-08 13:40:12,530,0.20243,0.27614,2.4312,0.38264,90.538,27.126,227.33,122.67
2020-02-08 13:40:13,531,0.20266,0.27631,1.9036,0.38264,90.326,27.124,228.82,122.34
2020-02-08 13:40:15,532,0.20336,0.27559,2.2516,0.054711,90.409,27.128,228.99,122
2020-02-08 13:40:16,533,0.20046,0.27593,2.5135,0.054711,90.552,27.123,215.5,122
2020-02-08 13:40:17,534,0.20415,0.27374,2.2411,0.38264,90.516,27.131,241.88,122
2020-02-08 13:40:18,535,0.19976,0.27514,2.2519,0.38264,90.461,27.122,229,122
2020-02-08 13:40:19,536,0.20354,0.27475,2.649,0.054711,90.175,27.129,241.7,122
2020-02-08 13:40:20,537,0.20308,0.27693,2.3831,0.054711,90.505,27.123,219.69,121.34
2020-02-08 13:40:21,538,0.20295,0.27201,2.518,0.054711,90.547,27.129,237.41,122.33
2020-02-08 13:40:22,539,0.20319,0.27708,2.9358,0.054711,90.595,27.129,213.13,121.67
2020-02-08 13:40:23,540,0.20241,0.2747,3.0067,0.054711,90.567,27.134,235.07,122.33
2020-02-08 13:40:24,541,0.20288,0.27596,2.12,0.054711,90.584,27.124,222.18,123
2020-02-08 13:40:25,542,0.20256,0.27562,2.7258,0.054711,90.319,27.124,213.81,122.34
2020-02-08 13:40:26,543,0.20188,0.27526,1.9244,0.054711,90.501,27.136,229.16,122
2020-02-08 13:40:27,544,0.20288,0.27477,2.7263,0.38264,90.553,27.131,235.64,122
2020-02-08 13:40:28,545,0.20111,0.2757,1.7532,0.054711,90.53,27.126,223.1,122.67
2020-02-08 13:40:29,546,0.20335,0.27425,2.8065,0.054711,90.61,27.126,250.47,123
2020-02-08 13:40:30,547,0.20016,0.27536,2.7354,0.054711,90.255,27.122,232.03,123
2020-02-08 13:40:31,548,0.20359,0.27473,2.7117,0.71057,90.876,27.129,226.5,122.34
2020-02-08 13:40:32,549,0.2006,0.27529,2.2409,0.38264,90.686,27.125,214.38,122.67
2020-02-08 13:40:34,550,0.20315,0.27494,2.6442,0.38264,90.558,27.13,226.86,122.34
2020-02-08 13:40:35,551,0.20171,0.27378,2.7,0.054711,90.457,27.129,233.02,122.67
2020-02-08 13:40:36,552,0.2024,0.27674,2.6486,0.054711,90.452,27.134,228.53,123
2020-02-08 13:40:37,553,0.20235,0.27276,3.0391,0.054711,90.986,27.134,241.31,123
2020-02-08 13:40:38,554,0.20303,0.27709,1.3588,0.054711,90.379,27.139,209.91,123
2020-02-08 13:40:39,555,0.20266,0.27555,1.1722,0.054711,90.767,27.117,210.77,122.67
2020-02-08 13:40:40,556,0.20298,0.27646,1.1391,-0.27322,90.921,27.134,204.22,123
2020-02-08 13:40:41,557,0.20237,0.275,2.6515,-0.27322,90.888,27.141,225.84,122.34
2020-02-08 13:40:42,558,0.20357,0.27584,2.5189,0.054711,90.928,27.136,231.53,122.67
2020-02-08 13:40:43,559,0.20203,0.27576,2.996,0.054711,90.924,27.136,247.41,123
2020-02-08 13:40:44,560,0.2039,0.27485,2.7799,0.38264,90.957,27.137,228.28,123
2020-02-08 13:40:45,561,0.20178,0.27606,2.3289,0.054711,90.892,27.132,224.94,123
2020-02-08 13:40:47,562,0.20369,0.27407,2.7485,0.054711,90.87,27.133,240.95,123
2020-02-08 13:40:48,563,0.20146,0.27492,2.542,0.054711,90.777,27.142,219.03,123
2020-02-08 13:40:49,564,0.20243,0.27499,1.216,0.38264,90.932,27.134,218.39,122.34
2020-02-08 13:40:50,565,0.20226,0.27343,2.112,0.054711,90.76,27.138,228.58,122.67
2020-02-08 13:40:51,566,0.20292,0.27413,1.9764,0.054711,90.989,27.138,231.05,123.67
2020-02-08 13:40:52,567,0.20331,0.27613,1.9115,0.38264,90.905,27.136,224.39,123.34
2020-02-08 13:40:53,568,0.20319,0.2759,1.9763,0.054711,90.855,27.147,224.74,123
2020-02-08 13:40:54,569,0.20379,0.27533,1.8267,-0.27322,90.772,27.141,229.55,122.34
2020-02-08 13:40:55,570,0.20359,0.27601,1.9361,0.054711,91.031,27.139,241.48,122.67
2020-02-08 13:40:56,571,0.20372,0.27719,2.7008,-0.27322,90.961,27.143,233.3,123.67
2020-02-08 13:40:57,572,0.20398,0.27519,2.116,0.38264,90.994,27.151,227.75,123.34
2020-02-08 13:40:58,573,0.20188,0.27632,2.1207,-0.27322,90.983,27.138,215.3,123.67
2020-02-08 13:40:59,574,0.20418,0.27577,2.1934,0.054711,91.147,27.144,226.85,123.34
2020-02-08 13:41:00,575,0.20146,0.27471,2.9607,0.054711,91.175,27.141,248.76,123
2020-02-08 13:41:02,576,0.20235,0.27616,2.5715,0.054711,91.314,27.142,226.02,123
2020-02-08 13:41:03,577,0.20338,0.27514,2.7577,0.38264,91.106,27.144,235.53,124.33
2020-02-08 13:41:04,578,0.20169,0.27498,2.6175,0.38264,91.12,27.144,225.98,123.67
2020-02-08 13:41:05,579,0.20323,0.27595,2.8057,0.38264,91.2,27.144,216.38,123
2020-02-08 13:41:06,580,0.20336,0.27709,2.876,-0.27322,90.955,27.145,242.89,122.34
2020-02-08 13:41:07,581,0.204,0.27555,1.2473,0.054711,91.089,27.145,211.99,122.67
2020-02-08 13:41:08,582,0.20347,0.27501,1.8348,0.054711,91.075,27.139,204.84,123
2020-02-08 13:41:09,583,0.20267,0.27735,2.5459,-0.27322,90.966,27.15,238.94,123
2020-02-08 13:41:10,584,0.20332,0.27495,2.5986,0.38264,91.062,27.141,232.36,123
2020-02-08 13:41:11,585,0.20104,0.27574,1.9546,0.054711,91.194,27.136,230.46,122.34
2020-02-08 13:41:12,586,0.20327,0.27474,2.6305,-0.27322,91.284,27.146,239.49,122.67
2020-02-08 13:41:13,587,0.20047,0.27455,2.4187,0.054711,90.378,27.14,230.4,123
2020-02-08 13:41:14,588,0.20255,0.27557,2.6105,0.054711,91.018,27.135,226.23,123
2020-02-08 13:41:16,589,0.20118,0.2755,2.589,0.054711,90.556,27.135,228.24,123
2020-02-08 13:41:17,590,0.20185,0.27459,2.6087,0.38264,90.276,27.143,232.8,122.34
2020-02-08 13:41:18,591,0.20217,0.27581,2.7678,0.38264,90.704,27.142,231.56,123.33
2020-02-08 13:41:19,592,0.20068,0.27337,3.0806,0.054711,90.639,27.147,230.21,123.34
2020-02-08 13:41:20,593,0.19978,0.27168,2.6935,0.054711,90.399,27.145,229.65,122.34
2020-02-08 13:41:21,594,0.19983,0.27446,2.7277,-0.60114,90.602,27.14,235.03,122
2020-02-08 13:41:22,595,0.20073,0.2725,2.6775,0.054711,90.977,27.135,232.21,122
2020-02-08 13:41:23,596,0.19934,0.27439,2.5288,0.054711,91.131,27.148,241.76,122.67
2020-02-08 13:41:24,597,0.20054,0.27267,2.7015,0.054711,91.012,27.148,227.46,122.34
2020-02-08 13:41:25,598,0.20276,0.27408,2.654,0.71057,90.424,27.139,249.24,122
2020-02-08 13:41:26,599,0.20419,0.273,2.5651,-0.27322,90.447,27.151,245.47,122.67
2020-02-08 13:41:27,600,0.20115,0.27352,1.9758,0.054711,90.335,27.148,227.69,122.34
2020-02-08 13:41:28,601,0.20256,0.27453,2.2264,0.054711,90.552,27.137,238.28,122.67
2020-02-08 13:41:29,602,0.20096,0.2726,2.2829,0.38264,90.414,27.151,227.78,123
2020-02-08 13:41:31,603,0.20298,0.27363,1.8996,-0.27322,90.412,27.142,228.79,123
2020-02-08 13:41:32,604,0.20158,0.2727,2.7254,0.054711,90.682,27.143,239.52,123
2020-02-08 13:41:33,605,0.20309,0.27373,1.2945,0.054711,90.42,27.145,205.9,122.34
2020-02-08 13:41:34,606,0.20163,0.2738,1.8759,0.054711,90.258,27.148,230.19,122.67
2020-02-08 13:41:35,607,0.20292,0.27308,2.3771,-0.27322,90.638,27.144,237.22,123
2020-02-08 13:41:36,608,0.20302,0.27247,2.69,-0.27322,90.458,27.144,230.44,122.67
2020-02-08 13:41:37,609,0.20251,0.2744,0.95762,-0.60114,90.486,27.147,203.44,123
2020-02-08 13:41:38,610,0.20324,0.27279,2.6781,0.054711,90.502,27.147,234.35,122.34
2020-02-08 13:41:39,611,0.20261,0.27344,2.8863,0.38264,90.324,27.146,234.36,122.67
2020-02-08 13:41:40,612,0.20344,0.2732,2.4873,0.054711,90.45,27.145,233.91,123
2020-02-08 13:41:41,613,0.20241,0.2736,1.1986,0.38264,90.359,27.141,214.94,123
2020-02-08 13:41:42,614,0.20359,0.27322,2.6534,0.054711,90.471,27.144,236.32,122.34
2020-02-08 13:41:43,615,0.20239,0.27365,1.3322,0.38264,90.391,27.143,214.13,122.67
2020-02-08 13:41:44,616,0.20377,0.27307,1.901,0.71057,90.294,27.146,213.93,123
2020-02-08 13:41:45,617,0.20221,0.27377,1.8861,0.71057,90.443,27.146,229.98,123
2020-02-08 13:41:46,618,0.20373,0.27345,2.1392,0.054711,90.469,27.138,245.05,123.67
2020-02-08 13:41:47,619,0.2028,0.27294,1.9974,0.054711,90.339,27.159,223.31,122.67
2020-02-08 13:41:48,620,0.20314,0.27324,2.0674,0.054711,90.472,27.15,240.9,122.67
2020-02-08 13:41:50,621,0.20421,0.27375,1.8412,0.38264,90.4,27.151,223.81,123.67
2020-02-08 13:41:51,622,0.20174,0.27242,1.7083,0.38264,90.475,27.152,202.15,123.34
2020-02-08 13:41:52,623,0.20511,0.27419,2.0671,0.38264,90.279,27.147,236.66,123
2020-02-08 13:41:53,624,0.20117,0.27224,1.946,0.054711,90.484,27.151,228.38,123
2020-02-08 13:41:54,625,0.20508,0.27489,2.9095,0.054711,90.227,27.151,246.3,123.67
2020-02-08 13:41:55,626,0.2043,0.27494,2.0581,0.054711,90.355,27.148,222.46,123.34
2020-02-08 13:41:56,627,0.20342,0.27258,2.9909,0.054711,90.463,27.143,234.96,123
2020-02-08 13:41:57,628,0.20371,0.27461,3.1138,0.38264,90.353,27.145,244.28,123
2020-02-08 13:41:58,629,0.20352,0.27205,2.9929,0.38264,90.253,27.142,242.5,123
2020-02-08 13:41:59,630,0.20437,0.27467,2.5684,0.38264,90.453,27.144,231.95,123
2020-02-08 13:42:00,631,0.20336,0.27263,2.5183,0.054711,90.866,27.153,239.03,123.67
2020-02-08 13:42:01,632,0.20406,0.27446,1.6806,0.71057,90.944,27.151,229.85,122.67
2020-02-08 13:42:02,633,0.20321,0.27362,2.6461,0.71057,90.816,27.151,226.18,122.67
2020-02-08 13:42:03,634,0.20464,0.27394,2.6807,0.38264,90.699,27.153,236.14,123.67
2020-02-08 13:42:04,635,0.20334,0.27409,2.7817,-0.27322,90.838,27.159,230.32,123.34
2020-02-08 13:42:05,636,0.20428,0.27408,2.5669,0.054711,90.654,27.15,222.72,123
2020-02-08 13:42:07,637,0.2033,0.27408,3.086,0.71057,90.953,27.155,240.11,123
2020-02-08 13:42:08,638,0.20413,0.27477,2.8414,0.054711,90.732,27.149,235.06,123.67
2020-02-08 13:42:09,639,0.20449,0.27403,2.6322,0.054711,90.873,27.148,222.77,122.67
2020-02-08 13:42:10,640,0.20247,0.27394,2.2841,0.054711,90.724,27.153,225.97,123.33
2020-02-08 13:42:11,641,0.20166,0.27248,2.5296,-0.27322,90.659,27.158,228.11,123.67
2020-02-08 13:42:12,642,0.20505,0.27477,2.6383,-0.27322,90.897,27.158,228.01,123.34
2020-02-08 13:42:13,643,0.20272,0.27134,2.4631,0.054711,90.854,27.146,228.87,123
2020-02-08 13:42:14,644,0.20477,0.27564,2.8914,0.054711,90.814,27.155,221.09,123
2020-02-08 13:42:15,645,0.20434,0.27016,2.4667,0.054711,90.751,27.157,229.13,122.34
2020-02-08 13:42:16,646,0.20529,0.27445,2.5906,-0.27322,90.903,27.166,220.84,122.67
2020-02-08 13:42:17,647,0.20423,0.27359,2.5084,0.054711,90.912,27.154,225.53,123
2020-02-08 13:42:18,648,0.20537,0.27387,2.8302,0.38264,90.756,27.154,220.44,123.67
2020-02-08 13:42:19,649,0.20436,0.27586,2.4158,0.054711,90.938,27.157,214.11,124
2020-02-08 13:42:20,650,0.20464,0.27402,2.7291,0.054711,91.067,27.16,225.47,123.34
2020-02-08 13:42:22,651,0.20533,0.27479,2.315,0.71057,90.892,27.154,225.01,123
2020-02-08 13:42:23,652,0.20278,0.27391,2.8176,0.054711,91.016,27.161,234.62,123
2020-02-08 13:42:24,653,0.20613,0.27419,2.6757,0.054711,90.757,27.161,233.23,123.67
2020-02-08 13:42:25,654,0.20099,0.27264,2.679,0.054711,90.82,27.155,229.61,124
2020-02-08 13:42:26,655,0.20588,0.27466,2.0088,0.054711,90.704,27.16,221.96,123.34
2020-02-08 13:42:27,656,0.20484,0.27559,2.5396,0.38264,90.927,27.156,222.52,123.67
2020-02-08 13:42:28,657,0.20419,0.27133,2.8325,0.054711,91.217,27.154,232.87,123.34
2020-02-08 13:42:29,658,0.20431,0.27575,2.8983,0.71057,91.137,27.158,220.46,123
2020-02-08 13:42:30,659,0.20494,0.27198,2.7801,0.054711,91.02,27.15,227.34,123.67
2020-02-08 13:42:31,660,0.20493,0.27416,2.8575,0.054711,90.918,27.156,215.11,123.34
2020-02-08 13:42:32,661,0.20429,0.274,2.4845,0.054711,90.998,27.156,216.89,123
2020-02-08 13:42:33,662,0.20461,0.27415,2.6672,0.054711,90.941,27.165,228.42,123
2020-02-08 13:42:34,663,0.20463,0.27375,2.9614,0.054711,91.028,27.159,230.72,123
2020-02-08 13:42:35,664,0.2038,0.27527,2.5023,0.38264,90.807,27.154,224.91,123
2020-02-08 13:42:36,665,0.20556,0.2735,2.962,-0.27322,90.902,27.16,218.3,123.67
2020-02-08 13:42:37,666,0.20159,0.27446,1.7802,0.054711,90.712,27.167,225.64,123.34
2020-02-08 13:42:38,667,0.20627,0.27441,2.7367,-0.27322,90.499,27.159,220.94,123
2020-02-08 13:42:39,668,0.20217,0.27302,2.7751,0.054711,91.019,27.162,230.48,123
2020-02-08 13:42:40,669,0.20406,0.27525,2.0189,0.054711,91.098,27.162,219.58,123
2020-02-08 13:42:42,670,0.20418,0.27223,2.5317,0.38264,90.353,27.168,230.15,123.67
2020-02-08 13:42:43,671,0.20362,0.27553,1.81,0.054711,90.95,27.166,228.38,123.34
2020-02-08 13:42:44,672,0.20473,0.27231,2.6475,0.054711,91.143,27.169,231.04,123
2020-02-08 13:42:45,673,0.20471,0.27449,1.6096,0.054711,90.278,27.167,216.85,123
2020-02-08 13:42:46,674,0.20413,0.27467,1.7737,0.054711,90.459,27.161,219.31,123.34
2020-02-08 13:42:47,675,0.20501,0.27492,2.7787,0.054711,90.454,27.165,233.17,123.67
2020-02-08 13:42:48,676,0.20309,0.27517,2.5833,-0.27322,90.341,27.167,219.43,123.34
2020-02-08 13:42:49,677,0.20573,0.27435,2.5465,0.054711,90.313,27.165,241.85,123
2020-02-08 13:42:50,678,0.20261,0.27406,2.6881,0.054711,90.397,27.165,230.62,123.67
2020-02-08 13:42:51,679,0.20461,0.27395,2.7445,0.054711,90.579,27.175,227.74,123.34
2020-02-08 13:42:52,680,0.20325,0.27212,1.702,0.38264,90.448,27.17,239.79,123.67
2020-02-08 13:42:53,681,0.20307,0.27466,2.7629,0.054711,90.375,27.179,225.71,123.34
2020-02-08 13:42:54,682,0.20386,0.27128,2.5129,0.054711,90.456,27.174,228.56,123.67
2020-02-08 13:42:55,683,0.20313,0.2742,2.5496,0.38264,90.51,27.175,224.2,123.34
2020-02-08 13:42:56,684,0.20453,0.27135,2.6377,0.38264,90.486,27.174,215.55,123
2020-02-08 13:42:58,685,0.20367,0.2732,2.2854,-0.27322,90.445,27.173,231.23,123.67
2020-02-08 13:42:59,686,0.20411,0.27444,2.3551,0.054711,90.367,27.168,230.72,123.34
2020-02-08 13:43:00,687,0.204,0.27283,2.6701,0.054711,90.252,27.174,234.25,123
2020-02-08 13:43:01,688,0.20421,0.27387,2.3677,0.054711,90.508,27.174,230.22,123.67
2020-02-08 13:43:02,689,0.20414,0.27236,2.472,0.054711,90.344,27.174,225.7,122.67
2020-02-08 13:43:03,690,0.20356,0.27575,2.3353,0.71057,90.363,27.178,222.3,123
2020-02-08 13:43:04,691,0.20466,0.27286,2.6212,0.054711,90.457,27.174,228.14,123
2020-02-08 13:43:05,692,0.20251,0.27402,1.0239,0.054711,90.266,27.174,204.04,123
2020-02-08 13:43:06,693,0.20371,0.27345,3.1157,0.054711,90.188,27.17,250.97,123.67
2020-02-08 13:43:07,694,0.20356,0.27266,1.5798,0.054711,90.302,27.176,215.9,123.34
2020-02-08 13:43:08,695,0.20286,0.27336,2.8768,0.054711,90.329,27.185,235.14,123.67
2020-02-08 13:43:09,696,0.20393,0.27328,2.9093,0.054711,90.307,27.185,208.53,123.34
2020-02-08 13:43:10,697,0.20383,0.27328,2.8182,0.054711,90.498,27.183,247.22,123.67
2020-02-08 13:43:11,698,0.20395,0.27416,2.0718,0.054711,90.36,27.18,231.51,123.34
2020-02-08 13:43:13,699,0.20477,0.27203,1.161,0.054711,90.331,27.189,211.62,123
2020-02-08 13:43:14,700,0.20405,0.27391,3.0062,0.054711,90.32,27.185,240.98,123
2020-02-08 13:43:15,701,0.20451,0.27525,1.9307,0.054711,90.13,27.181,227.78,123.67
2020-02-08 13:43:16,702,0.20438,0.27286,2.6158,0.054711,90.161,27.177,233.38,123.34
2020-02-08 13:43:17,703,0.2035,0.27353,1.2476,0.054711,90.121,27.177,207.34,123
2020-02-08 13:43:18,704,0.20255,0.27533,3.0193,0.054711,90.322,27.177,240.48,123.67
2020-02-08 13:43:19,705,0.20408,0.27365,1.9019,-0.27322,90.618,27.183,227.87,123.34
2020-02-08 13:43:20,706,0.20363,0.27513,1.9601,0.054711,90.59,27.185,235.39,122.34
2020-02-08 13:43:21,707,0.20283,0.27312,2.662,-0.27322,90.145,27.191,228.69,123.33
2020-02-08 13:43:22,708,0.20388,0.27398,2.7043,0.054711,90.733,27.185,224.87,122.67
2020-02-08 13:43:23,709,0.20312,0.27335,2.8281,0.38264,90.853,27.174,207.73,122.67
2020-02-08 13:43:24,710,0.20393,0.27409,2.9019,0.054711,90.153,27.178,247.27,123.67
2020-02-08 13:43:25,711,0.20419,0.27264,0.95264,0.054711,90.879,27.182,206.6,123.34
2020-02-08 13:43:26,712,0.20421,0.2744,2.5316,0.054711,90.788,27.182,229.82,123
2020-02-08 13:43:27,713,0.20419,0.27293,2.4855,0.054711,90.769,27.179,220.99,123.67
2020-02-08 13:43:28,714,0.20449,0.27302,2.5463,0.38264,90.846,27.181,230.43,123.34
2020-02-08 13:43:30,715,0.2033,0.27457,2.6565,-0.27322,90.739,27.178,222.52,123
2020-02-08 13:43:31,716,0.20439,0.274,2.6648,0.054711,90.802,27.183,228.43,123.67
2020-02-08 13:43:32,717,0.20306,0.27467,2.5486,0.054711,90.769,27.182,214.61,123.34
2020-02-08 13:43:33,718,0.20349,0.27382,2.9177,0.054711,90.876,27.181,251.42,123
2020-02-08 13:43:34,719,0.20229,0.27407,1.102,0.38264,90.877,27.184,217.22,123.67
2020-02-08 13:43:35,720,0.20262,0.27396,2.6763,0.38264,90.807,27.184,218.81,123.34
2020-02-08 13:43:36,721,0.20228,0.27273,2.4121,0.054711,90.779,27.186,228.76,123
2020-02-08 13:43:37,722,0.20322,0.27351,1.3814,0.054711,90.778,27.192,220.01,123
2020-02-08 13:43:38,723,0.20171,0.27247,2.6263,0.054711,90.928,27.195,242.56,123.67
2020-02-08 13:43:39,724,0.20339,0.27359,2.5073,0.38264,90.767,27.181,234.68,123.34
2020-02-08 13:43:40,725,0.20221,0.2722,0.93354,-0.27322,90.83,27.189,207.79,123
2020-02-08 13:43:41,726,0.20348,0.27449,2.4715,-0.27322,90.947,27.195,219.34,123.67
2020-02-08 13:43:42,727,0.20218,0.27161,2.47,0.054711,90.85,27.19,229.55,123.34
2020-02-08 13:43:43,728,0.20148,0.27291,2.6154,0.054711,90.729,27.19,238.18,123
2020-02-08 13:43:44,729,0.2008,0.27128,2.5196,0.054711,90.715,27.188,235.51,123
2020-02-08 13:43:45,730,0.20308,0.27405,2.748,0.054711,90.559,27.189,205.52,123
2020-02-08 13:43:46,731,0.20123,0.27197,2.5663,0.38264,90.746,27.194,224.21,123
2020-02-08 13:43:48,732,0.20337,0.27415,2.5924,0.054711,91.015,27.196,228.81,123.67
2020-02-08 13:43:49,733,0.20147,0.27244,2.7582,0.054711,90.82,27.186,211.27,123.34
2020-02-08 13:43:50,734,0.20313,0.27453,2.4841,0.054711,90.955,27.203,226.2,123
2020-02-08 13:43:51,735,0.20299,0.27401,0.92833,0.38264,90.808,27.202,208.84,123
2020-02-08 13:43:52,736,0.2026,0.27199,2.0706,0.38264,90.993,27.206,220.59,123
2020-02-08 13:43:53,737,0.20356,0.27465,2.6339,0.38264,91.122,27.206,226.7,123
2020-02-08 13:43:54,738,0.20247,0.27161,2.8515,0.38264,91.053,27.212,220.65,123
2020-02-08 13:43:55,739,0.20355,0.27465,2.6675,0.38264,90.651,27.209,228.82,123
2020-02-08 13:43:56,740,0.20341,0.27142,2.6799,0.38264,91.144,27.206,234.24,123.67
2020-02-08 13:43:57,741,0.20396,0.27443,2.6608,0.38264,90.459,27.206,220.36,123.34
2020-02-08 13:43:58,742,0.20309,0.27294,3.0844,0.38264,90.591,27.212,250.71,123.67
2020-02-08 13:43:59,743,0.20461,0.27393,2.7633,0.054711,90.628,27.201,203,123.34
2020-02-08 13:44:00,744,0.20285,0.27409,2.6534,0.38264,90.844,27.218,222.53,123
2020-02-08 13:44:02,745,0.20437,0.27392,2.2842,-0.27322,90.435,27.215,215.31,123.67
2020-02-08 13:44:03,746,0.20293,0.27456,2.5276,-0.27322,90.88,27.209,224.43,123.34
2020-02-08 13:44:04,747,0.20407,0.27396,2.432,-0.27322,90.49,27.209,229.71,123.67
2020-02-08 13:44:05,748,0.20352,0.27419,2.1907,0.054711,90.514,27.216,228.73,123.34
2020-02-08 13:44:06,749,0.20443,0.27467,2.4514,0.38264,90.207,27.218,226.05,123
2020-02-08 13:44:07,750,0.20159,0.27246,3.0065,0.054711,90.799,27.214,245.25,123.67
2020-02-08 13:44:08,751,0.20454,0.27443,1.4297,0.38264,91.004,27.216,218.78,123.34
2020-02-08 13:44:09,752,0.20216,0.27241,2.5809,0.054711,90.823,27.21,210.06,123.67
2020-02-08 13:44:10,753,0.2042,0.27557,2.4877,0.054711,90.577,27.217,232.23,123.34
2020-02-08 13:44:11,754,0.20359,0.27215,2.1533,-0.27322,90.38,27.218,221.25,123
2020-02-08 13:44:12,755,0.20394,0.27486,2.3331,0.054711,90.282,27.214,212.17,123.67
2020-02-08 13:44:13,756,0.20419,0.27141,2.1087,0.054711,91.082,27.214,220.2,124
2020-02-08 13:44:14,757,0.20471,0.27481,2.9074,0.38264,90.249,27.211,241.26,123.34
2020-02-08 13:44:15,758,0.20352,0.27419,2.6751,0.054711,90.365,27.223,235.29,123.67
2020-02-08 13:44:16,759,0.20442,0.27418,2.9433,0.054711,91.003,27.216,236.76,123.34
2020-02-08 13:44:18,760,0.20349,0.27442,2.9037,0.054711,90.246,27.213,233.2,123
2020-02-08 13:44:19,761,0.20381,0.27297,2.6151,0.054711,90.817,27.215,232.11,123.67
2020-02-08 13:44:20,762,0.20393,0.27513,2.3141,-0.27322,90.623,27.221,222.79,123.34
2020-02-08 13:44:21,763,0.20316,0.27289,2.1833,0.054711,90.575,27.21,232.16,123
2020-02-08 13:44:22,764,0.20175,0.2726,2.5078,0.054711,90.419,27.216,227.87,123.67
2020-02-08 13:44:23,765,0.20547,0.27355,2.3919,0.054711,90.393,27.216,228.79,123.34
2020-02-08 13:44:24,766,0.20082,0.27228,2.895,0.054711,90.403,27.215,224.76,123
2020-02-08 13:44:25,767,0.20542,0.27469,0.96036,0.054711,90.193,27.218,208.37,123
2020-02-08 13:44:26,768,0.20159,0.27175,1.6335,0.054711,90.302,27.221,221.75,122.34
2020-02-08 13:44:27,769,0.20453,0.27482,2.6438,0.38264,90.469,27.218,241.22,123.33
2020-02-08 13:44:28,770,0.20273,0.27076,2.7474,0.054711,90.319,27.205,228.7,123.34
2020-02-08 13:44:29,771,0.20472,0.27595,2.3554,0.71057,90.429,27.215,228.44,123
2020-02-08 13:44:30,772,0.20387,0.2714,2.567,0.38264,90.313,27.222,217.54,123
2020-02-08 13:44:31,773,0.20489,0.27477,1.4718,0.38264,90.391,27.222,220.75,123
2020-02-08 13:44:32,774,0.20336,0.27432,2.8182,0.054711,90.304,27.211,224.02,123
2020-02-08 13:44:33,775,0.20484,0.275,2.8106,0.054711,90.325,27.222,232.91,123
2020-02-08 13:44:34,776,0.20354,0.27406,2.3973,0.054711,90.165,27.202,225.95,123
2020-02-08 13:44:35,777,0.20435,0.27589,2.3241,0.054711,90.264,27.226,226.22,123
2020-02-08 13:44:36,778,0.20457,0.27365,2.6879,0.054711,90.41,27.213,233.74,122.34
2020-02-08 13:44:38,779,0.20242,0.27499,2.6721,0.054711,90.264,27.218,222.99,122.67
2020-02-08 13:44:39,780,0.20524,0.27263,2.8411,0.38264,90.266,27.215,238.81,122.34
2020-02-08 13:44:40,781,0.20085,0.27374,1.9516,0.38264,90.343,27.215,232.87,122
2020-02-08 13:44:41,782,0.20508,0.27298,1.886,-0.27322,90.462,27.22,214.58,122.67
2020-02-08 13:44:42,783,0.20364,0.27527,2.6093,0.71057,90.207,27.219,229.65,122.34
2020-02-08 13:44:43,784,0.20368,0.27217,2.607,0.38264,90.418,27.211,221.46,122.67
2020-02-08 13:44:44,785,0.20364,0.27515,1.7826,-0.27322,90.41,27.22,235.97,123
2020-02-08 13:44:45,786,0.20439,0.27173,2.1432,0.054711,90.381,27.225,223.82,123
2020-02-08 13:44:46,787,0.20418,0.27514,2.5773,-0.27322,90.177,27.218,224.73,123.67
2020-02-08 13:44:47,788,0.20357,0.2732,3.0859,-0.27322,90.145,27.209,250.27,124
2020-02-08 13:44:48,789,0.20451,0.27515,2.7108,0.054711,90.315,27.22,205.03,123.34
2020-02-08 13:44:49,790,0.20415,0.27346,2.549,0.054711,90.246,27.209,233.67,123
2020-02-08 13:44:50,791,0.20349,0.27557,1.435,0.054711,90.569,27.215,208.08,123
2020-02-08 13:44:51,792,0.20484,0.27362,1.8307,0.054711,90.455,27.215,227.35,122.34
2020-02-08 13:44:53,793,0.2019,0.27478,2.7377,0.054711,90.44,27.223,222.4,122.67
2020-02-08 13:44:54,794,0.20524,0.27453,2.5193,0.38264,90.21,27.222,241.46,122.34
2020-02-08 13:44:55,795,0.20164,0.27333,2.7134,-0.60114,90.296,27.221,228.25,122.67
2020-02-08 13:44:56,796,0.20381,0.27497,2.6005,0.054711,90.299,27.216,229.37,122.34
2020-02-08 13:44:57,797,0.20266,0.27474,2.7518,-0.27322,90.328,27.221,223.1,122.67
2020-02-08 13:44:58,798,0.20338,0.27237,2.5713,0.054711,90.634,27.223,224.2,122.34
2020-02-08 13:44:59,799,0.20288,0.27527,2.8613,-0.27322,90.12,27.221,231.26,122
2020-02-08 13:45:00,800,0.20377,0.27156,2.6401,0.38264,90.682,27.211,225.03,121.34
2020-02-08 13:45:01,801,0.20316,0.27526,2.5892,-0.27322,90.649,27.223,230.45,121.67
2020-02-08 13:45:02,802,0.20346,0.2732,2.7451,0.054711,90.652,27.22,235.63,122.67
2020-02-08 13:45:03,803,0.20341,0.27399,2.8719,0.054711,90.642,27.226,226.01,121.67
2020-02-08 13:45:04,804,0.20344,0.27503,2.6463,0.054711,90.785,27.226,227.36,122.33
2020-02-08 13:45:05,805,0.20356,0.27388,2.8197,0.38264,90.813,27.225,204.21,122.34
2020-02-08 13:45:06,806,0.20424,0.27538,3.0192,0.38264,90.724,27.225,251.13,122
2020-02-08 13:45:07,807,0.20323,0.27441,2.7318,0.054711,90.678,27.227,223.46,122
2020-02-08 13:45:08,808,0.20442,0.27493,2.6229,0.38264,90.81,27.228,230.84,122
2020-02-08 13:45:09,809,0.20307,0.2758,2.6249,0.38264,90.699,27.226,231.34,122
2020-02-08 13:45:11,810,0.20505,0.27415,2.5736,0.71057,90.813,27.238,224.06,122
2020-02-08 13:45:12,811,0.20227,0.27486,2.5625,-0.27322,90.723,27.226,233.14,122.67
2020-02-08 13:45:13,812,0.20425,0.2743,0.92436,0.054711,90.843,27.232,206.69,123
2020-02-08 13:45:14,813,0.20282,0.27498,2.6045,0.054711,90.934,27.232,225.43,122
2020-02-08 13:45:15,814,0.20414,0.27281,2.3211,0.054711,90.678,27.238,240.26,122
2020-02-08 13:45:16,815,0.2034,0.27448,2.351,0.38264,90.736,27.229,237.82,122
2020-02-08 13:45:17,816,0.20473,0.27467,2.3795,0.054711,90.341,27.23,230.01,122
2020-02-08 13:45:18,817,0.20432,0.27237,2.3176,0.054711,90.728,27.241,231.9,122
2020-02-08 13:45:19,818,0.20452,0.27542,2.5093,0.38264,90.627,27.236,219,122
2020-02-08 13:45:20,819,0.2041,0.27435,2.6848,-0.27322,90.76,27.235,227.64,122
2020-02-08 13:45:21,820,0.20491,0.2749,2.2763,0.054711,90.699,27.235,227.25,122
2020-02-08 13:45:22,821,0.20348,0.27606,2.1949,0.054711,90.749,27.249,216.05,122
2020-02-08 13:45:23,822,0.20512,0.27431,3.01,0.054711,90.75,27.233,238.49,122
2020-02-08 13:45:25,823,0.20239,0.27489,2.5084,0.71057,90.844,27.244,233.31,122
2020-02-08 13:45:26,824,0.20434,0.27454,2.3449,0.71057,90.802,27.244,221.99,122.67
2020-02-08 13:45:27,825,0.20361,0.27361,2.6005,0.054711,90.831,27.246,226.66,123
2020-02-08 13:45:28,826,0.20233,0.27346,2.5282,0.054711,90.871,27.248,228.38,122.34
2020-02-08 13:45:29,827,0.20276,0.27262,2.5001,-0.27322,90.785,27.246,233.47,123
2020-02-08 13:45:30,828,0.20379,0.27338,2.7948,0.054711,90.903,27.25,201.98,123
2020-02-08 13:45:31,829,0.20336,0.27194,2.4842,0.38264,90.79,27.242,227.67,123
2020-02-08 13:45:32,830,0.20417,0.27519,2.9874,0.054711,90.768,27.249,232.75,123
2020-02-08 13:45:33,831,0.20368,0.27237,2.483,0.054711,90.883,27.255,226.63,122.34
2020-02-08 13:45:34,832,0.20424,0.27434,2.6744,0.38264,90.798,27.249,242.02,122.67
2020-02-08 13:45:35,833,0.20314,0.27404,2.6803,0.38264,90.754,27.255,230.29,123.67
2020-02-08 13:45:36,834,0.20455,0.27376,2.8843,0.38264,90.892,27.255,244.22,123.34
2020-02-08 13:45:37,835,0.20278,0.27487,2.7431,0.054711,90.964,27.251,227.92,122.34
2020-02-08 13:45:38,836,0.20425,0.27382,2.8388,0.054711,90.908,27.244,250.78,122.67
2020-02-08 13:45:40,837,0.2028,0.27463,2.7119,-0.27322,90.794,27.238,228.4,123
2020-02-08 13:45:41,838,0.20368,0.27417,2.7823,-0.92907,91.035,27.244,236.34,123
2020-02-08 13:45:42,839,0.20319,0.27472,2.711,0.054711,91.099,27.249,240.98,123
2020-02-08 13:45:43,840,0.20398,0.27362,2.6883,0.054711,90.761,27.25,224.76,123
2020-02-08 13:45:44,841,0.20164,0.27266,2.6606,0.054711,90.865,27.253,249.79,123
2020-02-08 13:45:45,842,0.20465,0.27491,2.7327,-0.27322,90.986,27.253,230.03,122.34
2020-02-08 13:45:46,843,0.20233,0.27334,2.6975,0.054711,90.905,27.262,227.67,122
2020-02-08 13:45:47,844,0.20443,0.2749,3.0039,0.054711,90.388,27.262,205.26,122.67
2020-02-08 13:45:48,845,0.20309,0.27267,2.2662,0.054711,90.619,27.247,228.36,122.34
2020-02-08 13:45:49,846,0.20463,0.27555,2.9477,0.38264,90.943,27.251,235.75,122
2020-02-08 13:45:50,847,0.20338,0.27203,2.8566,-0.27322,90.316,27.253,245.91,122.67
2020-02-08 13:45:51,848,0.20449,0.27487,1.8917,0.38264,90.332,27.257,204.71,123
2020-02-08 13:45:52,849,0.20315,0.27335,1.7369,0.38264,90.879,27.258,218.71,122.34
2020-02-08 13:45:54,850,0.2047,0.27501,1.8127,0.054711,91.047,27.256,208.64,122
2020-02-08 13:45:55,851,0.20325,0.27445,3.0056,0.71057,90.264,27.258,240.09,122.67
2020-02-08 13:45:56,852,0.20453,0.27469,2.4146,0.38264,90.253,27.255,237.07,123
2020-02-08 13:45:57,853,0.20332,0.27492,2.1857,0.054711,90.393,27.258,241.61,123
2020-02-08 13:45:58,854,0.20391,0.2748,1.9382,0.054711,90.31,27.258,231.82,123
2020-02-08 13:45:59,855,0.20281,0.27381,2.0587,-0.27322,90.387,27.262,233.28,123
2020-02-08 13:46:00,856,0.2051,0.27382,2.6138,0.054711,90.301,27.253,239.28,123
2020-02-08 13:46:01,857,0.20189,0.27381,2.0594,-0.27322,90.214,27.265,234.32,123
2020-02-08 13:46:02,858,0.20513,0.27524,2.1736,0.38264,90.204,27.261,211.4,123
2020-02-08 13:46:03,859,0.20303,0.27315,2.2734,0.054711,90.264,27.253,221.09,123
2020-02-08 13:46:04,860,0.20501,0.27545,2.1077,0.054711,90.341,27.259,225.77,123
2020-02-08 13:46:05,861,0.20405,0.27154,2.2191,-0.60114,90.189,27.251,225.44,122.34
2020-02-08 13:46:06,862,0.2055,0.27598,2.4224,0.38264,90.326,27.26,251.26,123.33
2020-02-08 13:46:07,863,0.20376,0.27362,2.2769,0.38264,90.417,27.26,230.75,123.34
2020-02-08 13:46:08,864,0.20538,0.27572,1.0999,0.054711,90.305,27.261,209.3,123.67
2020-02-08 13:46:10,865,0.2036,0.27497,2.162,0.71057,90.337,27.27,224.46,123.34
2020-02-08 13:46:11,866,0.20524,0.27474,2.832,0.054711,90.246,27.257,227.54,123.67
2020-02-08 13:46:12,867,0.20405,0.27528,2.692,0.38264,90.399,27.268,232.17,123.34
2020-02-08 13:46:13,868,0.20334,0.27406,2.3758,0.38264,90.269,27.261,232.89,123
2020-02-08 13:46:14,869,0.20436,0.27447,2.1166,-0.27322,90.367,27.258,231.97,122.34
2020-02-08 13:46:15,870,0.20462,0.27422,2.571,-0.27322,90.323,27.268,229.17,123.34
2020-02-08 13:46:16,871,0.20156,0.27275,3.0124,-0.27322,90.287,27.268,219.47,122.34
2020-02-08 13:46:17,872,0.20457,0.27468,3.0189,0.054711,90.092,27.25,251.57,122.67
2020-02-08 13:46:18,873,0.20251,0.27245,2.5742,-0.60114,90.267,27.255,231.22,123
2020-02-08 13:46:19,874,0.20366,0.27567,2.6888,-0.27322,90.263,27.264,228.41,123
2020-02-08 13:46:20,875,0.20312,0.27193,2.9469,0.054711,90.435,27.265,241.98,123
2020-02-08 13:46:21,876,0.20369,0.27517,2.4647,0.38264,90.431,27.261,229.38,123
2020-02-08 13:46:22,877,0.20321,0.27154,1.0239,0.38264,90.502,27.266,212.74,123.67
2020-02-08 13:46:23,878,0.20405,0.27494,2.537,0.38264,90.233,27.262,221.18,123.34
2020-02-08 13:46:24,879,0.20374,0.27261,2.6492,0.38264,90.332,27.262,228.31,123
2020-02-08 13:46:25,880,0.20412,0.27497,2.5772,0.38264,90.29,27.264,220.54,123
2020-02-08 13:46:26,881,0.20361,0.27335,1.6059,0.054711,90.262,27.253,221.55,123
2020-02-08 13:46:27,882,0.20474,0.27441,2.7913,-0.27322,90.389,27.268,231.07,122.34
2020-02-08 13:46:28,883,0.20333,0.27372,2.365,0.38264,89.964,27.259,223.8,122.67
2020-02-08 13:46:29,884,0.20454,0.27436,2.6638,-0.27322,90.316,27.265,233.66,123
2020-02-08 13:46:31,885,0.20345,0.27471,2.5274,-0.27322,90.27,27.263,222.44,123
2020-02-08 13:46:32,886,0.20433,0.27415,0.94659,0.054711,90.253,27.263,206.51,123
2020-02-08 13:46:33,887,0.204,0.27501,2.4712,0.38264,90.311,27.258,229.41,123.67
2020-02-08 13:46:34,888,0.20347,0.27404,2.7742,0.38264,90.206,27.26,231.65,123.34
2020-02-08 13:46:35,889,0.20479,0.27491,2.8381,0.054711,90.562,27.263,232.44,123
2020-02-08 13:46:36,890,0.20204,0.27333,1.3263,0.054711,90.14,27.272,202.5,123
2020-02-08 13:46:37,891,0.20214,0.27282,2.3927,-0.27322,90.488,27.266,219.54,123.67
2020-02-08 13:46:38,892,0.20465,0.27531,2.6818,0.054711,90.165,27.267,228.54,123.34
2020-02-08 13:46:39,893,0.20259,0.27237,2.6682,0.054711,90.209,27.269,228.78,123.67
2020-02-08 13:46:40,894,0.20431,0.27568,2.7439,0.054711,90.077,27.272,232.94,123.34
2020-02-08 13:46:41,895,0.20359,0.27235,1.3458,0.054711,90.316,27.272,213.33,123
2020-02-08 13:46:42,896,0.20461,0.27627,2.7672,0.71057,90.567,27.274,230.05,124.33
2020-02-08 13:46:43,897,0.20477,0.27249,2.9221,0.054711,90.694,27.262,233.02,123.67
2020-02-08 13:46:44,898,0.20514,0.27501,2.6295,0.054711,90.129,27.262,226.45,123.67
2020-02-08 13:46:45,899,0.20423,0.27488,2.4626,0.054711,90.356,27.265,223,124
2020-02-08 13:46:46,900,0.20528,0.27513,3.0423,0.38264,90.745,27.26,250.35,123.34
2020-02-08 13:46:48,901,0.20444,0.27483,2.3314,0.054711,90.286,27.266,219.03,123
2020-02-08 13:46:49,902,0.20492,0.27596,2.5704,-0.27322,90.269,27.271,226.19,123
2020-02-08 13:46:50,903,0.20483,0.27316,2.5757,0.054711,90.663,27.265,227.71,123.67
2020-02-08 13:46:51,904,0.2032,0.27363,1.9627,0.054711,90.624,27.265,234.03,124
2020-02-08 13:46:52,905,0.20162,0.27417,2.6829,0.38264,90.689,27.265,231.53,124
2020-02-08 13:46:53,906,0.20553,0.27501,2.4746,0.38264,90.659,27.268,234.05,124
2020-02-08 13:46:54,907,0.20362,0.27363,1.9945,0.38264,90.663,27.258,226.32,123.34
2020-02-08 13:46:55,908,0.20434,0.27618,1.7503,-0.27322,90.779,27.259,224.19,123.67
2020-02-08 13:46:56,909,0.20422,0.2718,1.0921,0.054711,90.779,27.264,215.02,123.34
2020-02-08 13:46:57,910,0.20434,0.27641,2.7813,0.38264,90.768,27.267,228.45,123.67
2020-02-08 13:46:58,911,0.20404,0.27327,2.6662,0.38264,90.691,27.273,223.28,124.67
2020-02-08 13:46:59,912,0.20509,0.27601,1.9706,0.71057,90.741,27.27,227.66,123.67
2020-02-08 13:47:00,913,0.2038,0.2733,2.606,0.054711,90.77,27.271,218.34,123.67
2020-02-08 13:47:01,914,0.2051,0.27689,2.2105,0.054711,90.835,27.276,228.47,124
2020-02-08 13:47:03,915,0.20445,0.27335,2.4787,0.054711,90.891,27.276,218.9,123.34
2020-02-08 13:47:04,916,0.20414,0.27701,2.4342,0.054711,90.694,27.265,232.34,123
2020-02-08 13:47:05,917,0.20563,0.27402,2.5645,0.054711,90.662,27.265,244.86,123.67
2020-02-08 13:47:06,918,0.20596,0.27398,2.5258,-0.60114,90.786,27.276,211.33,123.34
2020-02-08 13:47:07,919,0.2024,0.27393,2.3939,-0.27322,90.647,27.266,234.9,123
2020-02-08 13:47:08,920,0.20476,0.27437,2.537,0.38264,90.867,27.272,235.95,123.67
2020-02-08 13:47:09,921,0.20285,0.27233,2.531,0.054711,90.8,27.272,232.94,123.34
2020-02-08 13:47:10,922,0.20344,0.2742,2.6961,0.38264,90.679,27.276,243.39,123.67
2020-02-08 13:47:11,923,0.20344,0.272,2.5177,0.054711,90.704,27.272,222.03,123.34
2020-02-08 13:47:12,924,0.20373,0.27537,2.6839,0.054711,90.801,27.272,221.34,123
2020-02-08 13:47:13,925,0.2039,0.27088,2.645,0.054711,90.862,27.276,230.15,123
2020-02-08 13:47:14,926,0.20415,0.27522,2.6315,0.38264,90.377,27.282,228.53,123
2020-02-08 13:47:15,927,0.20447,0.27299,2.6431,0.71057,90.25,27.271,217,123.67
2020-02-08 13:47:17,928,0.20457,0.27389,2.9717,-0.27322,90.58,27.28,234.49,124
2020-02-08 13:47:18,929,0.20476,0.27485,2.996,0.38264,90.221,27.285,247.96,123.34
2020-02-08 13:47:19,930,0.20421,0.27388,2.7094,0.71057,90.468,27.273,229.36,123
2020-02-08 13:47:20,931,0.20549,0.27569,2.5695,0.054711,90.798,27.276,225,123.67
2020-02-08 13:47:21,932,0.20376,0.27456,2.9948,0.38264,90.279,27.277,235.75,123.67
2020-02-08 13:47:22,933,0.20254,0.27521,3.0573,-0.27322,90.289,27.275,237.92,124
2020-02-08 13:47:23,934,0.20536,0.27406,2.655,-0.27322,90.319,27.275,232.96,124
2020-02-08 13:47:24,935,0.20295,0.27383,2.8471,0.054711,90.3,27.281,204.27,124
2020-02-08 13:47:25,936,0.20395,0.27496,2.9232,0.054711,90.272,27.289,238.09,123.34
2020-02-08 13:47:26,937,0.20429,0.27246,2.4368,0.054711,90.279,27.283,231.07,123.67
2020-02-08 13:47:27,938,0.2034,0.27471,2.7809,-0.27322,90.243,27.286,228.68,123.34
2020-02-08 13:47:28,939,0.20474,0.2735,2.5048,0.38264,90.314,27.285,228.81,123.67
2020-02-08 13:47:29,940,0.20445,0.27357,2.5517,0.054711,90.314,27.29,239.82,124
2020-02-08 13:47:30,941,0.20507,0.27528,2.4796,-0.27322,90.24,27.288,227.78,123.34
2020-02-08 13:47:31,942,0.20506,0.27347,2.4391,-0.27322,90.359,27.288,232.65,123
2020-02-08 13:47:33,943,0.20516,0.27486,2.4612,0.054711,90.171,27.282,216.22,123
2020-02-08 13:47:34,944,0.20453,0.27574,2.6052,-0.27322,90.34,27.294,240.73,123
2020-02-08 13:47:35,945,0.20511,0.27348,3.067,0.054711,90.466,27.291,233.83,123.67
2020-02-08 13:47:36,946,0.20374,0.27657,3.0906,0.054711,90.355,27.303,232.67,123.34
2020-02-08 13:47:37,947,0.2037,0.27572,2.03,0.054711,90.244,27.302,222.8,123.34
2020-02-08 13:47:38,948,0.20375,0.27394,2.0619,0.38264,90.176,27.296,236.82,123.67
2020-02-08 13:47:39,949,0.20445,0.27455,2.7301,0.054711,90.448,27.302,234.07,123.34
2020-02-08 13:47:40,950,0.20274,0.27346,1.924,0.054711,90.332,27.302,228.56,123.67
2020-02-08 13:47:41,951,0.20395,0.27357,1.8384,-0.60114,90.257,27.302,215.94,123.34
2020-02-08 13:47:42,952,0.20462,0.27409,2.0375,0.71057,90.333,27.304,233.3,123.67
2020-02-08 13:47:43,953,0.20458,0.27433,2.828,0.38264,90.295,27.297,231.39,124.67
2020-02-08 13:47:44,954,0.20494,0.27267,1.4276,0.054711,90.286,27.308,210.93,123.67
2020-02-08 13:47:45,955,0.20497,0.27507,1.8613,0.054711,90.232,27.301,230.69,123.67
2020-02-08 13:47:46,956,0.20437,0.27298,1.9717,0.38264,90.4,27.294,242.11,123.34
2020-02-08 13:47:47,957,0.20484,0.27453,1.749,0.054711,90.237,27.295,208.82,123.67
2020-02-08 13:47:49,958,0.20318,0.27358,3.0591,0.054711,90.267,27.295,249.28,123.34
2020-02-08 13:47:50,959,0.20537,0.27412,1.8521,0.054711,90.292,27.298,220.07,123
2020-02-08 13:47:51,960,0.20361,0.27489,1.9849,0.054711,90.623,27.302,214.71,123.67
2020-02-08 13:47:52,961,0.20544,0.27435,1.8938,0.054711,90.125,27.301,218.72,124
2020-02-08 13:47:53,962,0.2035,0.27463,2.5897,0.054711,90.12,27.301,232.83,123.34
2020-02-08 13:47:54,963,0.20402,0.27412,2.4171,0.054711,90.159,27.309,248.1,123.67
2020-02-08 13:47:55,964,0.20334,0.2743,2.1605,0.054711,90.04,27.308,245.5,123.34
2020-02-08 13:47:56,965,0.20497,0.27356,2.9052,0.71057,90.636,27.298,247.8,123.67
2020-02-08 13:47:57,966,0.20227,0.27318,2.4531,0.054711,90.44,27.302,226.94,124
2020-02-08 13:47:58,967,0.20566,0.27516,2.4416,0.054711,90.323,27.302,230.08,124
2020-02-08 13:47:59,968,0.20333,0.27257,2.2817,-0.27322,90.089,27.308,214.86,123.34
2020-02-08 13:48:00,969,0.20547,0.27513,2.1929,0.054711,90.068,27.314,238.24,123
2020-02-08 13:48:01,970,0.2043,0.27165,2.5394,0.054711,90.112,27.304,219.39,123.67
2020-02-08 13:48:02,971,0.20571,0.27553,2.7718,-0.27322,90.365,27.304,227.92,123.34
2020-02-08 13:48:03,972,0.20465,0.27311,2.8542,0.054711,90.62,27.304,213.2,123.67
2020-02-08 13:48:05,973,0.20589,0.2741,2.7158,0.054711,90.61,27.302,228.81,123.34
2020-02-08 13:48:06,974,0.20489,0.27557,2.6104,0.054711,90.663,27.303,231.46,123.67
2020-02-08 13:48:07,975,0.20528,0.27361,3.0618,0.054711,90.523,27.308,221.77,123.34
2020-02-08 13:48:08,976,0.20468,0.27555,2.5011,0.054711,90.7,27.303,239.48,123.67
2020-02-08 13:48:09,977,0.20525,0.27533,2.9214,0.054711,90.749,27.303,229.07,123.34
2020-02-08 13:48:10,978,0.20342,0.27225,2.7473,0.054711,90.716,27.31,233.71,123.67
2020-02-08 13:48:11,979,0.20568,0.27416,1.4964,0.054711,90.618,27.305,209.5,124
2020-02-08 13:48:12,980,0.20247,0.27221,1.8802,0.71057,90.611,27.316,218.92,123.34
2020-02-08 13:48:13,981,0.20484,0.27507,2.6126,0.054711,90.644,27.319,231.58,123.67
2020-02-08 13:48:14,982,0.20338,0.27197,2.4358,0.054711,90.857,27.313,230.23,123.34
2020-02-08 13:48:15,983,0.20493,0.27393,2.5205,-0.60114,90.73,27.315,246.87,123
2020-02-08 13:48:16,984,0.20358,0.27211,2.0391,0.38264,90.748,27.31,226.74,122.34
2020-02-08 13:48:17,985,0.20526,0.27493,2.1191,-0.60114,90.861,27.317,229,122
2020-02-08 13:48:18,986,0.20417,0.27122,2.8222,0.054711,90.906,27.304,235.11,121.34
2020-02-08 13:48:20,987,0.20503,0.27527,1.4875,0.054711,90.74,27.304,219.91,121.67
2020-02-08 13:48:21,988,0.20389,0.27183,2.9083,0.054711,90.695,27.315,243.69,122.67
2020-02-08 13:48:22,989,0.20545,0.27436,1.4391,0.054711,90.63,27.314,210.24,123
2020-02-08 13:48:23,990,0.20361,0.2737,2.7464,0.38264,90.786,27.312,226.1,122.34
2020-02-08 13:48:24,991,0.20213,0.27311,2.9071,0.054711,90.78,27.322,238.51,122.34
2020-02-08 13:48:25,992,0.20351,0.27133,1.7645,0.71057,90.754,27.327,213.56,122.67
2020-02-08 13:48:26,993,0.20284,0.27401,1.9408,0.054711,90.786,27.328,227.18,122.34
2020-02-08 13:48:27,994,0.20392,0.27232,2.0965,0.054711,90.402,27.328,229.37,122
2020-02-08 13:48:28,995,0.20342,0.27417,2.1165,0.054711,90.683,27.322,232.16,122
2020-02-08 13:48:29,996,0.20376,0.27229,3.0701,-0.27322,90.807,27.327,249.54,122
2020-02-08 13:48:30,997,0.20345,0.27414,2.2669,0.054711,90.873,27.323,219.3,122
2020-02-08 13:48:31,998,0.20381,0.27211,2.8234,0.054711,90.546,27.321,228.34,122
2020-02-08 13:48:32,999,0.2038,0.27445,3.1087,-0.27322,90.652,27.32,249.9,122.67
2020-02-08 13:48:33,1000,0.20422,0.27246,2.7341,0.054711,90.606,27.321,229.28,123
2020-02-08 13:48:34,1001,0.20384,0.27353,2.7702,0.054711,90.778,27.316,234.52,122.34
2020-02-08 13:48:35,1002,0.2041,0.2737,2.8151,0.054711,90.65,27.316,231.46,122.67
2020-02-08 13:48:36,1003,0.20398,0.27343,2.6058,0.054711,90.199,27.327,219.77,122.34
2020-02-08 13:48:37,1004,0.20375,0.2744,2.6965,0.054711,90.247,27.324,221.93,122.67
2020-02-08 13:48:38,1005,0.20487,0.27442,3.2229,0.054711,90.242,27.327,245.55,123
2020-02-08 13:48:40,1006,0.20232,0.27304,3.1692,0.054711,90.495,27.325,248.8,122.34
2020-02-08 13:48:41,1007,0.20611,0.27434,2.5533,0.054711,90.206,27.324,214.5,122.67
2020-02-08 13:48:42,1008,0.20172,0.27248,1.8977,0.054711,90.309,27.32,223.67,123
2020-02-08 13:48:43,1009,0.20224,0.27177,2.481,0.054711,90.248,27.325,217.59,123
2020-02-08 13:48:44,1010,0.20548,0.27522,2.5906,0.054711,90.128,27.333,229.24,123.67
2020-02-08 13:48:45,1011,0.20342,0.27195,2.4827,0.38264,90.336,27.33,249.2,123.34
2020-02-08 13:48:46,1012,0.20503,0.27506,2.1463,0.38264,90.236,27.33,221.11,122.34
2020-02-08 13:48:47,1013,0.2041,0.27135,2.4119,-0.27322,90.352,27.337,232.48,122.67
2020-02-08 13:48:48,1014,0.20477,0.27566,2.4741,0.054711,90.12,27.324,234.64,122.34
2020-02-08 13:48:49,1015,0.20449,0.27216,1.6964,-0.27322,90.181,27.335,224.16,122
2020-02-08 13:48:50,1016,0.20461,0.27474,2.6609,0.054711,90.194,27.339,229.5,122.67
2020-02-08 13:48:51,1017,0.20438,0.27277,2.121,0.054711,90.553,27.334,248.97,123
2020-02-08 13:48:52,1018,0.20523,0.27371,2.6572,0.38264,90.531,27.336,227.36,123
2020-02-08 13:48:53,1019,0.20411,0.27419,2.6069,0.054711,90.439,27.333,217.33,121.67
2020-02-08 13:48:55,1020,0.20543,0.27448,2.3725,0.054711,90.335,27.333,231.47,123
2020-02-08 13:48:56,1021,0.20439,0.27349,2.3247,0.054711,90.335,27.335,237.76,123.34
2020-02-08 13:48:57,1022,0.20517,0.27518,1.4811,0.38264,90.173,27.334,228.96,123
2020-02-08 13:48:58,1023,0.20309,0.27468,2.6171,0.38264,90.175,27.336,231.19,122.67
2020-02-08 13:48:59,1024,0.20684,0.2726,1.1435,0.38264,90.195,27.335,219.27,122.34
2020-02-08 13:49:00,1025,0.20165,0.27311,2.7917,0.054711,90.232,27.342,238.62,122.67
2020-02-08 13:49:01,1026,0.20653,0.27361,2.5015,0.054711,90.299,27.343,229.59,123
2020-02-08 13:49:02,1027,0.20247,0.27124,2.8279,0.38264,90.068,27.342,204.97,123
2020-02-08 13:49:03,1028,0.20525,0.27564,2.6959,0.38264,90.166,27.329,243.58,122.34
2020-02-08 13:49:04,1029,0.20423,0.27135,2.9183,0.38264,90.175,27.34,241.83,122.67
2020-02-08 13:49:05,1030,0.20446,0.27567,2.9221,-0.27322,90.126,27.34,238.34,123
2020-02-08 13:49:06,1031,0.20467,0.27138,3.1266,0.054711,90.176,27.335,250.12,123
2020-02-08 13:49:07,1032,0.20485,0.27609,2.5747,0.054711,90.211,27.335,224.59,123.67
2020-02-08 13:49:08,1033,0.20527,0.2722,3.1486,0.054711,90.222,27.336,245.72,123.34
2020-02-08 13:49:10,1034,0.2063,0.27472,1.824,0.38264,90.429,27.338,226.65,123.67
2020-02-08 13:49:11,1035,0.20517,0.27427,2.8387,0.054711,90.003,27.345,239.93,124
2020-02-08 13:49:12,1036,0.20574,0.27493,2.783,0.054711,90.261,27.334,226.45,123.34
2020-02-08 13:49:13,1037,0.20556,0.27334,1.6071,0.054711,90.072,27.349,208.73,123
2020-02-08 13:49:14,1038,0.20483,0.27337,2.5611,0.054711,90.228,27.334,224.77,123.67
2020-02-08 13:49:15,1039,0.20431,0.27535,2.6218,0.054711,89.85,27.336,227.06,123.34
2020-02-08 13:49:16,1040,0.20858,0.27426,2.0651,0.054711,90.373,27.343,213.29,123
2020-02-08 13:49:17,1041,0.20666,0.27469,2.2578,0.054711,90.026,27.341,227.37,123.67
2020-02-08 13:49:18,1042,0.20931,0.2735,2.1741,0.054711,90.048,27.341,227.15,123.34
2020-02-08 13:49:19,1043,0.20711,0.27431,2.0878,0.054711,90.634,27.338,215.98,123.67
2020-02-08 13:49:20,1044,0.20831,0.27403,0.89659,-0.60114,90.682,27.343,208.5,123.34
2020-02-08 13:49:21,1045,0.20757,0.27176,2.8361,-0.27322,90.129,27.341,238.24,123.67
2020-02-08 13:49:22,1046,0.20816,0.27481,2.5714,0.054711,90.069,27.342,225.9,123.34
2020-02-08 13:49:23,1047,0.2082,0.27062,2.1665,0.054711,90.125,27.34,223.62,123
2020-02-08 13:49:24,1048,0.20857,0.27483,2.8513,0.054711,90.141,27.338,233.05,123.67
2020-02-08 13:49:25,1049,0.20895,0.27352,2.7253,0.054711,90.167,27.351,223.99,124
2020-02-08 13:49:26,1050,0.20881,0.2748,2.7562,0.054711,90.119,27.351,234.82,123.34
2020-02-08 13:49:28,1051,0.20973,0.27494,2.7635,0.054711,90.733,27.346,225.02,123.67
2020-02-08 13:49:29,1052,0.20867,0.27443,2.6738,0.054711,90.635,27.34,230.28,123.34
2020-02-08 13:49:30,1053,0.20954,0.27449,2.7102,0.054711,90.565,27.349,230.94,123
2020-02-08 13:49:31,1054,0.20724,0.27536,2.4198,0.054711,90.428,27.339,229.3,123
2020-02-08 13:49:32,1055,0.20636,0.2745,2.2317,0.054711,90.275,27.342,220.93,123.67
2020-02-08 13:49:33,1056,0.20839,0.27293,2.6151,0.054711,90.167,27.348,235.18,123.34
2020-02-08 13:49:34,1057,0.20639,0.27296,2.1582,0.054711,90.533,27.343,225.5,122.34
2020-02-08 13:49:35,1058,0.20805,0.27367,2.8011,0.054711,90.669,27.343,224.18,122.67
2020-02-08 13:49:36,1059,0.20533,0.27157,2.6453,-0.27322,90.644,27.345,225.62,123
2020-02-08 13:49:37,1060,0.20617,0.27197,2.2149,0.054711,90.264,27.338,221.76,123.67
2020-02-08 13:49:38,1061,0.2031,0.27172,2.4428,0.054711,90.494,27.345,223.74,122.67
2020-02-08 13:49:39,1062,0.20257,0.26834,1.9318,0.054711,90.719,27.342,228.22,122
2020-02-08 13:49:40,1063,0.20259,0.2705,1.6271,-0.27322,90.813,27.347,219.21,121.34
2020-02-08 13:49:42,1064,0.20435,0.27167,1.4198,0.71057,90.608,27.346,233.4,122
2020-02-08 13:49:44,1065,0.20466,0.27217,2.9382,-0.27322,90.436,27.349,238.67,122.34
2020-02-08 13:49:45,1066,0.20598,0.27262,2.1823,-0.27322,90.603,27.354,237.38,122.67
2020-02-08 13:49:47,1067,0.20497,0.27253,2.246,0.054711,90.572,27.349,246.72,122.34
2020-02-08 13:49:48,1068,0.2063,0.27253,2.6629,0.054711,90.593,27.354,227.58,122
2020-02-08 13:49:49,1069,0.20587,0.27341,2.081,-0.27322,90.733,27.333,229.35,122
2020-02-08 13:49:50,1070,0.20663,0.27238,2.2466,0.38264,90.71,27.351,233.94,122.67
2020-02-08 13:49:51,1071,0.20613,0.27357,2.7778,0.38264,90.507,27.351,223.47,123
2020-02-08 13:49:52,1072,0.20603,0.27282,2.0282,0.054711,90.841,27.343,226.18,122.34
2020-02-08 13:49:53,1073,0.20783,0.27274,2.7142,0.38264,90.775,27.344,239.24,123.33
2020-02-08 13:49:54,1074,0.2055,0.27238,2.3273,0.054711,90.809,27.342,216.7,123.34
2020-02-08 13:49:55,1075,0.20811,0.27326,2.6498,0.054711,90.668,27.339,231.79,122.34
2020-02-08 13:49:56,1076,0.2055,0.27269,2.999,0.38264,90.803,27.344,251.01,123.33
2020-02-08 13:49:57,1077,0.20822,0.27345,2.709,0.054711,90.513,27.343,202.32,122.67
2020-02-08 13:49:59,1078,0.2062,0.27242,2.1013,0.38264,90.661,27.342,232.14,122.67
2020-02-08 13:50:00,1079,0.20803,0.27425,2.8165,0.38264,90.684,27.349,208.83,123
2020-02-08 13:50:01,1080,0.20729,0.27335,2.8418,0.38264,90.927,27.343,203.72,123
2020-02-08 13:50:02,1081,0.20833,0.2742,2.0401,0.38264,90.648,27.338,223.95,123
2020-02-08 13:50:03,1082,0.20777,0.27314,1.2067,0.38264,90.7,27.338,211.59,123
2020-02-08 13:50:04,1083,0.20808,0.27226,1.9411,-0.27322,90.449,27.349,231.82,123.67
2020-02-08 13:50:05,1084,0.20859,0.27463,2.7029,0.38264,90.756,27.346,217.95,123.34
2020-02-08 13:50:06,1085,0.20798,0.27397,2.7706,0.054711,90.621,27.325,229.06,123
2020-02-08 13:50:07,1086,0.20871,0.27393,1.6227,-0.27322,90.54,27.335,211.36,123
2020-02-08 13:50:08,1087,0.20791,0.27497,1.792,0.054711,90.735,27.345,221.51,123
2020-02-08 13:50:09,1088,0.2088,0.27401,3.0084,0.054711,90.232,27.34,231.99,123.67
2020-02-08 13:50:10,1089,0.20707,0.27484,2.9061,0.054711,90.755,27.339,225.84,123.34
2020-02-08 13:50:11,1090,0.20824,0.27369,2.322,0.71057,90.281,27.342,213.42,123.67
2020-02-08 13:50:12,1091,0.20767,0.27422,3.0099,0.71057,90.034,27.342,240.58,123.34
2020-02-08 13:50:13,1092,0.2066,0.27312,2.1523,-0.27322,90.946,27.345,232.74,123.67
2020-02-08 13:50:14,1093,0.2087,0.2739,2.5753,0.054711,90.968,27.345,235.16,123.34
2020-02-08 13:50:16,1094,0.20624,0.27228,2.6857,0.054711,90.31,27.348,226.14,123
2020-02-08 13:50:17,1095,0.20841,0.27489,2.1612,-0.27322,90.609,27.339,224.94,123
2020-02-08 13:50:18,1096,0.20703,0.27205,2.046,0.71057,90.862,27.347,232.41,123.67
2020-02-08 13:50:19,1097,0.20894,0.27553,2.4083,0.054711,90.459,27.344,228.42,123.67
2020-02-08 13:50:20,1098,0.20908,0.27447,2.8044,0.38264,90.485,27.349,231.23,124
2020-02-08 13:50:21,1099,0.20802,0.27416,2.6125,0.38264,90.518,27.342,238.13,124
2020-02-08 13:50:22,1100,0.20925,0.2742,3.046,0.38264,90.378,27.35,227.63,122.67
2020-02-08 13:50:24,1101,0.20879,0.27377,1.3304,0.054711,90.068,27.345,232.56,124.67
2020-02-08 13:50:26,1102,0.20708,0.27297,2.5865,0.054711,90.22,27.349,231.97,122.67
2020-02-08 13:50:28,1103,0.20531,0.27238,2.8725,0.71057,90.201,27.357,238.99,124
2020-02-08 13:50:29,1104,0.20888,0.27553,0.95484,-0.27322,90.188,27.345,203.29,124
2020-02-08 13:50:31,1105,0.20732,0.2723,2.6671,-0.27322,90.322,27.345,221.84,123.34
2020-02-08 13:50:32,1106,0.20865,0.27527,2.6146,0.054711,90.108,27.345,235.06,123
2020-02-08 13:50:33,1107,0.20877,0.27193,3.0246,0.38264,90.046,27.355,248.37,123
2020-02-08 13:50:34,1108,0.20933,0.27402,2.7838,0.054711,90.102,27.346,217.38,123.67
2020-02-08 13:50:35,1109,0.20772,0.2747,2.6209,0.38264,90.103,27.348,207.08,123.34
2020-02-08 13:50:36,1110,0.20881,0.27396,2.7173,0.054711,90.129,27.347,226.85,123.67
2020-02-08 13:50:37,1111,0.20813,0.2743,0.97948,0.054711,90.085,27.354,203.51,123.67
2020-02-08 13:50:38,1112,0.2076,0.27413,1.7317,-0.27322,90.14,27.352,226.06,123.34
2020-02-08 13:50:39,1113,0.20692,0.27285,2.4562,-0.27322,89.94,27.352,228.97,123
2020-02-08 13:50:40,1114,0.20791,0.27353,2.3338,-0.60114,90.253,27.347,231.56,123
2020-02-08 13:50:41,1115,0.20574,0.27238,1.7136,0.054711,90.223,27.361,222.65,123
2020-02-08 13:50:42,1116,0.20843,0.27343,2.4566,0.38264,90.14,27.345,229.58,123.67
2020-02-08 13:50:43,1117,0.20561,0.27175,2.274,0.054711,90.19,27.347,227.59,123.34
2020-02-08 13:50:44,1118,0.20898,0.27415,1.0916,0.054711,90.277,27.363,203.74,123
2020-02-08 13:50:46,1119,0.20656,0.27261,1.7687,0.054711,90.123,27.355,215.99,123
2020-02-08 13:50:47,1120,0.20861,0.27493,2.3565,0.054711,90.207,27.357,230.93,124.33
2020-02-08 13:50:48,1121,0.20898,0.27527,1.9794,0.054711,90.233,27.353,227.22,123.67
2020-02-08 13:50:49,1122,0.20784,0.27187,1.9527,0.38264,90.105,27.353,231.69,123.34
2020-02-08 13:50:50,1123,0.20944,0.27462,2.1319,0.054711,89.901,27.358,222.59,123
2020-02-08 13:50:51,1124,0.20767,0.27442,2.6521,0.054711,90.116,27.353,227.58,123
2020-02-08 13:50:52,1125,0.20882,0.27501,2.1711,0.054711,90.006,27.353,239.39,123.67
2020-02-08 13:50:53,1126,0.20771,0.27443,2.0382,0.38264,89.981,27.355,237.28,122.67
2020-02-08 13:50:54,1127,0.20819,0.27433,1.9202,0.38264,90.428,27.346,227.82,122
2020-02-08 13:50:55,1128,0.209,0.27464,3.1328,0.054711,89.927,27.358,228.32,122.67
2020-02-08 13:50:56,1129,0.2061,0.27331,1.7154,0.38264,90.085,27.352,216.68,123.67
2020-02-08 13:50:57,1130,0.2098,0.27372,3.2159,0.38264,90.125,27.358,243.46,123.34
2020-02-08 13:50:58,1131,0.20494,0.27294,2.7723,0.38264,89.866,27.357,214.36,123
2020-02-08 13:51:00,1132,0.20889,0.2738,2.7934,0.054711,90.119,27.363,216.4,123
2020-02-08 13:51:01,1133,0.20514,0.27216,3.0703,-0.27322,90.532,27.355,231.55,123
2020-02-08 13:51:02,1134,0.2084,0.27429,2.7017,-0.27322,89.99,27.365,208,123
2020-02-08 13:51:03,1135,0.20578,0.27128,2.6548,0.054711,90.412,27.353,245.38,123
2020-02-08 13:51:04,1136,0.20701,0.27047,3.1006,0.054711,90.512,27.353,249.74,123
2020-02-08 13:51:05,1137,0.20818,0.27573,2.4243,0.054711,90.231,27.367,234.85,123
2020-02-08 13:51:06,1138,0.20798,0.2712,2.3643,-0.27322,89.996,27.357,227.36,123.67
2020-02-08 13:51:07,1139,0.20869,0.27457,2.6397,0.054711,90.381,27.357,228.19,124
2020-02-08 13:51:08,1140,0.20755,0.27412,2.6928,0.054711,90.552,27.361,229.88,123.34
2020-02-08 13:51:09,1141,0.20764,0.27423,2.5748,0.71057,90.533,27.359,237.96,123
2020-02-08 13:51:10,1142,0.20747,0.27372,2.2616,0.054711,90.613,27.353,207.91,123
2020-02-08 13:51:11,1143,0.20667,0.27473,2.7213,-0.27322,90.59,27.369,231.56,123
2020-02-08 13:51:12,1144,0.20861,0.27367,1.9168,-0.27322,90.531,27.376,227.95,123.67
2020-02-08 13:51:13,1145,0.20459,0.27409,2.1273,0.054711,90.646,27.376,249,122.67
2020-02-08 13:51:14,1146,0.2089,0.27327,2.6932,0.054711,90.633,27.364,229.83,123.33
2020-02-08 13:51:16,1147,0.20508,0.27216,2.5268,0.054711,90.703,27.363,221.94,123.34
2020-02-08 13:51:17,1148,0.20717,0.27514,1.6851,0.38264,90.656,27.37,231.47,123.67
2020-02-08 13:51:18,1149,0.20721,0.27094,1.8467,0.054711,90.446,27.373,228.05,122.67
2020-02-08 13:51:19,1150,0.20756,0.27066,1.8256,0.054711,90.58,27.367,221.41,124
2020-02-08 13:51:20,1151,0.20712,0.27385,1.2579,0.054711,90.417,27.372,221.49,123.34
2020-02-08 13:51:21,1152,0.20678,0.27177,1.9974,0.054711,90.72,27.368,225.43,123.67
2020-02-08 13:51:22,1153,0.20746,0.27366,2.2905,0.054711,90.586,27.367,250.06,122.67
2020-02-08 13:51:23,1154,0.2065,0.27199,2.7365,0.054711,90.67,27.367,237.93,123.33
2020-02-08 13:51:24,1155,0.20678,0.27412,2.0035,0.38264,90.806,27.373,228.37,124
2020-02-08 13:51:25,1156,0.20705,0.27256,2.3684,-0.27322,90.543,27.376,221.22,123.34
2020-02-08 13:51:26,1157,0.20643,0.27444,2.3085,0.38264,90.696,27.373,222.24,123
2020-02-08 13:51:27,1158,0.20793,0.27202,3.0315,0.054711,90.419,27.371,246.07,123.67
2020-02-08 13:51:28,1159,0.20557,0.27389,3.049,0.38264,90.643,27.377,244.23,122.67
2020-02-08 13:51:30,1160,0.20848,0.27319,2.6874,-0.60114,90.545,27.379,236.77,123.33
2020-02-08 13:51:31,1161,0.20512,0.27346,2.8175,0.38264,90.606,27.382,237.13,123.34
2020-02-08 13:51:32,1162,0.20741,0.27246,2.6902,0.38264,90.254,27.376,230.02,123
2020-02-08 13:51:33,1163,0.20569,0.27157,2.8066,0.054711,90.664,27.376,247.04,123
2020-02-08 13:51:34,1164,0.20626,0.27105,2.6557,0.054711,90.926,27.384,224.24,123
2020-02-08 13:51:35,1165,0.20633,0.27419,2.8742,0.054711,90.802,27.384,237.93,123.67
2020-02-08 13:51:36,1166,0.20694,0.26993,2.6672,0.054711,90.576,27.373,224.69,122.67
2020-02-08 13:51:37,1167,0.20692,0.27422,2.6775,0.054711,90.738,27.388,227.65,122.67
2020-02-08 13:51:38,1168,0.20741,0.27253,1.9758,0.054711,90.261,27.387,216.95,123.67
2020-02-08 13:51:39,1169,0.20755,0.27305,2.1973,0.054711,90.756,27.379,230.83,123.34
2020-02-08 13:51:40,1170,0.20797,0.27451,2.6574,0.054711,90.058,27.38,226.41,123.67
2020-02-08 13:51:41,1171,0.20707,0.27243,2.5509,0.054711,90.397,27.38,229.78,124
2020-02-08 13:51:42,1172,0.20794,0.27352,2.9204,-0.27322,90.098,27.383,205.1,123.34
2020-02-08 13:51:43,1173,0.20666,0.27438,2.584,0.054711,90.753,27.381,229.45,123
2020-02-08 13:51:45,1174,0.20866,0.27318,2.8731,0.054711,90.127,27.389,209.64,123
2020-02-08 13:51:46,1175,0.20546,0.27349,2.9682,0.054711,90.819,27.384,247.38,123.67
2020-02-08 13:51:47,1176,0.20786,0.2738,2.7556,0.054711,90.022,27.383,228.5,123.34
2020-02-08 13:51:48,1177,0.20611,0.27454,2.7241,0.054711,90.125,27.387,227.07,123
2020-02-08 13:51:49,1178,0.20776,0.2725,2.8729,0.054711,90.015,27.383,211.52,123
2020-02-08 13:51:50,1179,0.20671,0.27324,2.7617,0.054711,89.97,27.383,209.83,123.67
2020-02-08 13:51:51,1180,0.20787,0.27321,2.6886,0.054711,90.693,27.387,230.14,124
2020-02-08 13:51:52,1181,0.20771,0.27152,2.7822,0.38264,90.356,27.404,231.59,123.34
2020-02-08 13:51:53,1182,0.20824,0.27469,2.7284,0.054711,90.333,27.395,203.04,122.34
2020-02-08 13:51:54,1183,0.20775,0.27393,2.518,0.054711,90.126,27.389,233.9,122.67
2020-02-08 13:51:55,1184,0.20796,0.27351,2.5781,0.054711,90.273,27.394,223.69,123
2020-02-08 13:51:56,1185,0.20651,0.27381,2.1399,0.054711,90.019,27.383,228,123.67
2020-02-08 13:51:57,1186,0.2076,0.27215,0.98951,0.38264,90.135,27.389,215.38,123.34
2020-02-08 13:51:58,1187,0.20584,0.27443,2.652,0.38264,90.175,27.389,237.86,123.67
2020-02-08 13:51:59,1188,0.20763,0.27226,2.4914,0.38264,90.197,27.39,227.29,123.34
2020-02-08 13:52:00,1189,0.20591,0.2742,2.8283,0.054711,90.034,27.393,226.37,123
2020-02-08 13:52:01,1190,0.2069,0.27181,2.2433,0.054711,90.195,27.39,228.41,123.67
2020-02-08 13:52:03,1191,0.20686,0.27395,2.0972,0.38264,90.055,27.395,218.73,123.34
2020-02-08 13:52:04,1192,0.20571,0.27201,1.1385,0.38264,90.144,27.394,233.14,123.67
2020-02-08 13:52:05,1193,0.20726,0.27318,2.2432,0.38264,90.164,27.396,225.89,123.34
2020-02-08 13:52:06,1194,0.20276,0.26971,2.4681,0.054711,90.086,27.39,251.93,123
2020-02-08 13:52:07,1195,0.2035,0.27131,2.8214,0.38264,90.016,27.393,231.96,123
2020-02-08 13:52:08,1196,0.20326,0.27199,2.6032,0.38264,89.895,27.393,233.33,122.67
2020-02-08 13:52:09,1197,0.20463,0.27002,1.892,0.054711,90.046,27.389,227.76,123
2020-02-08 13:52:10,1198,0.20311,0.27117,2.5082,0.38264,90.126,27.388,228.91,123
2020-02-08 13:52:11,1199,0.20449,0.2713,2.1243,0.71057,90.004,27.388,229.31,122.34
2020-02-08 13:52:12,1200,0.20385,0.27103,2.6343,0.054711,90.02,27.396,236.62,122.67
2020-02-08 13:52:13,1201,0.20443,0.27266,3.2278,0.054711,89.945,27.393,250.39,122.34
2020-02-08 13:52:14,1202,0.20435,0.27086,2.6986,0.054711,90.022,27.405,230.5,122.67
2020-02-08 13:52:15,1203,0.20482,0.27368,1.9029,-0.27322,89.915,27.4,227.53,123.67
2020-02-08 13:52:16,1204,0.20461,0.27093,2.4034,-0.27322,89.988,27.403,231.42,122.67
2020-02-08 13:52:17,1205,0.20541,0.2727,3.0322,-0.27322,89.863,27.403,236.93,122.67
2020-02-08 13:52:18,1206,0.2052,0.27101,2.6454,-0.27322,89.885,27.4,221.83,123
2020-02-08 13:52:19,1207,0.20561,0.27335,3.0571,0.38264,90.147,27.411,227.22,123
2020-02-08 13:52:20,1208,0.20545,0.27012,2.7532,-0.27322,89.765,27.405,203.82,122.34
2020-02-08 13:52:22,1209,0.20678,0.27467,3.089,0.054711,89.78,27.4,249.66,123.33
2020-02-08 13:52:23,1210,0.20645,0.26999,2.7321,0.054711,90.438,27.402,230.49,123.34
2020-02-08 13:52:24,1211,0.20705,0.27337,2.6211,-0.27322,90.028,27.411,232.22,122.34
2020-02-08 13:52:25,1212,0.20685,0.27183,1.8727,-0.27322,89.912,27.415,230.55,122.67
2020-02-08 13:52:26,1213,0.20782,0.27266,2.4839,0.38264,90.458,27.415,246.67,123
2020-02-08 13:52:27,1214,0.20797,0.27317,2.6486,0.054711,90.333,27.409,232.75,122.34
2020-02-08 13:52:28,1215,0.2064,0.27388,2.6169,0.054711,90.224,27.416,235.56,123.33
2020-02-08 13:52:29,1216,0.20794,0.27345,2.6616,0.054711,90.503,27.42,226.57,123.34
2020-02-08 13:52:30,1217,0.20689,0.27354,2.7039,0.71057,90.499,27.412,226.52,123
2020-02-08 13:52:31,1218,0.20669,0.27301,2.0677,-0.27322,90.444,27.421,211.37,123
2020-02-08 13:52:32,1219,0.20816,0.27305,2.656,-0.27322,90.511,27.42,238.56,123
2020-02-08 13:52:33,1220,0.2051,0.27151,2.3264,-0.27322,90.429,27.431,233.64,123.67
2020-02-08 13:52:34,1221,0.20835,0.27447,2.4391,0.054711,90.552,27.431,224.15,122.67
2020-02-08 13:52:35,1222,0.2061,0.27184,2.1606,0.71057,90.504,27.424,228.92,122.67
2020-02-08 13:52:36,1223,0.20835,0.2743,1.8633,-0.27322,90.513,27.437,213.7,123
2020-02-08 13:52:37,1224,0.20767,0.27087,2.2482,0.38264,90.507,27.437,239.81,123
2020-02-08 13:52:38,1225,0.20894,0.27355,1.8915,0.054711,90.467,27.437,229.71,123.67
2020-02-08 13:52:39,1226,0.20731,0.27338,3.008,0.38264,90.493,27.432,245.35,123.34
2020-02-08 13:52:40,1227,0.20894,0.27382,2.6317,-0.27322,90.398,27.438,228.7,123
2020-02-08 13:52:42,1228,0.20706,0.27435,1.2698,0.054711,90.6,27.432,207.94,123
2020-02-08 13:52:43,1229,0.20839,0.2743,2.6276,0.054711,90.544,27.435,228.08,123
2020-02-08 13:52:44,1230,0.20817,0.27383,1.7666,0.054711,90.457,27.435,251.35,123
2020-02-08 13:52:45,1231,0.20579,0.27309,2.9353,0.054711,90.668,27.438,226.89,123
2020-02-08 13:52:46,1232,0.20608,0.27175,1.8936,0.38264,90.569,27.441,224.22,123
2020-02-08 13:52:47,1233,0.20891,0.27512,1.5653,0.054711,90.513,27.439,216.56,123
2020-02-08 13:52:48,1234,0.20763,0.27111,1.9461,0.054711,90.326,27.438,228.67,123
2020-02-08 13:52:49,1235,0.2093,0.27519,2.993,0.71057,90.475,27.442,245.36,123
2020-02-08 13:52:50,1236,0.20752,0.27238,1.9504,0.054711,90.459,27.446,229.23,122.34
2020-02-08 13:52:51,1237,0.20879,0.27369,2.5896,-0.60114,90.501,27.45,218.85,123.33
2020-02-08 13:52:52,1238,0.2063,0.27334,1.9662,0.054711,90.43,27.453,228.92,123.34
2020-02-08 13:52:53,1239,0.20819,0.27352,1.2334,0.054711,90.602,27.453,205.5,123
2020-02-08 13:52:54,1240,0.20634,0.27281,1.9275,0.054711,90.704,27.462,227.41,123
2020-02-08 13:52:55,1241,0.2078,0.27379,2.8679,0.054711,90.4,27.473,208.4,123
2020-02-08 13:52:57,1242,0.20705,0.27343,2.7656,0.38264,90.626,27.471,224.47,123
2020-02-08 13:52:58,1243,0.20739,0.27384,1.9865,0.054711,90.457,27.467,224.78,123
2020-02-08 13:52:59,1244,0.20817,0.27367,2.7896,0.054711,90.644,27.476,231.06,123
2020-02-08 13:53:00,1245,0.20633,0.27279,2.618,0.054711,90.548,27.479,221.54,123
2020-02-08 13:53:01,1246,0.20553,0.27193,2.4261,0.054711,90.658,27.48,231.46,123
2020-02-08 13:53:02,1247,0.20933,0.27387,2.9615,0.054711,90.787,27.484,231.39,123
2020-02-08 13:53:03,1248,0.20624,0.27228,2.7712,0.38264,90.237,27.484,232.15,123
2020-02-08 13:53:04,1249,0.20875,0.27414,2.6738,0.38264,90.506,27.493,230.92,123
2020-02-08 13:53:05,1250,0.20729,0.27073,2.9613,0.38264,90.925,27.49,202.24,123
2020-02-08 13:53:06,1251,0.20926,0.27428,2.6065,0.38264,90.681,27.49,225.1,123
2020-02-08 13:53:07,1252,0.20819,0.27247,2.9167,0.38264,90.672,27.489,202.68,123
2020-02-08 13:53:08,1253,0.20953,0.27483,2.6803,0.054711,90.618,27.498,228.58,123
2020-02-08 13:53:09,1254,0.20794,0.27352,2.8255,0.054711,90.041,27.483,237.98,123
2020-02-08 13:53:10,1255,0.20898,0.27473,2.3045,0.71057,90.7,27.489,224.66,123
2020-02-08 13:53:12,1256,0.20894,0.27381,2.7041,0.054711,89.932,27.501,225.51,123.67
2020-02-08 13:53:13,1257,0.20683,0.27379,2.9646,0.054711,90.105,27.497,247.72,123.34
2020-02-08 13:53:14,1258,0.20978,0.27312,2.6301,-0.27322,90.108,27.5,237.01,123.67
2020-02-08 13:53:15,1259,0.206,0.27247,2.8499,-0.27322,90.171,27.5,239.79,123.34
2020-02-08 13:53:16,1260,0.20826,0.27194,2.7231,0.054711,90.079,27.503,212.18,123
2020-02-08 13:53:17,1261,0.20932,0.27532,2.9812,0.38264,90.833,27.501,205.9,122.34
2020-02-08 13:53:18,1262,0.20854,0.27274,2.6748,0.38264,90.123,27.502,232.31,122.67
2020-02-08 13:53:19,1263,0.20962,0.27519,2.8173,0.38264,90.095,27.501,235.42,123
2020-02-08 13:53:20,1264,0.20797,0.27237,2.6538,0.054711,90.525,27.503,227.6,122.33
2020-02-08 13:53:21,1265,0.20901,0.27572,2.6391,-0.27322,89.941,27.505,224.82,122.67
2020-02-08 13:53:22,1266,0.20885,0.27244,2.0835,0.054711,90.266,27.5,228.7,123
2020-02-08 13:53:23,1267,0.20665,0.275,2.1972,0.054711,90.05,27.5,221.93,123
2020-02-08 13:53:24,1268,0.20993,0.27246,1.0104,0.054711,90.01,27.502,209.63,123
2020-02-08 13:53:25,1269,0.20551,0.27305,3.0143,0.054711,90.603,27.504,247.96,123
2020-02-08 13:53:27,1270,0.20943,0.27401,2.9439,0.054711,90.555,27.492,242.54,123
2020-02-08 13:53:28,1271,0.20752,0.27197,2.5882,-0.27322,90.067,27.509,231.35,123
2020-02-08 13:53:29,1272,0.20819,0.2747,1.886,0.054711,90.266,27.501,220.15,123.67
2020-02-08 13:53:30,1273,0.20827,0.27075,2.884,0.054711,90.105,27.512,229.99,123.33
2020-02-08 13:53:31,1274,0.20808,0.2713,2.2729,0.054711,90.241,27.506,231.37,124
2020-02-08 13:53:32,1275,0.20917,0.27479,2.6025,0.38264,89.932,27.514,223.3,123.33
2020-02-08 13:53:33,1276,0.20834,0.27279,2.23,0.38264,90.096,27.514,251.69,123
2020-02-08 13:53:34,1277,0.20848,0.27569,2.2753,-0.60114,89.963,27.511,252.13,123
2020-02-08 13:53:35,1278,0.20877,0.27228,1.8074,0.054711,90.058,27.517,229.47,123
2020-02-08 13:53:36,1279,0.20768,0.27575,1.9413,0.054711,90.041,27.517,231.27,123.67
2020-02-08 13:53:37,1280,0.20963,0.27318,2.8602,0.054711,89.993,27.505,246.91,123.33
2020-02-08 13:53:38,1281,0.20709,0.27388,1.9353,0.054711,90.119,27.509,225.3,122.33
2020-02-08 13:53:39,1282,0.20885,0.2733,2.373,0.38264,90.149,27.513,224.18,123.33
2020-02-08 13:53:40,1283,0.20794,0.27252,1.1673,0.054711,90.088,27.52,213.42,123.33
2020-02-08 13:53:41,1284,0.20766,0.27399,2.393,0.054711,90.134,27.52,228.07,123
2020-02-08 13:53:43,1285,0.20855,0.27099,1.261,0.054711,90.13,27.509,214.04,123
2020-02-08 13:53:44,1286,0.209,0.274,1.9151,0.054711,90.154,27.51,229.04,123.67
2020-02-08 13:53:45,1287,0.20927,0.27333,2.9296,0.054711,90.03,27.507,227.82,123.33
2020-02-08 13:53:46,1288,0.20932,0.27399,2.572,0.054711,89.926,27.511,221.29,123
2020-02-08 13:53:47,1289,0.20916,0.27409,2.211,-0.27322,89.952,27.509,244.52,123.67
2020-02-08 13:53:48,1290,0.20883,0.27553,2.9037,0.054711,90.016,27.497,247.51,124
2020-02-08 13:53:49,1291,0.2076,0.27493,2.7369,0.054711,90.102,27.497,231.97,123.67
2020-02-08 13:53:50,1292,0.20877,0.27275,2.091,0.054711,90.028,27.498,222.05,124
2020-02-08 13:53:51,1293,0.20744,0.27159,2.1306,0.38264,90.058,27.504,221.38,124
2020-02-08 13:53:52,1294,0.20747,0.27405,1.0794,0.054711,90.052,27.501,210.71,123.33
2020-02-08 13:53:53,1295,0.20843,0.27161,1.896,0.38264,90.153,27.506,218.82,123
2020-02-08 13:53:54,1296,0.20842,0.27372,1.9186,0.054711,89.992,27.501,232.26,123.67
2020-02-08 13:53:55,1297,0.20916,0.27393,2.7917,0.38264,89.907,27.493,229.75,123.33
2020-02-08 13:53:56,1298,0.20956,0.27188,2.4003,0.054711,90.093,27.497,206.53,123.67
2020-02-08 13:53:57,1299,0.20939,0.27397,1.9167,0.054711,89.958,27.508,229.44,123.33
2020-02-08 13:53:58,1300,0.20946,0.27491,2.6048,0.054711,90.022,27.508,228.02,123
2020-02-08 13:53:59,1301,0.20943,0.2725,2.4649,0.38264,90.515,27.511,222.91,123.67
2020-02-08 13:54:00,1302,0.20799,0.27601,2.6852,0.054711,89.767,27.499,236.93,124
2020-02-08 13:54:01,1303,0.20956,0.27352,2.5647,0.054711,90.347,27.512,241.27,123.33
2020-02-08 13:54:03,1304,0.20792,0.27342,2.6052,0.054711,90.543,27.507,220.57,123.67
2020-02-08 13:54:04,1305,0.20786,0.2733,2.6045,-0.27322,90.31,27.51,229.8,123.33
2020-02-08 13:54:05,1306,0.20932,0.27376,0.91095,-0.27322,90.384,27.503,208.12,123.67
2020-02-08 13:54:06,1307,0.20823,0.27232,2.4753,-0.27322,90.29,27.503,221.06,123.33
2020-02-08 13:54:07,1308,0.20991,0.2718,2.5281,0.054711,90.378,27.508,230.33,124
2020-02-08 13:54:08,1309,0.21043,0.27476,3.1272,0.054711,90.346,27.515,249.31,123.33
2020-02-08 13:54:09,1310,0.20878,0.274,2.5311,0.054711,90.455,27.505,229.26,123.67
2020-02-08 13:54:10,1311,0.21016,0.27425,2.8931,0.054711,90.555,27.496,224.72,123.33
2020-02-08 13:54:11,1312,0.20767,0.2743,1.1261,0.38264,90.523,27.505,219.08,123.67
2020-02-08 13:54:12,1313,0.20952,0.27296,2.6157,0.054711,90.555,27.509,225.01,123.33
2020-02-08 13:54:13,1314,0.208,0.27414,2.0879,0.054711,90.554,27.509,238.04,123.67
2020-02-08 13:54:14,1315,0.20764,0.27209,2.665,0.38264,90.474,27.51,228.73,124
2020-02-08 13:54:15,1316,0.20859,0.27277,2.5617,0.054711,90.631,27.513,229.28,123.33
2020-02-08 13:54:16,1317,0.20783,0.27214,1.8326,0.054711,90.622,27.513,209.36,124.33
2020-02-08 13:54:18,1318,0.20827,0.27262,1.9275,0.054711,90.627,27.51,230.22,124.33
2020-02-08 13:54:19,1319,0.20895,0.27316,2.9007,0.054711,90.648,27.517,237.63,124
2020-02-08 13:54:20,1320,0.20928,0.27387,1.2813,0.054711,90.442,27.512,211.79,124
2020-02-08 13:54:21,1321,0.20966,0.27234,2.2067,0.38264,90.874,27.519,243.28,124
2020-02-08 13:54:22,1322,0.2092,0.27404,2.055,0.054711,90.409,27.521,229.25,124
2020-02-08 13:54:23,1323,0.20987,0.27296,2.7068,-0.27322,90.635,27.528,229.02,123.33
2020-02-08 13:54:24,1324,0.20933,0.27528,1.1239,0.71057,90.667,27.528,218.68,124.33
2020-02-08 13:54:25,1325,0.20863,0.27291,2.5683,0.38264,90.389,27.523,228.79,123.67
2020-02-08 13:54:26,1326,0.20965,0.27437,2.4787,0.38264,90.546,27.523,233.83,123.67
2020-02-08 13:54:27,1327,0.20691,0.27256,2.5921,0.71057,90.514,27.533,231.53,124
2020-02-08 13:54:28,1328,0.21041,0.27418,3.0603,0.054711,90.49,27.533,245.33,123.33
2020-02-08 13:54:29,1329,0.20845,0.27185,2.7478,0.38264,90.578,27.52,235.39,123.67
2020-02-08 13:54:30,1330,0.21049,0.27392,2.5645,0.38264,90.455,27.519,229.56,122.67
2020-02-08 13:54:31,1331,0.20937,0.27197,2.6273,0.054711,90.105,27.529,238.25,123.33
2020-02-08 13:54:32,1332,0.21069,0.27422,2.3999,0.38264,90.073,27.526,218.39,123.33
2020-02-08 13:54:33,1333,0.20888,0.27407,2.4949,-0.27322,90.481,27.517,229.67,124.33
2020-02-08 13:54:34,1334,0.21047,0.27533,1.7868,-0.27322,90.766,27.517,223.06,124.33
2020-02-08 13:54:35,1335,0.20884,0.27462,2.5022,-0.27322,90.725,27.523,226.91,124
2020-02-08 13:54:37,1336,0.20844,0.27344,2.0242,0.054711,90.052,27.523,204.54,123.33
2020-02-08 13:54:38,1337,0.21014,0.27333,2.5233,0.054711,90.479,27.512,229.49,123.67
2020-02-08 13:54:39,1338,0.20715,0.27227,2.1125,0.38264,90.333,27.51,222.36,124
2020-02-08 13:54:40,1339,0.21004,0.27539,2.3982,0.054711,90.645,27.521,247.6,124
2020-02-08 13:54:41,1340,0.20899,0.27114,2.6751,-0.27322,90.619,27.52,240.27,123.33
2020-02-08 13:54:42,1341,0.2094,0.2725,2.4585,0.71057,90.018,27.52,234.66,124.67
2020-02-08 13:54:43,1342,0.21046,0.27368,2.3484,0.054711,89.958,27.52,235.81,124.33
2020-02-08 13:54:44,1343,0.20886,0.27467,1.2169,0.054711,90.052,27.52,221.19,123.33
2020-02-08 13:54:45,1344,0.21008,0.27416,2.4729,0.054711,90.046,27.519,209.59,123.67
2020-02-08 13:54:46,1345,0.20975,0.27439,2.1752,0.054711,89.831,27.524,214.22,124
2020-02-08 13:54:47,1346,0.20775,0.27252,2.6955,0.054711,89.888,27.518,232.87,124
2020-02-08 13:54:48,1347,0.20978,0.2738,2.8028,0.38264,89.947,27.535,238.53,124
2020-02-08 13:54:49,1348,0.20791,0.27205,0.93137,0.054711,89.999,27.517,208.69,123.33
2020-02-08 13:54:50,1349,0.2099,0.27412,2.6504,0.054711,90.02,27.537,225.2,123
2020-02-08 13:54:51,1350,0.20988,0.271,2.3441,0.054711,89.971,27.528,232.1,123.67
2020-02-08 13:54:52,1351,0.21066,0.27475,2.4559,0.054711,90.147,27.528,224.62,123.33
2020-02-08 13:54:54,1352,0.20903,0.27415,3.1283,0.054711,90.575,27.528,235.82,123.67
2020-02-08 13:54:55,1353,0.21002,0.27288,2.6483,-0.27322,90.063,27.526,232.31,124
2020-02-08 13:54:56,1354,0.20912,0.27527,2.5604,0.38264,90.184,27.53,223.32,124
2020-02-08 13:54:57,1355,0.20939,0.2745,2.577,-0.27322,90.084,27.536,228.66,123
2020-02-08 13:54:58,1356,0.20665,0.27181,2.5352,0.054711,90.332,27.538,229.79,123.67
2020-02-08 13:54:59,1357,0.20993,0.27412,3.0824,0.054711,89.96,27.54,237.34,123.33
2020-02-08 13:55:00,1358,0.2062,0.27164,2.161,-0.27322,90.079,27.537,229.12,123.67
2020-02-08 13:55:01,1359,0.21,0.27436,2.1186,0.054711,90.246,27.534,228.76,123.33
2020-02-08 13:55:02,1360,0.20714,0.27107,2.1991,0.054711,89.925,27.534,207.31,123
2020-02-08 13:55:03,1361,0.20887,0.2745,1.9735,0.38264,89.958,27.541,230.58,123.67
2020-02-08 13:55:04,1362,0.20829,0.27111,2.8409,0.054711,90.007,27.541,233.11,123.33
2020-02-08 13:55:05,1363,0.20941,0.27483,1.5877,0.38264,89.924,27.543,215.08,123.67
2020-02-08 13:55:06,1364,0.20899,0.2706,2.738,0.054711,90.158,27.543,227.48,124
2020-02-08 13:55:08,1365,0.20826,0.27348,1.876,0.38264,89.862,27.539,225.76,122.67
2020-02-08 13:55:09,1366,0.20654,0.27106,2.3906,0.054711,90.002,27.534,236.85,123.33
2020-02-08 13:55:10,1367,0.20733,0.2726,2.8271,0.054711,89.944,27.534,237.27,123.33
2020-02-08 13:55:11,1368,0.20726,0.27108,2.271,0.054711,90.159,27.54,252.14,122.33
2020-02-08 13:55:12,1369,0.20856,0.27293,2.6838,-0.27322,90.097,27.541,228.86,123.67
2020-02-08 13:55:13,1370,0.20884,0.27295,3.0109,0.054711,90.091,27.545,250.69,122.67
2020-02-08 13:55:14,1371,0.20741,0.27275,2.1593,0.054711,89.939,27.554,243.81,122.67
2020-02-08 13:55:15,1372,0.20897,0.27314,1.9258,0.054711,89.86,27.549,222.08,123.67
2020-02-08 13:55:16,1373,0.20806,0.2735,2.6886,0.38264,90.021,27.551,238.31,124
2020-02-08 13:55:17,1374,0.20868,0.27288,2.1764,0.054711,90.012,27.564,242.46,123.33
2020-02-08 13:55:18,1375,0.20874,0.27467,2.5746,0.054711,90.051,27.564,223.17,123.67
2020-02-08 13:55:19,1376,0.20826,0.27322,3.1172,0.054711,89.939,27.554,251.86,123.33
2020-02-08 13:55:20,1377,0.20996,0.27414,2.916,0.38264,90.326,27.552,244.72,123
2020-02-08 13:55:21,1378,0.20661,0.27274,2.7037,0.38264,90.223,27.555,218.92,123.67
2020-02-08 13:55:23,1379,0.21086,0.27352,1.6351,-0.27322,89.95,27.564,206.24,124
2020-02-08 13:55:24,1380,0.20561,0.27261,3.1107,0.38264,90.149,27.562,246.19,123.33
2020-02-08 13:55:25,1381,0.21032,0.2748,2.6989,0.054711,90.091,27.566,209.7,123.67
2020-02-08 13:55:26,1382,0.20717,0.2712,2.5069,0.054711,90.308,27.566,226.82,123.33
2020-02-08 13:55:27,1383,0.2097,0.27473,2.9518,0.38264,89.822,27.566,241.55,123.67
2020-02-08 13:55:28,1384,0.2096,0.27499,2.7568,0.38264,89.829,27.566,229.16,124
2020-02-08 13:55:29,1385,0.20859,0.27301,2.7946,0.054711,90.233,27.57,221.73,124
2020-02-08 13:55:30,1386,0.20995,0.27485,2.7435,0.38264,90.223,27.559,228.55,123.33
2020-02-08 13:55:31,1387,0.20876,0.27359,2.8329,0.38264,89.797,27.559,248.71,123.67
2020-02-08 13:55:32,1388,0.20916,0.27511,2.7447,0.38264,90.242,27.566,218.54,124
2020-02-08 13:55:33,1389,0.21002,0.27305,3.1718,0.054711,89.936,27.557,233.82,124
2020-02-08 13:55:34,1390,0.20675,0.27482,2.7792,0.054711,89.987,27.57,225.92,123.33
2020-02-08 13:55:35,1391,0.21083,0.27259,3.0955,0.054711,90.392,27.57,244.44,123.67
2020-02-08 13:55:36,1392,0.20598,0.2735,2.305,0.054711,89.82,27.555,230.36,124
2020-02-08 13:55:37,1393,0.20991,0.27418,2.7717,-0.27322,90.262,27.558,232.97,124
2020-02-08 13:55:38,1394,0.20793,0.2714,2.9674,-0.27322,90.4,27.552,241.98,123.33
2020-02-08 13:55:39,1395,0.20875,0.27484,2.7836,0.054711,90.444,27.56,231.5,123
2020-02-08 13:55:40,1396,0.20841,0.27009,3.108,0.38264,90.265,27.562,251.19,124.33
2020-02-08 13:55:42,1397,0.20877,0.27531,2.8977,0.054711,90.004,27.559,214.32,124.33
2020-02-08 13:55:43,1398,0.20851,0.27119,2.5941,0.71057,89.939,27.549,222.41,123.33
2020-02-08 13:55:44,1399,0.20957,0.27438,3.0103,0.71057,89.816,27.549,231.15,123
2020-02-08 13:55:45,1400,0.20837,0.27315,2.5811,0.38264,90.408,27.559,236,123
2020-02-08 13:55:46,1401,0.20879,0.27273,2.6835,0.38264,90.214,27.553,227.66,123
2020-02-08 13:55:47,1402,0.20856,0.27526,0.96079,0.054711,90.283,27.565,228.47,123.67
2020-02-08 13:55:48,1403,0.20932,0.27268,2.9522,-0.27322,90.397,27.556,202.54,123.33
2020-02-08 13:55:49,1404,0.20795,0.2754,2.7918,0.054711,90.147,27.564,232.04,123.67
2020-02-08 13:55:50,1405,0.21006,0.27369,2.764,0.054711,90.312,27.559,208.89,124
2020-02-08 13:55:51,1406,0.20774,0.27409,1.7654,0.38264,90.445,27.553,207.4,123.33
2020-02-08 13:55:52,1407,0.20937,0.27392,2.7263,0.054711,90.397,27.555,238.64,123.67
2020-02-08 13:55:53,1408,0.20811,0.27262,2.6942,0.38264,90.335,27.564,226.26,124
2020-02-08 13:55:54,1409,0.20887,0.27456,2.6316,0.38264,90.367,27.564,247.3,123.33
2020-02-08 13:55:55,1410,0.20891,0.27132,2.3932,-0.27322,90.363,27.571,234.22,123
2020-02-08 13:55:56,1411,0.20961,0.27412,2.927,0.054711,90.398,27.568,241.23,123.67
2020-02-08 13:55:58,1412,0.20961,0.27408,2.5595,0.38264,90.481,27.561,219.32,122.67
2020-02-08 13:55:59,1413,0.20988,0.2735,2.4582,0.054711,90.288,27.568,226.8,122.67
2020-02-08 13:56:00,1414,0.20938,0.27449,2.4975,0.38264,90.348,27.564,228.2,123.67
2020-02-08 13:56:01,1415,0.20909,0.27297,2.5668,-0.27322,90.441,27.567,228.77,123.33
2020-02-08 13:56:02,1416,0.208,0.27492,1.469,0.054711,90.387,27.57,228.67,123
2020-02-08 13:56:03,1417,0.21023,0.27356,2.2288,0.054711,90.5,27.573,222.64,123.67
2020-02-08 13:56:04,1418,0.20645,0.27336,2.6201,0.71057,90.416,27.57,229.57,123.33
2020-02-08 13:56:05,1419,0.20968,0.2736,2.546,0.71057,90.826,27.57,239.01,123
2020-02-08 13:56:06,1420,0.20677,0.27276,2.4221,0.054711,90.489,27.565,233.1,123.67
2020-02-08 13:56:07,1421,0.2088,0.27423,2.2975,0.71057,90.519,27.576,248.1,123.33
2020-02-08 13:56:08,1422,0.20859,0.27226,2.4516,0.38264,90.421,27.574,217.15,123.67
2020-02-08 13:56:09,1423,0.20808,0.27376,2.0498,0.054711,90.401,27.576,223.96,124
2020-02-08 13:56:10,1424,0.20939,0.27418,1.8568,-0.27322,90.495,27.567,214.72,124
2020-02-08 13:56:11,1425,0.2088,0.27291,2.5213,0.054711,90.361,27.569,230.4,123.33
2020-02-08 13:56:13,1426,0.20956,0.27413,2.4257,-0.27322,90.427,27.585,228.17,123
2020-02-08 13:56:14,1427,0.20963,0.27266,2.913,-0.27322,90.765,27.585,243.32,123.67
2020-02-08 13:56:15,1428,0.21001,0.27416,2.6533,0.054711,90.093,27.578,218.43,123.33
2020-02-08 13:56:16,1429,0.20885,0.27473,1.7685,0.38264,90.353,27.584,223.79,123.67
2020-02-08 13:56:17,1430,0.20785,0.27495,2.4266,-0.27322,90.696,27.581,221.51,123.33
2020-02-08 13:56:18,1431,0.20975,0.27391,2.6017,0.38264,90.685,27.587,237.36,123
2020-02-08 13:56:19,1432,0.20846,0.27449,2.6546,0.054711,90.488,27.58,245.75,123
2020-02-08 13:56:20,1433,0.20796,0.27303,2.9526,0.38264,90.113,27.586,241.64,123
2020-02-08 13:56:21,1434,0.20934,0.27421,2.3307,0.38264,90.543,27.581,214.46,123.67
2020-02-08 13:56:22,1435,0.20735,0.27168,2.1331,0.38264,90.291,27.581,229.2,123.33
2020-02-08 13:56:23,1436,0.20855,0.27368,2.252,0.38264,90.634,27.587,244.97,123
2020-02-08 13:56:24,1437,0.20862,0.27291,2.6558,0.054711,90.568,27.587,231.81,123
2020-02-08 13:56:25,1438,0.2083,0.2729,2.9114,0.054711,90.025,27.596,236.21,123
2020-02-08 13:56:26,1439,0.20738,0.27212,2.6609,0.054711,90.575,27.591,242.84,123
2020-02-08 13:56:27,1440,0.2071,0.27242,2.5391,0.054711,89.952,27.592,229.2,123.67
2020-02-08 13:56:29,1441,0.20691,0.27144,2.8729,0.38264,89.911,27.581,240.82,122.67
2020-02-08 13:56:30,1442,0.20552,0.27269,2.879,0.054711,89.878,27.589,215.1,122.67
2020-02-08 13:56:31,1443,0.20378,0.27005,2.9018,0.054711,90.242,27.589,224.23,122.33
2020-02-08 13:56:32,1444,0.20573,0.27167,2.6428,0.054711,90.099,27.587,226.72,122
2020-02-08 13:56:33,1445,0.20489,0.27097,2.7337,0.38264,89.987,27.583,229.37,122
2020-02-08 13:56:34,1446,0.20387,0.26992,2.4039,0.054711,89.934,27.582,231.04,122
2020-02-08 13:56:35,1447,0.20424,0.27071,2.4881,0.38264,90.104,27.591,229.01,122
2020-02-08 13:56:36,1448,0.20554,0.27128,2.7604,0.38264,89.968,27.587,249.24,122
2020-02-08 13:56:37,1449,0.20481,0.27038,2.2551,-0.60114,89.904,27.586,249.62,121.33
2020-02-08 13:56:38,1450,0.20564,0.27301,1.2083,0.054711,90.009,27.587,213.3,121.67
2020-02-08 13:56:39,1451,0.20544,0.27045,2.4614,0.054711,89.909,27.592,245.12,121.33
2020-02-08 13:56:40,1452,0.20623,0.27346,1.9142,0.054711,89.956,27.592,222.54,122.33
2020-02-08 13:56:41,1453,0.20606,0.27069,2.4836,0.054711,90.079,27.592,229.56,121.67
2020-02-08 13:56:42,1454,0.20702,0.27339,1.8069,0.38264,89.957,27.593,225.23,121.67
2020-02-08 13:56:43,1455,0.2066,0.27085,2.081,0.054711,89.814,27.595,251.31,122
2020-02-08 13:56:44,1456,0.20743,0.27345,1.9547,0.38264,90.065,27.598,230.43,122
2020-02-08 13:56:45,1457,0.20654,0.27147,2.9226,0.054711,89.888,27.598,242.67,122
2020-02-08 13:56:47,1458,0.20786,0.27344,2.4717,0.054711,89.94,27.597,228.21,122.67
2020-02-08 13:56:48,1459,0.20665,0.27148,2.4166,0.054711,89.822,27.595,249.35,122.33
2020-02-08 13:56:49,1460,0.20844,0.27335,2.144,0.054711,89.719,27.595,213.52,122.67
2020-02-08 13:56:50,1461,0.2069,0.27196,2.3833,0.38264,89.885,27.598,238.09,122.33
2020-02-08 13:56:51,1462,0.20707,0.27089,2.1588,0.054711,89.955,27.592,225.15,122
2020-02-08 13:56:52,1463,0.20889,0.27466,2.3213,0.38264,89.841,27.593,221.69,122.67
2020-02-08 13:56:53,1464,0.20761,0.27054,3.0269,0.054711,90.099,27.597,238.93,122.33
2020-02-08 13:56:54,1465,0.20917,0.27454,2.2579,0.38264,89.891,27.599,229.91,122
2020-02-08 13:56:55,1466,0.20839,0.27174,2.387,0.38264,89.87,27.601,226.53,122.67
2020-02-08 13:56:56,1467,0.20911,0.27307,3.1082,0.38264,89.87,27.601,241.35,123
2020-02-08 13:56:57,1468,0.20824,0.2733,2.9978,0.054711,90.381,27.611,219.44,123
2020-02-08 13:56:58,1469,0.20941,0.27263,3.0777,0.054711,90.278,27.599,224.47,122.33
2020-02-08 13:56:59,1470,0.20847,0.27475,2.9269,0.054711,89.788,27.6,247.16,122.67
2020-02-08 13:57:00,1471,0.20934,0.27276,2.7963,0.054711,90.362,27.6,220.76,123
2020-02-08 13:57:01,1472,0.2089,0.27504,2.7119,0.38264,89.756,27.601,230.68,122.33
2020-02-08 13:57:02,1473,0.20941,0.27317,2.3767,-0.27322,90.466,27.598,221.16,122.67
2020-02-08 13:57:04,1474,0.20939,0.2746,2.3625,-0.27322,90.377,27.599,222.38,123.67
2020-02-08 13:57:05,1475,0.20782,0.27283,2.6522,0.38264,90.008,27.598,238.12,122.67
2020-02-08 13:57:06,1476,0.2101,0.27422,2.6346,-0.27322,90.41,27.598,218.8,122.67
2020-02-08 13:57:07,1477,0.20685,0.27203,2.484,0.054711,90.43,27.591,230.04,123
2020-02-08 13:57:08,1478,0.21022,0.27362,2.1632,0.054711,90.229,27.596,208.44,123
2020-02-08 13:57:09,1479,0.21013,0.27436,2.0773,0.054711,90.09,27.596,206.85,123
2020-02-08 13:57:10,1480,0.20923,0.27145,2.3255,0.054711,90.348,27.609,251.11,123.67
2020-02-08 13:57:11,1481,0.21038,0.27419,1.8797,0.054711,90.012,27.593,218.37,123.33
2020-02-08 13:57:12,1482,0.20869,0.27272,2.4673,0.054711,90.402,27.598,223.77,123
2020-02-08 13:57:13,1483,0.21061,0.27455,2.8921,-0.27322,90.359,27.603,231.47,123
2020-02-08 13:57:14,1484,0.20872,0.27381,1.912,-0.27322,90.43,27.59,229.71,123.67
2020-02-08 13:57:15,1485,0.21005,0.2744,1.4692,0.38264,90.484,27.594,203.32,123.33
2020-02-08 13:57:16,1486,0.20963,0.27447,2.6409,0.054711,90.327,27.599,227.41,123
2020-02-08 13:57:17,1487,0.20822,0.27231,1.7572,0.38264,90.343,27.604,227.16,122.33
2020-02-08 13:57:18,1488,0.21099,0.274,1.9132,0.38264,90.249,27.604,224.57,122
2020-02-08 13:57:19,1489,0.20655,0.27121,1.9121,0.054711,90.348,27.597,206.33,122
2020-02-08 13:57:21,1490,0.21094,0.27524,2.715,0.054711,90.501,27.593,226.89,122.67
2020-02-08 13:57:22,1491,0.20852,0.27181,2.3195,0.054711,90.19,27.605,249.93,122.33
2020-02-08 13:57:23,1492,0.21012,0.27493,2.7576,0.38264,90.371,27.608,235.3,122
2020-02-08 13:57:24,1493,0.20979,0.27163,3.0245,0.054711,90.462,27.599,248.16,122.67
2020-02-08 13:57:25,1494,0.20953,0.27376,2.1479,0.71057,90.482,27.609,219.45,122
2020-02-08 13:57:26,1495,0.21036,0.27354,2.4594,0.054711,90.408,27.623,236.79,122
2020-02-08 13:57:27,1496,0.21014,0.27478,2.4725,0.71057,90.459,27.616,227.76,122
2020-02-08 13:57:28,1497,0.20937,0.27403,0.9258,0.38264,90.43,27.62,204.02,122.67
2020-02-08 13:57:29,1498,0.21087,0.27419,2.3613,0.38264,90.649,27.621,232.35,123.67
2020-02-08 13:57:30,1499,0.20726,0.27223,2.4754,0.054711,90.581,27.621,231.05,122.67
2020-02-08 13:57:31,1500,0.21071,0.27363,1.996,-0.27322,90.496,27.62,229.54,122.67
2020-02-08 13:57:32,1501,0.2083,0.27161,2.9419,-0.27322,90.71,27.627,239.65,123.67
2020-02-08 13:57:33,1502,0.21037,0.27448,2.3002,0.38264,90.3,27.63,219.07,124
2020-02-08 13:57:34,1503,0.21036,0.27086,2.8274,0.054711,90.444,27.622,225.73,122.67
2020-02-08 13:57:36,1504,0.21092,0.27441,2.8369,0.054711,90.468,27.634,211.76,122.67
2020-02-08 13:57:37,1505,0.20963,0.27426,2.8074,0.71057,90.486,27.637,225.24,123
2020-02-08 13:57:38,1506,0.21094,0.27493,1.3336,0.054711,90.423,27.636,221.59,122.33
2020-02-08 13:57:39,1507,0.20945,0.27521,2.9957,0.054711,90.541,27.636,247.62,123
2020-02-08 13:57:40,1508,0.21101,0.27174,2.5089,0.054711,90.51,27.645,230.42,123
2020-02-08 13:57:41,1509,0.20688,0.27336,2.6762,0.054711,89.765,27.642,235.42,122.33
2020-02-08 13:57:42,1510,0.21132,0.27163,1.7387,0.38264,90.54,27.655,223.55,122.67
2020-02-08 13:57:43,1511,0.20621,0.27184,1.8462,0.054711,90.506,27.653,228.75,123
2020-02-08 13:57:44,1512,0.21193,0.27269,2.5418,0.38264,90.271,27.644,230.09,123
2020-02-08 13:57:45,1513,0.2075,0.27152,2.8608,0.054711,89.954,27.654,245.04,122.33
2020-02-08 13:57:46,1514,0.21053,0.27467,2.7637,0.054711,89.98,27.659,229.7,122.67
2020-02-08 13:57:47,1515,0.20988,0.27166,1.9027,0.054711,90.093,27.662,210.55,122.33
2020-02-08 13:57:48,1516,0.20955,0.27505,2.4236,-0.60114,89.95,27.661,220.22,122.67
2020-02-08 13:57:49,1517,0.21066,0.27059,1.7763,-0.27322,90.419,27.652,229.35,123
2020-02-08 13:57:51,1518,0.21042,0.27417,3.0505,-0.27322,89.891,27.652,251.03,123
2020-02-08 13:57:52,1519,0.2104,0.27254,2.6626,0.054711,89.917,27.659,228.21,123
2020-02-08 13:57:53,1520,0.21105,0.27489,1.893,0.38264,89.797,27.643,224.29,123
2020-02-08 13:57:54,1521,0.20967,0.2751,2.684,0.38264,89.859,27.638,232.33,123
2020-02-08 13:57:55,1522,0.21163,0.27286,2.5907,0.054711,90.102,27.646,222.56,123.67
2020-02-08 13:57:56,1523,0.20846,0.27347,2.3552,0.054711,89.95,27.649,238.31,123.33
2020-02-08 13:57:57,1524,0.21097,0.27349,2.5221,0.38264,89.939,27.633,216.8,123
2020-02-08 13:57:58,1525,0.20931,0.27187,2.3967,0.054711,89.984,27.647,230.44,123
2020-02-08 13:57:59,1526,0.21028,0.27464,2.8223,0.054711,89.972,27.655,227.02,123
2020-02-08 13:58:00,1527,0.2108,0.27077,2.2182,0.38264,89.839,27.655,228.19,123
2020-02-08 13:58:01,1528,0.21128,0.27396,2.8247,0.054711,89.923,27.64,225.13,123.67
2020-02-08 13:58:02,1529,0.21072,0.27384,2.3237,0.054711,90.001,27.646,240.46,123.33
2020-02-08 13:58:03,1530,0.21018,0.27343,2.1712,-0.27322,89.876,27.643,249.07,123
2020-02-08 13:58:05,1531,0.21146,0.27373,2.437,0.054711,89.974,27.648,217.53,123
2020-02-08 13:58:06,1532,0.2096,0.27479,1.903,0.38264,89.826,27.641,232.31,123
2020-02-08 13:58:07,1533,0.2109,0.27291,2.5884,-0.60114,89.99,27.637,219.84,123
2020-02-08 13:58:08,1534,0.20842,0.27356,1.8634,-0.27322,89.945,27.641,226.61,123
2020-02-08 13:58:09,1535,0.20834,0.27222,1.6683,-0.27322,89.883,27.626,222.62,123
2020-02-08 13:58:10,1536,0.20957,0.27386,2.4628,-0.27322,89.93,27.625,236.2,123
2020-02-08 13:58:11,1537,0.2093,0.271,2.5664,0.054711,89.858,27.628,226.33,123
2020-02-08 13:58:12,1538,0.20965,0.27339,2.5324,0.054711,89.909,27.628,227.74,123.67
2020-02-08 13:58:13,1539,0.21098,0.27129,2.555,0.38264,89.873,27.622,231.49,123.33
2020-02-08 13:58:14,1540,0.21387,0.27423,2.673,0.054711,89.975,27.619,228.61,123
2020-02-08 13:58:15,1541,0.21402,0.27472,2.7873,0.054711,89.79,27.614,238.16,123.67
2020-02-08 13:58:16,1542,0.2133,0.2722,2.7278,0.38264,89.829,27.619,227.38,123.33
2020-02-08 13:58:17,1543,0.21345,0.27533,2.8568,0.38264,89.979,27.612,205.4,123
2020-02-08 13:58:18,1544,0.21319,0.275,1.8713,0.38264,90.033,27.609,215.82,123
2020-02-08 13:58:20,1545,0.21414,0.2747,1.8586,0.38264,89.942,27.605,223.37,124.33
2020-02-08 13:58:21,1546,0.21165,0.2758,2.7495,0.054711,89.991,27.602,228.85,123.67
2020-02-08 13:58:22,1547,0.21398,0.27519,3.0442,0.38264,89.697,27.615,235.81,124.33
2020-02-08 13:58:23,1548,0.21186,0.27355,2.6986,0.38264,89.856,27.615,224.55,124.33
2020-02-08 13:58:24,1549,0.21174,0.27416,2.0335,0.054711,90.003,27.606,218.51,123.67
2020-02-08 13:58:25,1550,0.21247,0.2723,1.8588,-0.60114,89.835,27.602,231.12,124
2020-02-08 13:58:26,1551,0.21368,0.27499,3.0495,0.71057,89.862,27.599,250.77,124
2020-02-08 13:58:27,1552,0.21418,0.27322,2.6129,0.71057,89.69,27.601,214.41,124
2020-02-08 13:58:28,1553,0.21386,0.27445,2.8249,0.054711,89.785,27.604,233.87,124
2020-02-08 13:58:29,1554,0.21324,0.2758,2.1579,0.054711,89.843,27.603,215.3,124
2020-02-08 13:58:30,1555,0.21371,0.27349,2.1101,0.054711,90.091,27.601,235.71,124
2020-02-08 13:58:31,1556,0.21206,0.27599,2.1124,0.054711,89.991,27.601,229.56,124
2020-02-08 13:58:32,1557,0.21296,0.27341,2.055,0.054711,89.91,27.603,204.55,124
2020-02-08 13:58:33,1558,0.21238,0.27545,2.1619,0.054711,89.939,27.602,230.42,124
2020-02-08 13:58:34,1559,0.21109,0.27326,2.2225,0.054711,89.844,27.603,232.72,123.33
2020-02-08 13:58:35,1560,0.21265,0.27407,2.2703,0.38264,89.861,27.596,235.61,123.67
2020-02-08 13:58:36,1561,0.21163,0.27357,2.2026,0.71057,89.724,27.6,225.37,124
2020-02-08 13:58:37,1562,0.21255,0.27404,1.7202,0.38264,89.675,27.594,220.7,124
2020-02-08 13:58:38,1563,0.21253,0.27316,2.5162,0.38264,90.393,27.594,246.59,124
2020-02-08 13:58:40,1564,0.2133,0.27527,3.041,-0.27322,89.871,27.597,249.66,124
2020-02-08 13:58:41,1565,0.21291,0.27332,2.403,0.054711,90.299,27.596,234.8,123.33
2020-02-08 13:58:42,1566,0.214,0.2746,1.8709,-0.27322,90.047,27.599,227,123.67
2020-02-08 13:58:43,1567,0.21271,0.27493,1.6379,0.054711,90.3,27.59,211.54,123.33
2020-02-08 13:58:44,1568,0.21211,0.27553,2.6373,0.054711,90.453,27.589,229.53,123.67
2020-02-08 13:58:45,1569,0.21246,0.27343,2.5997,0.38264,90.371,27.586,230.23,124
2020-02-08 13:58:46,1570,0.21271,0.27467,1.8708,0.38264,90.222,27.587,231.24,124
2020-02-08 13:58:47,1571,0.21123,0.27341,2.0626,0.38264,90.34,27.587,249.26,123.33
2020-02-08 13:58:48,1572,0.21257,0.27456,2.3978,-0.27322,90.358,27.584,223.1,124.33
2020-02-08 13:58:49,1573,0.2123,0.27335,2.9719,0.054711,90.36,27.586,249.17,123.67
2020-02-08 13:58:50,1574,0.21336,0.27453,1.6725,0.38264,90.424,27.592,230.79,123.67
2020-02-08 13:58:51,1575,0.21296,0.27172,2.708,0.054711,90.441,27.585,236.46,124
2020-02-08 13:58:52,1576,0.2136,0.27467,2.2857,0.054711,90.32,27.592,237.01,124
2020-02-08 13:58:53,1577,0.21303,0.27454,1.8183,0.38264,90.334,27.583,228.83,124
2020-02-08 13:58:55,1578,0.2137,0.27484,2.6187,0.054711,90.528,27.591,232.58,124
2020-02-08 13:58:56,1579,0.21217,0.27578,2.6691,0.054711,90.525,27.587,229.93,124
2020-02-08 13:58:57,1580,0.21261,0.27349,1.6771,0.054711,90.278,27.587,217.09,123.33
2020-02-08 13:58:58,1581,0.21193,0.2752,2.4984,0.38264,90.26,27.591,230.71,123.67
2020-02-08 13:58:59,1582,0.21303,0.27532,1.4583,0.054711,90.29,27.579,219.32,123.33
2020-02-08 13:59:00,1583,0.21069,0.27251,2.7672,0.38264,90.601,27.586,231.99,123.67
2020-02-08 13:59:01,1584,0.21352,0.27548,2.2282,-0.27322,90.546,27.583,234.46,124
2020-02-08 13:59:02,1585,0.21199,0.27292,1.7935,0.38264,90.539,27.586,219.45,123.33
2020-02-08 13:59:03,1586,0.21334,0.27489,1.6501,0.054711,90.678,27.581,221.69,123.67
2020-02-08 13:59:04,1587,0.21322,0.27175,2.7254,0.054711,90.39,27.581,225.28,124
2020-02-08 13:59:05,1588,0.21395,0.27497,1.6837,0.054711,90.478,27.587,220.91,123.33
2020-02-08 13:59:06,1589,0.21281,0.27465,2.7123,-0.27322,90.476,27.587,231.23,123.67
2020-02-08 13:59:07,1590,0.21373,0.27447,2.6406,0.054711,90.442,27.592,231.47,124
2020-02-08 13:59:08,1591,0.21304,0.27619,2.8341,0.38264,90.419,27.584,226.16,124
2020-02-08 13:59:09,1592,0.21238,0.27398,2.7698,0.054711,90.422,27.583,231.71,124
2020-02-08 13:59:11,1593,0.21367,0.27576,2.6413,0.054711,90.563,27.583,225.52,124.67
2020-02-08 13:59:12,1594,0.21033,0.27264,2.868,0.054711,90.655,27.58,233.78,124.33
2020-02-08 13:59:13,1595,0.21344,0.27568,1.3212,-0.27322,89.959,27.57,219.51,124
2020-02-08 13:59:14,1596,0.21188,0.27487,3.0796,0.054711,89.86,27.578,251.68,124
2020-02-08 13:59:15,1597,0.21292,0.27212,2.7325,0.38264,90.39,27.574,210.65,124
2020-02-08 13:59:16,1598,0.21319,0.27439,3.0466,-0.27322,89.689,27.575,243.06,124
2020-02-08 13:59:17,1599,0.21204,0.27384,3.0568,0.054711,89.796,27.582,244.16,124
2020-02-08 13:59:18,1600,0.21199,0.27301,2.8621,0.38264,90.53,27.581,234.66,124.67
2020-02-08 13:59:19,1601,0.21066,0.27411,2.807,0.054711,90.024,27.581,224.5,123.67
2020-02-08 13:59:20,1602,0.21196,0.27295,1.9761,0.054711,89.647,27.581,228.19,123
2020-02-08 13:59:21,1603,0.21165,0.2747,2.8635,0.38264,89.872,27.579,232.12,123.67
2020-02-08 13:59:22,1604,0.2123,0.27364,1.244,-0.27322,89.915,27.583,227.87,123.33
2020-02-08 13:59:23,1605,0.21242,0.27583,2.7151,0.054711,89.891,27.585,235.77,123.67
2020-02-08 13:59:24,1606,0.21209,0.27402,2.8243,0.054711,90.37,27.589,224.4,124
2020-02-08 13:59:26,1607,0.21279,0.27513,1.8357,0.054711,89.96,27.593,229.82,124
2020-02-08 13:59:27,1608,0.2109,0.27294,2.5926,0.054711,89.897,27.586,224.07,124
2020-02-08 13:59:28,1609,0.21382,0.27496,2.5561,0.71057,89.899,27.591,229.83,124
2020-02-08 13:59:29,1610,0.21023,0.27227,2.6687,0.054711,89.963,27.59,232.48,124
2020-02-08 13:59:30,1611,0.21069,0.2717,0.90094,0.054711,89.881,27.596,203.51,124
2020-02-08 13:59:31,1612,0.21303,0.27557,2.7815,0.054711,89.76,27.596,210.94,123.33
2020-02-08 13:59:32,1613,0.21205,0.2708,3.0502,0.38264,89.912,27.584,237.13,123.67
2020-02-08 13:59:33,1614,0.21143,0.27324,1.7957,0.054711,89.935,27.59,225.46,124
2020-02-08 13:59:34,1615,0.21045,0.27292,2.6411,0.054711,89.879,27.599,218.5,124
2020-02-08 13:59:35,1616,0.2109,0.27315,2.8045,0.71057,89.93,27.587,217.96,123.33
2020-02-08 13:59:36,1617,0.21048,0.27446,2.4973,0.054711,89.825,27.599,227.25,123.67
2020-02-08 13:59:37,1618,0.21078,0.27292,2.5288,0.38264,89.953,27.595,217.06,124.67
2020-02-08 13:59:38,1619,0.21199,0.27424,2.572,0.38264,89.993,27.597,231.57,124.33
2020-02-08 13:59:39,1620,0.21098,0.27331,2.9315,0.054711,89.891,27.601,226.84,124
2020-02-08 13:59:41,1621,0.21415,0.27423,2.8214,0.054711,89.935,27.601,232.12,123.33
2020-02-08 13:59:42,1622,0.21144,0.27316,2.8603,-0.27322,89.989,27.595,238.01,124.34
2020-02-08 13:59:43,1623,0.21344,0.27489,2.2508,0.38264,89.846,27.597,221.46,124.33
2020-02-08 13:59:44,1624,0.21295,0.27142,2.7796,0.054711,89.989,27.602,236.05,124
2020-02-08 13:59:45,1625,0.21297,0.27299,2.6664,-0.27322,89.896,27.591,234.89,123.33
2020-02-08 13:59:46,1626,0.21285,0.27393,1.1716,0.054711,89.903,27.599,213.93,123.67
2020-02-08 13:59:47,1627,0.2116,0.27369,2.5259,0.054711,89.933,27.6,238.23,124
2020-02-08 13:59:48,1628,0.21179,0.27318,2.7959,0.054711,89.888,27.607,226.55,124
2020-02-08 13:59:49,1629,0.21088,0.27277,2.4255,0.054711,89.762,27.607,228.43,124
2020-02-08 13:59:50,1630,0.21171,0.27423,2.5625,0.054711,89.874,27.597,233.67,124.67
2020-02-08 13:59:51,1631,0.21138,0.27281,2.6475,0.054711,89.892,27.611,207.65,124.33
2020-02-08 13:59:52,1632,0.2119,0.27437,0.95768,0.71057,89.821,27.6,210.33,123.33
2020-02-08 13:59:53,1633,0.21216,0.27315,2.7864,0.054711,90.04,27.601,206.4,123.67
2020-02-08 13:59:54,1634,0.2117,0.27503,2.5496,-0.27322,90.057,27.593,238.77,124.67
2020-02-08 13:59:55,1635,0.2127,0.27291,2.5838,0.38264,89.994,27.596,225.69,123.67
2020-02-08 13:59:57,1636,0.21078,0.27452,2.5768,-0.27322,90.056,27.607,216.94,123.67
2020-02-08 13:59:58,1637,0.21388,0.27489,2.7744,-0.27322,89.672,27.607,242.37,124
2020-02-08 13:59:59,1638,0.21,0.27365,2.7664,0.054711,89.719,27.615,239.23,123.33
2020-02-08 14:00:00,1639,0.21377,0.27468,2.9021,0.054711,90.255,27.612,245.92,123.67
2020-02-08 14:00:01,1640,0.21128,0.27227,2.0738,0.38264,89.773,27.61,216.32,123.33
2020-02-08 14:00:02,1641,0.21274,0.27236,2.4644,-0.27322,89.75,27.609,238.87,124
2020-02-08 14:00:03,1642,0.21211,0.27492,2.6762,0.054711,90.163,27.608,224.17,124
2020-02-08 14:00:04,1643,0.2131,0.2721,2.5529,0.38264,89.919,27.604,225.42,124
2020-02-08 14:00:05,1644,0.21293,0.27417,2.9877,0.38264,90.173,27.614,250.15,124
2020-02-08 14:00:06,1645,0.2129,0.27353,2.3957,0.38264,90.245,27.614,206.2,124
2020-02-08 14:00:07,1646,0.21247,0.27475,2.4213,0.054711,90.176,27.615,238.87,124
2020-02-08 14:00:08,1647,0.21353,0.27428,1.9738,0.38264,90.32,27.602,233.81,123.33
2020-02-08 14:00:09,1648,0.21105,0.27432,2.2001,0.054711,90.369,27.609,248.47,123.67
2020-02-08 14:00:10,1649,0.21363,0.27449,2.4929,0.38264,90.409,27.609,233.71,123.33
2020-02-08 14:00:11,1650,0.20997,0.27335,1.9463,0.054711,90.417,27.624,232.75,123.67
2020-02-08 14:00:12,1651,0.21306,0.27366,1.8842,-0.27322,90.499,27.618,228.88,123.33
2020-02-08 14:00:14,1652,0.21039,0.27362,1.752,0.38264,90.314,27.612,219.94,123
2020-02-08 14:00:15,1653,0.21209,0.27278,2.4827,0.054711,90.312,27.617,226.13,123
2020-02-08 14:00:16,1654,0.2108,0.27257,2.733,0.054711,90.277,27.617,228.97,123
2020-02-08 14:00:17,1655,0.21094,0.27455,2.6634,0.054711,90.418,27.619,237.14,123.67
2020-02-08 14:00:18,1656,0.20946,0.27226,2.618,0.38264,90.317,27.616,226.13,122.33
2020-02-08 14:00:19,1657,0.2077,0.27227,1.73,0.054711,90.401,27.612,218.65,122.67
2020-02-08 14:00:20,1658,0.20956,0.27001,1.8356,0.38264,90.252,27.616,249.56,123
2020-02-08 14:00:21,1659,0.20796,0.27173,2.713,-0.27322,90.393,27.608,233.37,123.67
2020-02-08 14:00:22,1660,0.20863,0.26937,2.6632,0.054711,90.421,27.618,228.91,123.33
2020-02-08 14:00:23,1661,0.2087,0.27229,1.9534,0.054711,90.382,27.62,230.61,123
2020-02-08 14:00:24,1662,0.20875,0.27108,1.7255,0.38264,90.415,27.622,212.25,123
2020-02-08 14:00:25,1663,0.20883,0.27161,2.556,0.054711,90.44,27.626,229.22,123
2020-02-08 14:00:26,1664,0.20829,0.27244,2.5412,0.054711,90.559,27.626,237.12,123.67
2020-02-08 14:00:27,1665,0.20895,0.27087,3.0122,0.054711,90.572,27.624,250.07,123.33
2020-02-08 14:00:28,1666,0.20905,0.27334,1.3508,0.054711,90.417,27.631,219.73,123
2020-02-08 14:00:29,1667,0.20958,0.27124,2.0822,0.054711,90.351,27.636,231.68,122.33
2020-02-08 14:00:30,1668,0.20958,0.27339,2.1477,0.054711,90.481,27.621,236.53,122.67
2020-02-08 14:00:32,1669,0.20983,0.2723,2.1093,0.054711,90.561,27.618,228.81,123.67
2020-02-08 14:00:33,1670,0.21019,0.27395,2.4024,0.054711,90.625,27.633,221.4,124
2020-02-08 14:00:34,1671,0.21062,0.27149,2.044,0.054711,90.466,27.633,215.78,123.33
2020-02-08 14:00:35,1672,0.21065,0.27445,2.0279,-0.27322,90.202,27.629,223.55,123
2020-02-08 14:00:36,1673,0.21145,0.27162,1.8519,0.054711,90.425,27.627,204.56,123.67
2020-02-08 14:00:37,1674,0.21091,0.27467,2.161,-0.27322,89.881,27.622,244.53,123
2020-02-08 14:00:38,1675,0.21182,0.27359,2.9881,0.054711,89.926,27.637,238.18,123.67
2020-02-08 14:00:39,1676,0.21135,0.27496,2.5829,0.38264,89.98,27.632,239.37,123.33
2020-02-08 14:00:40,1677,0.21227,0.27298,2.6578,0.38264,89.968,27.634,226.11,123.67
2020-02-08 14:00:41,1678,0.21103,0.27494,2.5734,0.054711,90.146,27.63,228.44,123.33
2020-02-08 14:00:42,1679,0.21293,0.27339,2.091,0.054711,89.818,27.634,242.83,123
2020-02-08 14:00:43,1680,0.21052,0.27431,2.6802,-0.27322,89.874,27.629,219.06,123.67
2020-02-08 14:00:44,1681,0.21245,0.27331,1.8492,-0.27322,89.944,27.629,233,123.33
2020-02-08 14:00:45,1682,0.21153,0.27396,2.6745,-0.27322,89.858,27.632,229.51,123.67
2020-02-08 14:00:46,1683,0.21064,0.27282,3.0244,0.054711,90.044,27.643,250.69,123.33
2020-02-08 14:00:47,1684,0.21198,0.27331,2.9864,0.054711,89.85,27.634,244.61,123
2020-02-08 14:00:49,1685,0.21295,0.27414,1.9651,-0.60114,89.878,27.631,230.79,124.33
2020-02-08 14:00:50,1686,0.21258,0.27186,1.674,0.38264,89.91,27.643,222.27,123.33
2020-02-08 14:00:51,1687,0.2138,0.2746,2.0516,0.054711,89.853,27.642,229.63,123.67
2020-02-08 14:00:52,1688,0.21191,0.27435,2.4124,0.054711,89.967,27.647,240.37,123.33
2020-02-08 14:00:53,1689,0.2136,0.27414,2.5441,0.054711,90.058,27.661,227.73,123.67
2020-02-08 14:00:54,1690,0.21191,0.27501,2.3019,0.38264,90.068,27.65,214.04,124
2020-02-08 14:00:55,1691,0.21207,0.27394,1.956,0.38264,89.954,27.651,228.09,124
2020-02-08 14:00:56,1692,0.21208,0.27319,2.1898,0.054711,90.202,27.65,225.29,124
2020-02-08 14:00:57,1693,0.21012,0.27291,2.5422,0.054711,90.025,27.65,230.51,124
2020-02-08 14:00:58,1694,0.21309,0.27382,2.495,0.054711,89.977,27.646,209.42,123.33
2020-02-08 14:01:00,1695,0.21165,0.2725,2.6016,0.054711,89.992,27.651,239.03,123.67
2020-02-08 14:01:01,1696,0.21334,0.27482,2.8603,0.054711,89.963,27.651,240.6,124
2020-02-08 14:01:02,1697,0.21209,0.27183,2.8579,0.38264,89.812,27.656,238.63,124
2020-02-08 14:01:03,1698,0.21336,0.2744,2.8179,-0.27322,89.636,27.65,236.19,124
2020-02-08 14:01:04,1699,0.21203,0.27466,2.5411,0.054711,90.121,27.648,227.69,124
2020-02-08 14:01:05,1700,0.21202,0.27525,1.7718,0.054711,90.143,27.652,220.16,124.34
2020-02-08 14:01:06,1701,0.21106,0.27253,2.8233,0.054711,89.864,27.654,236.57,124.33
2020-02-08 14:01:07,1702,0.21293,0.27456,2.8331,-0.60114,89.743,27.651,225.14,123.33
2020-02-08 14:01:08,1703,0.20945,0.27167,3.014,-0.60114,90.162,27.651,233.87,123.67
2020-02-08 14:01:09,1704,0.2126,0.27445,1.7826,0.38264,89.552,27.648,220.68,124.67
2020-02-08 14:01:10,1705,0.21096,0.27219,2.7485,0.054711,89.951,27.655,225.69,124.33
2020-02-08 14:01:11,1706,0.21232,0.27388,3.0324,0.38264,89.749,27.655,244.87,124
2020-02-08 14:01:12,1707,0.21194,0.27082,3.0577,0.38264,89.875,27.651,249.94,124
2020-02-08 14:01:13,1708,0.21225,0.27367,2.6346,0.38264,89.679,27.656,224.19,124
2020-02-08 14:01:14,1709,0.21132,0.27213,2.5709,-0.27322,90.254,27.657,238.22,124
2020-02-08 14:01:16,1710,0.21169,0.27307,1.865,0.054711,89.727,27.656,217.75,124
2020-02-08 14:01:17,1711,0.21042,0.27268,2.9071,0.054711,90.292,27.657,247.19,123.33
2020-02-08 14:01:18,1712,0.21179,0.27291,2.9363,0.054711,89.981,27.66,247.19,123.67
2020-02-08 14:01:19,1713,0.21218,0.27287,2.4965,0.71057,90.314,27.663,231.13,123.67
2020-02-08 14:01:20,1714,0.2112,0.27433,3.0431,0.054711,90.23,27.658,238.96,123.33
2020-02-08 14:01:21,1715,0.2114,0.27253,2.3018,0.054711,90.391,27.658,229.96,123.67
2020-02-08 14:01:22,1716,0.21211,0.27408,2.423,0.054711,90.075,27.658,240.86,124
2020-02-08 14:01:23,1717,0.20944,0.27199,2.4475,-0.27322,90.216,27.666,205.15,123.33
2020-02-08 14:01:24,1718,0.21241,0.27368,2.3568,0.054711,90.245,27.664,228.87,123.67
2020-02-08 14:01:25,1719,0.2101,0.27183,2.3224,0.054711,90.358,27.669,226.26,124.67
2020-02-08 14:01:26,1720,0.21236,0.27436,2.4289,0.38264,90.297,27.682,206.01,124.33
2020-02-08 14:01:27,1721,0.21151,0.27061,2.6492,0.38264,90.414,27.672,227.99,124
2020-02-08 14:01:28,1722,0.21286,0.27464,0.98638,-0.27322,90.307,27.67,208.62,124
2020-02-08 14:01:30,1723,0.21191,0.27213,2.0136,0.054711,90.291,27.67,217.39,123.33
2020-02-08 14:01:31,1724,0.21312,0.27326,2.4547,0.054711,90.487,27.667,223.5,123.67
2020-02-08 14:01:32,1725,0.21158,0.27418,2.2993,0.054711,90.311,27.667,231.34,123.33
2020-02-08 14:01:33,1726,0.21249,0.27331,0.93509,0.054711,90.541,27.665,211.57,124.34
2020-02-08 14:01:34,1727,0.21137,0.27405,1.1449,0.38264,90.368,27.666,235.32,123.67
2020-02-08 14:01:35,1728,0.21247,0.27368,2.7784,0.054711,90.392,27.672,229.9,124
2020-02-08 14:01:36,1729,0.20957,0.27261,2.6147,-0.27322,90.573,27.672,230.74,124
2020-02-08 14:01:37,1730,0.21287,0.27336,2.7207,0.38264,90.551,27.671,228.59,124
2020-02-08 14:01:38,1731,0.2103,0.2728,2.8709,0.38264,90.423,27.676,241.42,124
2020-02-08 14:01:39,1732,0.21215,0.27468,2.0038,-0.27322,90.544,27.672,233.66,123.33
2020-02-08 14:01:40,1733,0.21056,0.27097,1.2353,0.054711,90.332,27.673,214.17,123.67
2020-02-08 14:01:41,1734,0.21203,0.2757,1.2114,-0.27322,90.564,27.675,205.91,124
2020-02-08 14:01:42,1735,0.2106,0.27073,1.902,-0.27322,90.671,27.675,228.47,123.33
2020-02-08 14:01:43,1736,0.21187,0.27447,2.5199,0.054711,90.354,27.687,222.64,123.67
2020-02-08 14:01:45,1737,0.21069,0.27239,1.7924,0.38264,90.253,27.675,227.09,123.33
2020-02-08 14:01:46,1738,0.21237,0.27382,2.862,-0.27322,90.326,27.681,238.32,123.67
2020-02-08 14:01:47,1739,0.21075,0.27383,2.6662,-0.27322,90.537,27.682,228.25,124
2020-02-08 14:01:48,1740,0.21168,0.27372,1.4695,0.054711,90.492,27.686,211.07,123.33
2020-02-08 14:01:49,1741,0.21113,0.27433,2.7984,0.054711,90.58,27.681,220.52,124
2020-02-08 14:01:50,1742,0.21302,0.27461,1.9859,0.054711,89.935,27.68,233.52,123.33
2020-02-08 14:01:51,1743,0.20933,0.27291,2.6776,0.054711,89.885,27.68,228.18,123.67
2020-02-08 14:01:52,1744,0.21382,0.27416,2.7647,0.38264,89.937,27.691,237.87,124
2020-02-08 14:01:53,1745,0.2094,0.27185,2.3068,0.71057,89.816,27.693,220.8,123.33
2020-02-08 14:01:54,1746,0.21328,0.27616,2.683,-0.27322,90.1,27.687,229.13,123.67
2020-02-08 14:01:55,1747,0.21222,0.27133,2.7314,0.38264,90.16,27.69,222.5,124
2020-02-08 14:01:56,1748,0.21318,0.27542,2.9982,0.054711,90.178,27.691,249.88,123.33
2020-02-08 14:01:57,1749,0.21241,0.27325,2.4635,0.054711,89.862,27.691,235.01,124.34
2020-02-08 14:01:58,1750,0.21302,0.27416,2.1383,0.38264,89.908,27.699,229.17,123.67
2020-02-08 14:02:00,1751,0.21272,0.27545,2.8547,0.38264,89.9,27.699,238.04,123.67
2020-02-08 14:02:01,1752,0.21227,0.27503,2.1472,0.054711,89.76,27.692,221.69,124
2020-02-08 14:02:02,1753,0.21399,0.27483,2.1433,0.054711,89.871,27.692,209.15,124.67
2020-02-08 14:02:03,1754,0.20946,0.27434,2.0722,0.054711,89.811,27.692,230.74,123.67
2020-02-08 14:02:04,1755,0.21411,0.2735,2.7259,0.054711,89.857,27.707,233.12,123.67
2020-02-08 14:02:05,1756,0.21238,0.27481,2.2618,0.38264,90.061,27.716,205.44,123.67
2020-02-08 14:02:06,1757,0.21066,0.27136,1.3865,0.054711,89.913,27.722,217.71,124
2020-02-08 14:02:07,1758,0.21102,0.27531,1.537,0.054711,89.937,27.725,215.39,124
2020-02-08 14:02:08,1759,0.21112,0.2711,2.0628,0.054711,89.904,27.729,204.02,124
2020-02-08 14:02:09,1760,0.21039,0.27469,2.5142,0.054711,89.932,27.729,224.63,123.33
2020-02-08 14:02:10,1761,0.2106,0.27112,1.9089,0.38264,89.912,27.75,224.29,123.67
2020-02-08 14:02:11,1762,0.21073,0.27483,1.9066,0.054711,90.044,27.753,222.21,124
2020-02-08 14:02:12,1763,0.21179,0.27137,2.2521,0.054711,89.967,27.743,228.37,124
2020-02-08 14:02:13,1764,0.21102,0.27461,2.0501,-0.27322,89.946,27.748,240.13,123.33
2020-02-08 14:02:14,1765,0.21185,0.27247,2.843,-0.27322,89.868,27.751,231.7,123.67
2020-02-08 14:02:15,1766,0.21212,0.27456,1.2916,0.38264,89.81,27.735,209.88,123.33
2020-02-08 14:02:17,1767,0.21219,0.27408,1.9626,0.38264,89.859,27.745,224.38,123.67
2020-02-08 14:02:18,1768,0.21179,0.2745,1.4049,0.38264,89.964,27.745,220.34,124
2020-02-08 14:02:19,1769,0.2128,0.27422,2.7143,0.38264,89.917,27.751,224.15,124
2020-02-08 14:02:20,1770,0.2113,0.27465,2.0493,0.054711,89.717,27.736,250.58,124
2020-02-08 14:02:21,1771,0.21352,0.27412,2.5561,0.054711,89.796,27.737,234.45,124
2020-02-08 14:02:22,1772,0.21241,0.27336,2.673,0.054711,89.921,27.737,226.64,123.33
2020-02-08 14:02:23,1773,0.21136,0.27237,2.881,-0.60114,89.901,27.723,230.79,123.67
2020-02-08 14:02:24,1774,0.21123,0.2738,1.7899,0.054711,89.961,27.724,231.22,124
2020-02-08 14:02:25,1775,0.21195,0.27097,1.8603,0.054711,90.002,27.724,217,124
2020-02-08 14:02:26,1776,0.21223,0.27466,2.602,0.054711,89.908,27.723,226.15,124
2020-02-08 14:02:27,1777,0.21255,0.2727,2.9967,0.38264,89.719,27.713,250.83,122.67
2020-02-08 14:02:28,1778,0.21259,0.27392,1.6067,0.054711,89.778,27.722,221.58,124.01
2020-02-08 14:02:29,1779,0.21236,0.27403,0.9822,0.38264,89.713,27.714,215.22,124.33
2020-02-08 14:02:30,1780,0.21225,0.27413,2.3706,0.054711,89.794,27.714,251.07,124
2020-02-08 14:02:31,1781,0.21204,0.27284,2.2341,0.054711,89.839,27.703,225.15,124.67
2020-02-08 14:02:32,1782,0.21195,0.27485,2.5139,-0.60114,89.844,27.711,236.6,123.67
2020-02-08 14:02:33,1783,0.21216,0.27233,2.5867,0.38264,89.806,27.708,233.19,123.67
2020-02-08 14:02:34,1784,0.21025,0.27489,2.4597,0.38264,89.9,27.708,223.66,124
2020-02-08 14:02:35,1785,0.21214,0.2725,2.3573,0.054711,90.18,27.709,219.56,123.33
2020-02-08 14:02:36,1786,0.2101,0.27399,2.7013,-0.27322,89.809,27.712,228.85,123.67
2020-02-08 14:02:37,1787,0.21155,0.27312,2.2987,0.054711,89.986,27.705,227.24,124
2020-02-08 14:02:39,1788,0.21086,0.27244,2.3079,0.054711,90.174,27.71,231.94,123.33
2020-02-08 14:02:40,1789,0.21101,0.27352,2.5127,0.054711,89.751,27.703,204.55,123.67
2020-02-08 14:02:41,1790,0.21127,0.27255,2.3176,0.38264,89.924,27.702,221.04,124
2020-02-08 14:02:42,1791,0.21141,0.27306,1.6895,0.38264,90.081,27.702,207.52,124
2020-02-08 14:02:43,1792,0.21243,0.27196,2.7868,0.054711,89.92,27.707,240.52,124
2020-02-08 14:02:44,1793,0.21124,0.27379,2.9728,0.054711,89.725,27.713,236.4,124
2020-02-08 14:02:45,1794,0.21162,0.27284,2.6462,0.054711,89.766,27.706,214.87,124
2020-02-08 14:02:46,1795,0.21089,0.27242,2.7299,0.054711,90.043,27.708,232.02,123.33
2020-02-08 14:02:47,1796,0.21064,0.27315,1.8909,0.38264,90.339,27.714,233.13,123
2020-02-08 14:02:48,1797,0.21091,0.27214,1.9189,0.054711,90.243,27.709,236.74,123
2020-02-08 14:02:49,1798,0.21042,0.27346,2.1395,0.38264,90.197,27.7,218.07,124.34
2020-02-08 14:02:50,1799,0.21187,0.27193,2.7261,0.054711,90.403,27.706,236.4,123.67
2020-02-08 14:02:51,1800,0.21023,0.27369,2.1219,0.054711,90.35,27.704,248.59,123.67
2020-02-08 14:02:52,1801,0.21299,0.27313,3.1077,0.054711,90.283,27.702,252.31,123.33
2020-02-08 14:02:54,1802,0.21019,0.27254,2.4574,0.054711,90.243,27.702,219.86,123
2020-02-08 14:02:55,1803,0.21237,0.27354,2.2075,0.38264,90.238,27.695,223.63,124.34
2020-02-08 14:02:56,1804,0.21147,0.27308,2.2193,0.054711,90.296,27.707,243.27,123.67
2020-02-08 14:02:57,1805,0.2107,0.27241,2.9084,-0.60114,90.233,27.705,224.23,124
2020-02-08 14:02:58,1806,0.21089,0.27168,2.6072,0.38264,90.4,27.697,232.65,124
2020-02-08 14:02:59,1807,0.21259,0.27398,3.0617,0.054711,90.377,27.708,235.78,124
2020-02-08 14:03:00,1808,0.21181,0.27154,2.1517,-0.27322,90.349,27.706,228.87,123.33
2020-02-08 14:03:01,1809,0.21297,0.27441,2.7065,-0.27322,90.31,27.696,241.1,123.67
2020-02-08 14:03:02,1810,0.21154,0.2721,2.6974,0.054711,90.513,27.693,226.34,123.33
2020-02-08 14:03:03,1811,0.21289,0.2732,0.9337,0.054711,90.37,27.703,205.94,123
2020-02-08 14:03:04,1812,0.21124,0.27364,3.0337,0.054711,90.239,27.703,234.85,123
2020-02-08 14:03:05,1813,0.21277,0.27263,0.93283,0.054711,90.188,27.698,204.83,123.67
2020-02-08 14:03:06,1814,0.21098,0.27363,2.5105,0.054711,90.118,27.698,229.65,124
2020-02-08 14:03:07,1815,0.21232,0.273,2.8705,0.38264,90.342,27.698,229,123.33
2020-02-08 14:03:09,1816,0.21138,0.27403,2.716,0.054711,90.441,27.694,237.44,123.67
2020-02-08 14:03:10,1817,0.21144,0.2724,2.5301,-0.27322,90.585,27.7,223.86,123.33
2020-02-08 14:03:11,1818,0.21221,0.27323,3.078,-0.27322,90.503,27.692,234.46,123.67
2020-02-08 14:03:12,1819,0.20995,0.27168,2.6305,0.38264,90.276,27.695,235.7,124
2020-02-08 14:03:13,1820,0.21044,0.27158,2.5069,0.054711,90.524,27.699,226.44,123.67
2020-02-08 14:03:14,1821,0.21322,0.27341,2.6681,0.054711,90.407,27.7,222.63,123.33
2020-02-08 14:03:15,1822,0.21215,0.27088,2.5616,0.054711,90.591,27.702,236.17,123.67
2020-02-08 14:03:16,1823,0.21345,0.27306,1.634,0.38264,90.5,27.702,234,123.33
2020-02-08 14:03:17,1824,0.21236,0.27305,2.8453,0.054711,89.907,27.711,205.28,123.67
2020-02-08 14:03:18,1825,0.21327,0.273,1.1077,0.054711,90.525,27.703,206.17,124.67
2020-02-08 14:03:19,1826,0.21199,0.27455,2.6864,0.054711,90.205,27.7,229.29,123.67
2020-02-08 14:03:20,1827,0.21232,0.27339,2.1481,0.38264,90.19,27.714,224.79,123.67
2020-02-08 14:03:21,1828,0.21272,0.27446,1.0293,0.054711,90.086,27.699,207.9,123.33
2020-02-08 14:03:22,1829,0.21035,0.27236,1.0034,0.054711,90.384,27.7,209.75,123.67
2020-02-08 14:03:24,1830,0.21334,0.27368,2.9268,0.054711,90.409,27.705,235.88,123.33
2020-02-08 14:03:25,1831,0.21054,0.27182,2.711,0.054711,90.469,27.705,228.22,123
2020-02-08 14:03:26,1832,0.21295,0.27476,0.98072,0.054711,89.989,27.708,218.54,123.67
2020-02-08 14:03:27,1833,0.2139,0.2736,2.7087,-0.27322,89.957,27.7,232,123.33
2020-02-08 14:03:28,1834,0.21246,0.274,2.3318,0.054711,89.917,27.709,226.9,123.67
2020-02-08 14:03:29,1835,0.21263,0.27242,2.6338,0.054711,89.796,27.711,233.86,124
2020-02-08 14:03:30,1836,0.21206,0.27491,2.66,-0.60114,89.907,27.705,230.66,124
2020-02-08 14:03:31,1837,0.21172,0.27287,2.7424,0.054711,89.882,27.706,246.33,124
2020-02-08 14:03:32,1838,0.21246,0.27395,2.4137,0.38264,89.877,27.703,234.64,124
2020-02-08 14:03:33,1839,0.20978,0.27188,1.0612,0.71057,89.813,27.712,219.68,124
2020-02-08 14:03:34,1840,0.21244,0.27281,2.442,0.054711,89.929,27.713,221.73,123.33
2020-02-08 14:03:35,1841,0.20883,0.27079,2.8979,-0.27322,89.924,27.712,248.64,123.67
2020-02-08 14:03:36,1842,0.21247,0.27335,2.471,-0.27322,89.818,27.712,229.3,124
2020-02-08 14:03:37,1843,0.21038,0.2703,0.91609,0.054711,89.787,27.716,208.59,124
2020-02-08 14:03:39,1844,0.21202,0.27447,2.355,0.054711,89.881,27.717,229.03,124
2020-02-08 14:03:40,1845,0.21167,0.27057,2.611,0.38264,89.763,27.725,229.06,124
2020-02-08 14:03:41,1846,0.21299,0.27351,2.7132,0.054711,89.792,27.722,232.63,124
2020-02-08 14:03:42,1847,0.212,0.2714,2.8106,0.054711,89.758,27.73,205.96,124
2020-02-08 14:03:43,1848,0.21355,0.27296,2.8995,0.054711,89.74,27.726,212.85,124
2020-02-08 14:03:44,1849,0.21314,0.27355,2.6683,0.71057,89.655,27.736,216.55,124
2020-02-08 14:03:45,1850,0.21246,0.27411,1.9341,0.71057,89.61,27.736,222.97,124
2020-02-08 14:03:46,1851,0.21098,0.2734,3.1036,0.38264,89.605,27.73,240.83,124
2020-02-08 14:03:47,1852,0.21397,0.27289,2.7436,0.054711,89.757,27.734,209.84,123.33
2020-02-08 14:03:48,1853,0.21026,0.27165,1.7952,0.054711,89.681,27.746,229.09,123.67
2020-02-08 14:03:49,1854,0.2133,0.27415,1.906,0.054711,89.526,27.743,234.42,124
2020-02-08 14:03:50,1855,0.2118,0.27033,1.8571,0.054711,89.877,27.756,226.64,123.33
2020-02-08 14:03:51,1856,0.21283,0.27334,3.031,0.38264,89.707,27.749,246.11,123.67
2020-02-08 14:03:52,1857,0.21195,0.27309,2.1179,0.054711,89.794,27.758,234.56,124
2020-02-08 14:03:53,1858,0.21238,0.27241,2.4607,0.054711,90.199,27.758,233.91,123.33
2020-02-08 14:03:54,1859,0.21171,0.27414,2.3668,0.054711,89.646,27.751,224.18,123.67
2020-02-08 14:03:55,1860,0.21113,0.27205,2.6316,-0.27322,89.597,27.77,228.19,123.33
2020-02-08 14:03:57,1861,0.21081,0.27363,2.8001,0.054711,89.64,27.756,210.89,123
2020-02-08 14:03:58,1862,0.21132,0.27232,2.5558,0.38264,89.868,27.76,223.96,123.67
2020-02-08 14:03:59,1863,0.21112,0.27181,2.9242,0.054711,89.749,27.76,238.83,123.33
2020-02-08 14:04:00,1864,0.21115,0.27363,2.8197,0.054711,89.618,27.759,230.33,123
2020-02-08 14:04:01,1865,0.20964,0.27248,2.9183,0.054711,90.114,27.758,226.2,123.33
2020-02-08 14:04:02,1866,0.21355,0.2725,2.6328,-0.60114,89.584,27.772,232.45,123
2020-02-08 14:04:03,1867,0.20915,0.27201,2.3793,0.054711,90.348,27.766,227.75,123.67
2020-02-08 14:04:04,1868,0.2133,0.27471,2.4032,0.38264,90.256,27.768,220.68,124
2020-02-08 14:04:05,1869,0.21152,0.27054,2.4344,0.38264,90.198,27.768,227.29,123.33
2020-02-08 14:04:06,1870,0.21272,0.27449,2.7609,0.054711,90.161,27.765,236.44,123
2020-02-08 14:04:07,1871,0.21243,0.27115,2.6161,0.054711,90.286,27.772,213.01,123.67
2020-02-08 14:04:08,1872,0.21292,0.27337,2.0758,0.054711,90.241,27.78,223.85,124
2020-02-08 14:04:09,1873,0.21246,0.27386,2.538,0.71057,90.19,27.771,232.13,124
2020-02-08 14:04:10,1874,0.21277,0.27428,2.5045,0.38264,90.209,27.775,233.76,123.33
2020-02-08 14:04:12,1875,0.2137,0.27337,2.5296,0.054711,90.342,27.774,232.32,123
2020-02-08 14:04:13,1876,0.21027,0.27341,1.5756,-0.27322,90.276,27.778,215.25,123.67
2020-02-08 14:04:14,1877,0.21408,0.27265,2.6832,-0.27322,90.307,27.778,228.89,123.33
2020-02-08 14:04:15,1878,0.20985,0.27149,3.0374,0.054711,90.311,27.791,251.78,123.67
2020-02-08 14:04:16,1879,0.21192,0.27024,2.2527,0.38264,90.056,27.788,229.56,123.67
2020-02-08 14:04:17,1880,0.2116,0.27444,2.7281,-0.27322,90.244,27.785,228.74,124
2020-02-08 14:04:18,1881,0.21243,0.2696,1.9838,-0.27322,90.307,27.773,224.95,123.33
2020-02-08 14:04:19,1882,0.21253,0.27309,1.9992,0.054711,90.276,27.776,227.91,123.67
2020-02-08 14:04:20,1883,0.21213,0.27242,2.3197,0.054711,90.297,27.778,246.64,123.33
2020-02-08 14:04:21,1884,0.21341,0.27426,2.701,0.054711,90.27,27.776,228.95,124.34
2020-02-08 14:04:22,1885,0.21262,0.27311,2.1989,0.054711,90.172,27.776,227.33,123.67
2020-02-08 14:04:23,1886,0.21186,0.27495,2.6591,0.38264,90.39,27.782,230.86,123
2020-02-08 14:04:24,1887,0.21382,0.27256,2.3731,0.38264,90.427,27.782,233.85,123
2020-02-08 14:04:25,1888,0.21014,0.27401,2.266,0.054711,90.342,27.776,222.01,123
2020-02-08 14:04:26,1889,0.21319,0.27286,2.4981,0.054711,90.425,27.768,235.9,123.67
2020-02-08 14:04:28,1890,0.21112,0.27206,2.484,0.38264,90.594,27.774,230.21,123.33
2020-02-08 14:04:29,1891,0.2119,0.2737,2.5986,0.054711,90.234,27.775,243.69,123.67
2020-02-08 14:04:30,1892,0.21223,0.26995,2.1288,0.38264,90.336,27.765,222.39,123.33
2020-02-08 14:04:31,1893,0.21252,0.27367,1.2127,0.054711,90.122,27.768,204.37,123.67
2020-02-08 14:04:32,1894,0.21243,0.27226,3.0111,0.054711,90.178,27.768,235.83,124
2020-02-08 14:04:33,1895,0.21208,0.27245,2.763,0.054711,90.224,27.771,236.5,123.33
2020-02-08 14:04:34,1896,0.20811,0.2705,2.6925,0.38264,90.328,27.768,224.82,123
2020-02-08 14:04:35,1897,0.20904,0.27076,2.8944,0.054711,90.566,27.774,239.93,123
2020-02-08 14:04:36,1898,0.20885,0.27201,2.663,0.054711,90.272,27.762,228.68,123
2020-02-08 14:04:37,1899,0.20875,0.26967,2.7777,0.054711,90.282,27.771,230.45,123
2020-02-08 14:04:38,1900,0.20869,0.27278,2.8258,0.054711,90.303,27.771,238.73,123
2020-02-08 14:04:39,1901,0.2101,0.26985,2.6479,0.054711,90.278,27.776,222.55,123
2020-02-08 14:04:40,1902,0.20956,0.27333,1.8907,0.054711,90.232,27.768,229.93,123
2020-02-08 14:04:41,1903,0.21093,0.27071,2.7686,0.054711,90.511,27.768,231.12,123.67
2020-02-08 14:04:42,1904,0.21024,0.27361,2.9073,0.38264,89.863,27.765,248.05,123.33
2020-02-08 14:04:43,1905,0.21122,0.27097,2.5818,0.38264,90.37,27.769,225.87,122.33
2020-02-08 14:04:44,1906,0.21036,0.27246,2.7012,0.054711,90.508,27.772,229.67,123.34
2020-02-08 14:04:45,1907,0.2117,0.27295,2.6575,0.054711,90.309,27.764,204.63,124
2020-02-08 14:04:47,1908,0.21191,0.27153,2.5485,0.054711,90.181,27.75,219.06,123.33
2020-02-08 14:04:48,1909,0.21244,0.27304,1.6207,0.054711,89.99,27.758,211.55,123.67
2020-02-08 14:04:49,1910,0.21273,0.27343,2.6119,0.054711,90.425,27.752,236.39,124
2020-02-08 14:04:50,1911,0.21287,0.2729,2.6341,0.054711,89.847,27.765,251.81,123.33
2020-02-08 14:04:51,1912,0.21296,0.27277,1.9336,0.054711,89.877,27.765,205.22,124
2020-02-08 14:04:52,1913,0.21156,0.27329,3.0317,0.38264,89.826,27.756,227.15,124.67
2020-02-08 14:04:53,1914,0.21182,0.27254,2.5276,0.054711,90.406,27.741,240.1,125
2020-02-08 14:04:54,1915,0.21289,0.27306,2.5962,0.054711,89.635,27.753,228.63,124.33
2020-02-08 14:04:55,1916,0.21282,0.27135,2.2222,0.38264,90.34,27.757,246.25,124
2020-02-08 14:04:56,1917,0.21381,0.27359,2.0616,0.71057,90.005,27.755,228.42,124
2020-02-08 14:04:57,1918,0.21446,0.27451,2.2613,-0.27322,89.927,27.753,222.04,123.33
2020-02-08 14:04:58,1919,0.21407,0.27383,2.7548,0.054711,90.125,27.756,225.24,123.67
2020-02-08 14:04:59,1920,0.21063,0.27419,2.7962,0.054711,90.177,27.759,239.54,124
2020-02-08 14:05:00,1921,0.21187,0.27099,2.7306,0.38264,89.936,27.749,229.08,124.67
2020-02-08 14:05:01,1922,0.21077,0.27293,2.0999,0.054711,89.87,27.752,241.84,123.67
2020-02-08 14:05:03,1923,0.21181,0.27276,2.6566,0.054711,89.779,27.767,233.39,123
2020-02-08 14:05:04,1924,0.21209,0.27227,1.3587,0.054711,89.72,27.767,204.53,123
2020-02-08 14:05:05,1925,0.21141,0.27233,1.8709,0.054711,89.906,27.76,233.77,123.67
2020-02-08 14:05:06,1926,0.21313,0.2729,2.6461,0.054711,89.807,27.763,228.8,124
2020-02-08 14:05:07,1927,0.21429,0.27205,1.8553,0.054711,89.734,27.772,229.4,124
2020-02-08 14:05:08,1928,0.21298,0.27417,2.554,0.054711,89.878,27.76,220.6,123.67
2020-02-08 14:05:09,1929,0.21424,0.27469,2.5987,0.38264,89.858,27.779,212.44,124
2020-02-08 14:05:10,1930,0.21239,0.2738,1.9655,0.054711,89.945,27.776,227.8,124
2020-02-08 14:05:11,1931,0.21104,0.27237,2.5705,0.054711,89.96,27.776,224.24,124
2020-02-08 14:05:12,1932,0.21236,0.2721,2.0577,0.054711,89.681,27.777,226.58,123.33
2020-02-08 14:05:13,1933,0.21032,0.27135,2.2368,0.38264,89.693,27.776,224.94,123.67
2020-02-08 14:05:14,1934,0.21156,0.2726,2.5682,0.054711,89.804,27.778,237.37,122.67
2020-02-08 14:05:15,1935,0.20953,0.27134,2.964,0.054711,89.87,27.783,242.61,123.34
2020-02-08 14:05:16,1936,0.21111,0.27255,2.7816,0.38264,89.747,27.773,225.59,123.33
2020-02-08 14:05:17,1937,0.20923,0.27097,2.5846,-0.27322,89.648,27.777,205.53,123
2020-02-08 14:05:18,1938,0.21145,0.27258,2.4463,-0.27322,89.802,27.777,230.24,123
2020-02-08 14:05:19,1939,0.20988,0.27096,2.6639,0.054711,89.747,27.785,225.73,123
2020-02-08 14:05:21,1940,0.212,0.27314,2.8366,0.054711,89.862,27.78,243.96,123
2020-02-08 14:05:22,1941,0.21053,0.27023,0.92972,0.054711,89.82,27.772,204.45,123
2020-02-08 14:05:23,1942,0.21264,0.27416,2.6196,0.38264,89.808,27.778,226.09,123.67
2020-02-08 14:05:24,1943,0.21151,0.27047,2.7877,0.054711,89.721,27.791,241.28,123.33
2020-02-08 14:05:25,1944,0.21279,0.27297,2.7014,0.054711,89.797,27.775,228.57,122.33
2020-02-08 14:05:26,1945,0.21311,0.27295,0.93306,0.054711,89.879,27.783,207.82,123.33
2020-02-08 14:05:27,1946,0.21155,0.27352,2.6702,0.38264,89.796,27.78,229.69,123.67
2020-02-08 14:05:28,1947,0.21265,0.27237,2.8175,-0.27322,89.848,27.779,208.46,123.33
2020-02-08 14:05:29,1948,0.21217,0.27411,2.6073,-0.27322,89.991,27.779,230.42,123.67
2020-02-08 14:05:30,1949,0.21121,0.2721,2.3276,0.38264,89.883,27.784,235.14,124
2020-02-08 14:05:31,1950,0.21336,0.27346,2.5016,0.054711,89.923,27.785,238.06,123.33
2020-02-08 14:05:32,1951,0.20948,0.27079,2.2702,0.054711,89.587,27.769,228.52,123.67
2020-02-08 14:05:33,1952,0.21346,0.27353,3.0865,0.054711,89.852,27.779,233.84,123.33
2020-02-08 14:05:34,1953,0.21039,0.2707,2.1026,0.38264,89.859,27.775,223.34,123.67
2020-02-08 14:05:35,1954,0.21284,0.27382,2.3972,0.054711,89.608,27.769,234.37,124
2020-02-08 14:05:37,1955,0.21184,0.27075,2.0206,0.054711,89.807,27.771,222.54,123.33
2020-02-08 14:05:38,1956,0.21243,0.27323,2.6993,0.38264,89.894,27.771,217.53,123.67
2020-02-08 14:05:39,1957,0.21181,0.27152,2.6067,0.38264,89.754,27.771,231.23,124
2020-02-08 14:05:40,1958,0.21294,0.27262,1.9953,-0.27322,89.756,27.767,232.43,124
2020-02-08 14:05:41,1959,0.2117,0.27209,1.896,0.054711,89.71,27.77,228.47,124
2020-02-08 14:05:42,1960,0.21159,0.27293,1.3422,0.054711,89.836,27.771,216.2,123.33
2020-02-08 14:05:43,1961,0.21232,0.27223,1.6865,0.054711,89.811,27.761,220.8,123.67
2020-02-08 14:05:44,1962,0.21224,0.27363,2.8159,0.38264,89.969,27.761,225.61,124
2020-02-08 14:05:45,1963,0.2118,0.27245,2.5551,0.054711,89.819,27.759,228.06,123.33
2020-02-08 14:05:46,1964,0.21277,0.27378,2.5337,0.38264,89.753,27.754,227.57,123.67
2020-02-08 14:05:47,1965,0.21026,0.27141,1.5429,0.054711,90.167,27.763,210.35,123.33
2020-02-08 14:05:48,1966,0.21313,0.27299,1.5828,0.054711,90.124,27.766,216.48,123.67
2020-02-08 14:05:49,1967,0.21086,0.27063,2.596,0.054711,90.001,27.766,232.71,122.67
2020-02-08 14:05:50,1968,0.21289,0.2739,2.5517,0.054711,90.202,27.746,228.81,123.34
2020-02-08 14:05:51,1969,0.2119,0.27052,2.2867,0.054711,89.662,27.757,204.79,124
2020-02-08 14:05:53,1970,0.21326,0.27338,2.0832,0.054711,89.678,27.752,228.15,123.33
2020-02-08 14:05:54,1971,0.21169,0.27152,2.0439,0.38264,89.746,27.767,229.08,124.34
2020-02-08 14:05:55,1972,0.21347,0.27339,2.1598,0.054711,89.834,27.749,207.61,124.33
2020-02-08 14:05:56,1973,0.21242,0.2733,1.9622,0.38264,90.225,27.752,225.48,123
2020-02-08 14:05:57,1974,0.2105,0.27244,1.9628,-0.60114,90.047,27.748,231.06,123
2020-02-08 14:05:58,1975,0.2119,0.27295,1.9459,0.054711,89.888,27.75,226.46,123
2020-02-08 14:05:59,1976,0.21168,0.27306,1.6589,0.054711,90.198,27.756,205.29,123
2020-02-08 14:06:00,1977,0.21158,0.27329,2.3878,0.054711,90.1,27.756,219.08,123.67
2020-02-08 14:06:01,1978,0.21251,0.27343,2.5819,0.38264,90.073,27.757,226.25,123.33
2020-02-08 14:06:02,1979,0.20993,0.2722,1.9764,0.054711,90.029,27.756,231.44,123.67
2020-02-08 14:06:03,1980,0.21379,0.27251,2.5821,0.054711,90.049,27.756,228.75,123.33
2020-02-08 14:06:04,1981,0.20893,0.27144,1.9527,0.38264,90.16,27.75,233.07,123
2020-02-08 14:06:05,1982,0.2137,0.27367,1.2139,0.054711,90.316,27.761,205.66,122.33
2020-02-08 14:06:06,1983,0.21005,0.27063,1.9963,0.054711,90.014,27.754,219.22,122
2020-02-08 14:06:08,1984,0.21282,0.27413,2.7887,0.054711,90.095,27.751,236.89,121.33
2020-02-08 14:06:09,1985,0.21163,0.26961,1.1945,0.38264,90.291,27.751,214.14,121.67
2020-02-08 14:06:10,1986,0.21251,0.27386,2.0409,-0.27322,90.188,27.751,225.62,121.33
2020-02-08 14:06:11,1987,0.21251,0.2724,1.8825,-0.27322,90.25,27.751,224.88,120.33
2020-02-08 14:06:12,1988,0.21185,0.27398,2.3035,-0.60114,90.154,27.761,212.9,119.33
2020-02-08 14:06:13,1989,0.21231,0.27267,2.4724,0.054711,90.208,27.746,227.29,119.67
2020-02-08 14:06:14,1990,0.21241,0.27351,2.3998,0.054711,90.355,27.758,229.83,120
2020-02-08 14:06:15,1991,0.2117,0.27345,2.3943,0.71057,90.462,27.756,218.67,120
2020-02-08 14:06:16,1992,0.21334,0.27291,2.4598,0.054711,90.437,27.745,227.79,120
2020-02-08 14:06:17,1993,0.20977,0.27268,2.7351,0.054711,90.183,27.747,231.59,119.33
2020-02-08 14:06:18,1994,0.21344,0.27226,2.5598,0.38264,90.496,27.75,228.89,119
2020-02-08 14:06:19,1995,0.21018,0.27137,2.6479,0.054711,90.177,27.753,233.25,119
2020-02-08 14:06:20,1996,0.2121,0.27396,2.6945,-0.27322,90.438,27.75,230.65,119
2020-02-08 14:06:21,1997,0.21154,0.27064,2.7361,-0.27322,90.351,27.75,224.44,118.33
2020-02-08 14:06:23,1998,0.21136,0.27394,2.7222,0.38264,90.343,27.759,230.55,118.67
2020-02-08 14:06:24,1999,0.2122,0.26991,2.0002,0.38264,89.859,27.757,230.32,118.33
2020-02-08 14:06:25,2000,0.21026,0.27354,2.0001,0.054711,89.878,27.766,236.66,118
2020-02-08 14:06:26,2001,0.20738,0.26936,3.1269,0.054711,90.302,27.763,228.96,118
2020-02-08 14:06:27,2002,0.20901,0.27291,2.7187,0.054711,90.28,27.77,225.41,118
2020-02-08 14:06:28,2003,0.20879,0.27291,1.6411,0.054711,90.303,27.763,214.06,119
2020-02-08 14:06:29,2004,0.20928,0.26872,2.8387,-0.27322,90.376,27.765,242.52,118.33
2020-02-08 14:06:30,2005,0.21122,0.27384,2.4706,-0.27322,89.816,27.765,224.46,118.67
2020-02-08 14:06:31,2006,0.21183,0.27013,2.2788,0.054711,89.803,27.768,240.2,119
2020-02-08 14:06:32,2007,0.21183,0.27395,2.2239,-0.27322,89.982,27.768,222.11,119.67
2020-02-08 14:06:33,2008,0.21327,0.27095,2.8457,0.38264,89.731,27.772,234.65,119.33
2020-02-08 14:06:34,2009,0.21406,0.27416,2.6565,0.054711,89.635,27.788,241.6,119.67
2020-02-08 14:06:35,2010,0.21427,0.27393,2.6074,0.054711,89.638,27.786,246.38,120
2020-02-08 14:06:36,2011,0.21312,0.27526,2.618,0.054711,89.801,27.788,227.68,120
2020-02-08 14:06:37,2012,0.21455,0.27333,1.1999,0.054711,89.662,27.788,221.49,120.67
2020-02-08 14:06:38,2013,0.21199,0.27289,2.6912,0.054711,89.65,27.79,222.96,120.33
2020-02-08 14:06:39,2014,0.21253,0.27381,2.7737,-0.27322,89.766,27.795,213.74,120.67
2020-02-08 14:06:40,2015,0.21315,0.27072,2.7003,0.38264,89.686,27.803,226.36,120.33
2020-02-08 14:06:41,2016,0.21461,0.27486,2.7434,-0.27322,89.713,27.796,224.19,120
2020-02-08 14:06:43,2017,0.21404,0.27348,0.95376,0.38264,89.587,27.797,209.9,120
2020-02-08 14:06:44,2018,0.21333,0.27519,2.6835,0.054711,89.826,27.805,231.09,120.67
2020-02-08 14:06:45,2019,0.21505,0.27381,2.5645,0.054711,89.716,27.805,225.65,121
2020-02-08 14:06:46,2020,0.21125,0.27261,3.0158,0.054711,89.703,27.808,252.13,120.33
2020-02-08 14:06:47,2021,0.21242,0.27049,2.7893,0.38264,89.787,27.808,229.88,120.34
2020-02-08 14:06:48,2022,0.21314,0.27339,2.1421,0.38264,89.688,27.806,226,121
2020-02-08 14:06:49,2023,0.21271,0.27359,2.4083,0.054711,89.65,27.803,228.54,120.33
2020-02-08 14:06:50,2024,0.21191,0.27175,2.9878,0.38264,89.749,27.799,242.81,120.67
2020-02-08 14:06:51,2025,0.21289,0.27426,1.9419,0.38264,89.624,27.801,236.86,119.67
2020-02-08 14:06:52,2026,0.21258,0.27388,1.8166,0.054711,89.695,27.803,232.57,119.67
2020-02-08 14:06:53,2027,0.21363,0.274,2.6854,0.054711,89.768,27.803,228.93,120
2020-02-08 14:06:54,2028,0.21128,0.27385,2.5816,0.054711,89.525,27.806,232.27,120.67
2020-02-08 14:06:55,2029,0.21228,0.27326,1.739,-0.27322,89.749,27.809,227.78,120.33
2020-02-08 14:06:56,2030,0.21255,0.27177,2.812,0.054711,89.862,27.811,235.39,120.67
2020-02-08 14:06:57,2031,0.21241,0.27262,1.8038,0.054711,89.577,27.803,228.52,120.33
2020-02-08 14:06:58,2032,0.21403,0.27322,2.1042,0.054711,89.844,27.815,248.15,120.67
2020-02-08 14:06:59,2033,0.214,0.27278,2.0054,0.054711,89.755,27.815,231.74,121
2020-02-08 14:07:01,2034,0.2141,0.27342,1.9044,0.054711,89.705,27.814,226.43,120.33
2020-02-08 14:07:02,2035,0.21227,0.27507,2.6407,0.054711,89.549,27.814,228.98,120.67
2020-02-08 14:07:03,2036,0.21285,0.27263,2.006,0.38264,89.583,27.818,211.3,120.33
2020-02-08 14:07:04,2037,0.21086,0.27237,1.93,-0.27322,89.878,27.825,220.11,120.67
2020-02-08 14:07:05,2038,0.21119,0.2723,2.2524,-0.27322,89.67,27.825,244.57,120.33
2020-02-08 14:07:06,2039,0.2101,0.27174,2.0971,0.71057,89.647,27.825,226.28,119.67
2020-02-08 14:07:07,2040,0.21112,0.27282,2.0962,0.38264,89.774,27.825,224.13,120.34
2020-02-08 14:07:08,2041,0.20937,0.27064,2.7818,0.38264,89.686,27.83,239.54,120.33
2020-02-08 14:07:09,2042,0.21117,0.27303,1.6687,-0.27322,89.782,27.831,205.15,120
2020-02-08 14:07:10,2043,0.20999,0.27039,2.3627,0.054711,90.039,27.834,215,120
2020-02-08 14:07:11,2044,0.21085,0.2719,2.6654,0.71057,89.96,27.831,231.96,120
2020-02-08 14:07:12,2045,0.21006,0.27038,2.338,0.054711,89.608,27.829,222.1,120.67
2020-02-08 14:07:13,2046,0.21034,0.2714,2.1733,0.054711,90.107,27.819,226.6,120.33
2020-02-08 14:07:14,2047,0.21022,0.27155,2.2934,0.054711,90.148,27.819,227.84,120
2020-02-08 14:07:15,2048,0.21058,0.2716,3.1414,-0.60114,90.032,27.822,215.57,120.67
2020-02-08 14:07:16,2049,0.21054,0.27134,1.1567,-0.27322,89.763,27.83,208.6,120.33
2020-02-08 14:07:17,2050,0.21117,0.27154,2.6269,0.38264,89.928,27.817,221.93,120.67
2020-02-08 14:07:19,2051,0.21026,0.27094,2.5344,0.38264,90.074,27.81,227.78,120.33
2020-02-08 14:07:20,2052,0.21122,0.27258,1.7001,0.054711,90.189,27.822,219.45,120
2020-02-08 14:07:21,2053,0.21096,0.27081,3.1309,0.054711,89.891,27.824,251.75,120
2020-02-08 14:07:22,2054,0.21207,0.273,2.6634,0.38264,89.932,27.819,225.98,120.67
2020-02-08 14:07:23,2055,0.21279,0.27283,2.6453,0.38264,89.653,27.819,229.91,121
2020-02-08 14:07:24,2056,0.21107,0.27212,2.6266,0.054711,90.09,27.815,230.08,121
2020-02-08 14:07:25,2057,0.21259,0.27253,1.7662,0.38264,90.087,27.823,202.88,121.67
2020-02-08 14:07:26,2058,0.21088,0.27289,0.90055,0.054711,90.161,27.832,212.73,120.67
2020-02-08 14:07:27,2059,0.21222,0.27269,2.6282,0.054711,90.028,27.825,227.86,120.67
2020-02-08 14:07:28,2060,0.21156,0.27332,2.6359,0.38264,90.192,27.824,229.78,121.67
2020-02-08 14:07:29,2061,0.21079,0.27156,2.6111,0.71057,90.258,27.819,238,121.33
2020-02-08 14:07:30,2062,0.21285,0.27309,2.5339,0.38264,90.175,27.831,226.83,121.67
2020-02-08 14:07:31,2063,0.21067,0.27031,2.9215,0.38264,90.28,27.822,222.83,122
2020-02-08 14:07:32,2064,0.21327,0.27355,2.6242,0.38264,90.24,27.822,231.28,121.33
2020-02-08 14:07:33,2065,0.21257,0.27039,2.309,0.054711,90.304,27.822,229.5,121.67
2020-02-08 14:07:34,2066,0.21406,0.27329,1.9338,-0.27322,90.302,27.817,218.67,122
2020-02-08 14:07:36,2067,0.2125,0.27335,3.1241,0.054711,90.533,27.82,238.43,121.33
2020-02-08 14:07:37,2068,0.21377,0.27286,1.4635,0.38264,90.347,27.828,221.98,121.67
2020-02-08 14:07:38,2069,0.21227,0.27407,2.4121,0.054711,90.162,27.826,225.34,121.33
2020-02-08 14:07:39,2070,0.21328,0.27236,2.7765,0.054711,90.267,27.827,250.15,122.34
2020-02-08 14:07:40,2071,0.20994,0.27113,2.4842,0.054711,90.308,27.816,238.45,121.67
2020-02-08 14:07:41,2072,0.21342,0.27373,2.5717,0.054711,90.296,27.814,238.14,122.34
2020-02-08 14:07:42,2073,0.21196,0.27043,1.3182,0.054711,90.249,27.814,218.31,122.33
2020-02-08 14:07:43,2074,0.21396,0.27307,2.0358,0.054711,90.23,27.813,226.69,122
2020-02-08 14:07:44,2075,0.21249,0.27233,0.89153,0.054711,90.283,27.821,205.94,122
2020-02-08 14:07:45,2076,0.21307,0.27228,2.3061,0.054711,90.18,27.815,231.91,122.67
2020-02-08 14:07:46,2077,0.2119,0.274,2.5486,-0.27322,90.293,27.826,239.91,122.33
2020-02-08 14:07:47,2078,0.213,0.27287,2.6536,0.054711,90.33,27.811,211.26,122
2020-02-08 14:07:48,2079,0.21335,0.27349,2.6224,0.054711,90.204,27.823,239.15,121.33
2020-02-08 14:07:50,2080,0.20975,0.27133,3.1068,0.054711,90.3,27.829,215.74,121
2020-02-08 14:07:51,2081,0.2137,0.27291,2.5518,0.054711,90.372,27.836,229.17,121.67
2020-02-08 14:07:52,2082,0.21017,0.27047,2.3916,0.054711,90.303,27.827,218.33,122
2020-02-08 14:07:53,2083,0.21325,0.26989,2.6082,0.054711,90.179,27.827,221.31,121.67
2020-02-08 14:07:54,2084,0.21345,0.27249,2.7008,0.38264,90.072,27.831,228.26,122
2020-02-08 14:07:55,2085,0.21184,0.27208,2.6681,0.38264,90.28,27.844,228.45,121.33
2020-02-08 14:07:56,2086,0.21343,0.27272,2.5733,-0.27322,90.251,27.844,222,121
2020-02-08 14:07:57,2087,0.21263,0.27419,2.5543,0.054711,90.388,27.837,226.61,121.67
2020-02-08 14:07:58,2088,0.21193,0.2728,1.019,0.054711,89.996,27.842,213.59,122
2020-02-08 14:07:59,2089,0.21364,0.27357,2.8678,0.054711,90.482,27.839,245.02,122.67
2020-02-08 14:08:00,2090,0.20955,0.27093,2.2554,0.054711,90.225,27.841,230.72,121.67
2020-02-08 14:08:01,2091,0.21388,0.27377,2.4848,-0.27322,89.716,27.841,215.18,121.67
2020-02-08 14:08:02,2092,0.21211,0.27129,2.8097,0.054711,90.03,27.84,216.38,122
2020-02-08 14:08:03,2093,0.21341,0.27294,2.8498,0.054711,89.567,27.837,223.41,122
2020-02-08 14:08:05,2094,0.21283,0.2717,0.95012,0.054711,89.925,27.837,225.87,122.67
2020-02-08 14:08:06,2095,0.21383,0.27276,2.7927,-0.27322,89.687,27.83,232.7,122.33
2020-02-08 14:08:07,2096,0.21297,0.2743,2.6905,0.054711,89.759,27.839,232,122
2020-02-08 14:08:08,2097,0.21273,0.27291,2.9998,0.054711,89.794,27.838,250.63,121.33
2020-02-08 14:08:09,2098,0.21067,0.27217,3.0264,0.38264,89.645,27.835,240.06,122.33
2020-02-08 14:08:10,2099,0.21392,0.27365,2.6128,0.38264,89.679,27.832,228.57,122
2020-02-08 14:08:11,2100,0.21181,0.27126,2.8096,0.38264,89.704,27.833,247.95,122
2020-02-08 14:08:12,2101,0.21346,0.27399,2.7569,0.054711,89.61,27.827,238.77,122
2020-02-08 14:08:13,2102,0.2133,0.27076,2.8465,0.38264,89.692,27.823,239.69,122.67
2020-02-08 14:08:14,2103,0.21426,0.27378,2.8415,0.38264,89.666,27.823,233.54,122.33
2020-02-08 14:08:15,2104,0.21351,0.27397,2.5723,0.38264,89.728,27.83,235.06,122.67
2020-02-08 14:08:16,2105,0.21297,0.27376,2.3271,0.054711,89.535,27.826,231.23,123.67
2020-02-08 14:08:17,2106,0.21403,0.27346,2.4759,0.054711,89.794,27.828,219.93,123.33
2020-02-08 14:08:18,2107,0.21061,0.27158,2.4729,0.054711,89.831,27.822,236.06,123
2020-02-08 14:08:19,2108,0.21368,0.27401,2.4693,0.054711,90.116,27.826,218.2,123
2020-02-08 14:08:20,2109,0.21326,0.27004,2.9551,0.054711,89.787,27.826,239.07,122.33
2020-02-08 14:08:22,2110,0.21461,0.27375,2.6394,0.38264,90.131,27.821,234.22,122.67
2020-02-08 14:08:23,2111,0.21299,0.27322,2.5157,0.71057,89.619,27.82,227.91,123
2020-02-08 14:08:24,2112,0.21371,0.27466,1.3124,0.38264,89.649,27.822,205.11,123
2020-02-08 14:08:25,2113,0.2142,0.27283,2.6391,-0.27322,89.669,27.816,236.66,123
2020-02-08 14:08:26,2114,0.21403,0.27236,2.5463,0.054711,89.553,27.818,233.09,123.34
2020-02-08 14:08:27,2115,0.21173,0.27116,2.7087,0.054711,89.751,27.83,217.58,123.33
2020-02-08 14:08:28,2116,0.21342,0.27347,1.8114,0.054711,89.65,27.824,230.47,123
2020-02-08 14:08:29,2117,0.21256,0.27,3.0366,0.054711,89.767,27.824,251.18,123
2020-02-08 14:08:30,2118,0.21314,0.27347,1.8608,0.054711,89.78,27.822,227.76,122.33
2020-02-08 14:08:31,2119,0.21222,0.27209,2.7101,0.054711,89.644,27.819,224.07,122.67
2020-02-08 14:08:32,2120,0.2123,0.27353,1.903,0.054711,89.602,27.818,228.32,122.33
2020-02-08 14:08:33,2121,0.2136,0.27314,2.0924,0.054711,89.551,27.82,220.25,123.34
2020-02-08 14:08:34,2122,0.20972,0.27208,2.5533,0.38264,89.627,27.814,225.19,123.33
2020-02-08 14:08:35,2123,0.21424,0.27262,2.1185,0.054711,89.54,27.814,224.05,123
2020-02-08 14:08:36,2124,0.21002,0.27079,2.3421,0.054711,89.754,27.808,234.4,123
2020-02-08 14:08:37,2125,0.21259,0.27455,2.2112,0.054711,89.575,27.808,222.6,123
2020-02-08 14:08:38,2126,0.21298,0.26987,2.2658,0.054711,89.609,27.823,228.32,123
2020-02-08 14:08:39,2127,0.2133,0.2738,2.915,0.38264,89.683,27.824,249.14,123.67
2020-02-08 14:08:41,2128,0.21325,0.27292,2.4805,0.38264,89.462,27.816,222.77,123.33
2020-02-08 14:08:42,2129,0.21321,0.27372,1.2122,0.38264,89.748,27.818,217.06,123
2020-02-08 14:08:43,2130,0.21425,0.27358,2.6508,0.054711,89.678,27.82,230.45,122.33
2020-02-08 14:08:44,2131,0.21125,0.2738,2.904,0.054711,90.067,27.82,234.62,123.34
2020-02-08 14:08:45,2132,0.21194,0.27124,1.5645,-0.27322,89.49,27.822,205.82,123.33
2020-02-08 14:08:46,2133,0.2119,0.2736,1.4596,0.054711,89.987,27.823,217.1,123
2020-02-08 14:08:47,2134,0.21343,0.26981,2.7876,0.38264,89.693,27.823,237.73,124.34
2020-02-08 14:08:48,2135,0.2139,0.27437,2.597,0.38264,90.044,27.823,228.84,123.67
2020-02-08 14:08:49,2136,0.21386,0.27305,2.8664,-0.27322,89.991,27.835,246.19,123.67
2020-02-08 14:08:50,2137,0.21217,0.27379,2.6232,-0.60114,90.038,27.829,232.14,124
2020-02-08 14:08:51,2138,0.214,0.27313,2.4229,0.054711,90.13,27.829,227.28,124
2020-02-08 14:08:52,2139,0.21169,0.27266,2.7988,0.054711,90.144,27.835,239.73,124
2020-02-08 14:08:53,2140,0.21227,0.27215,2.4584,0.38264,90.151,27.839,220.34,124
2020-02-08 14:08:55,2141,0.21234,0.27062,2.1983,0.054711,90.142,27.823,228.89,123.33
2020-02-08 14:08:56,2142,0.21318,0.27307,2.7601,0.38264,90.287,27.831,228.89,123.67
2020-02-08 14:08:57,2143,0.21366,0.27234,2.5593,0.054711,90.031,27.847,220.51,124
2020-02-08 14:08:58,2144,0.2133,0.27277,2.7078,0.054711,90.268,27.847,230.5,124
2020-02-08 14:08:59,2145,0.21267,0.27483,2.674,0.054711,90.003,27.839,229.96,124
2020-02-08 14:09:00,2146,0.21329,0.27165,2.8286,0.054711,90.119,27.844,236.98,123.33
2020-02-08 14:09:01,2147,0.21084,0.27274,1.0605,0.054711,90.107,27.851,215.38,123
2020-02-08 14:09:02,2148,0.21175,0.27206,2.6545,0.38264,90.274,27.847,225.68,123.67
2020-02-08 14:09:03,2149,0.21188,0.27033,2.8648,0.054711,89.568,27.851,221.17,124
2020-02-08 14:09:04,2150,0.21252,0.27328,2.9472,0.054711,90.259,27.858,250.7,123.33
2020-02-08 14:09:05,2151,0.21268,0.27202,2.6185,0.054711,90.038,27.858,229.15,123.67
2020-02-08 14:09:06,2152,0.2135,0.27207,2.3052,0.054711,90.103,27.851,230.62,123.33
2020-02-08 14:09:07,2153,0.21298,0.27282,2.5318,0.054711,90.147,27.851,249.46,123
2020-02-08 14:09:09,2154,0.21292,0.27345,2.8842,0.38264,90.128,27.851,239.13,123.67
2020-02-08 14:09:10,2155,0.21303,0.27253,2.2769,0.054711,90.24,27.847,229.78,124.67
2020-02-08 14:09:11,2156,0.21063,0.27303,2.613,0.38264,90.161,27.851,228.78,123.67
2020-02-08 14:09:12,2157,0.21155,0.27132,2.3312,0.054711,90.006,27.861,213.51,124
2020-02-08 14:09:13,2158,0.21124,0.27165,2.5083,0.38264,90.081,27.858,227.85,124
2020-02-08 14:09:14,2159,0.21262,0.27329,0.95076,0.054711,90.258,27.846,228.67,124
2020-02-08 14:09:15,2160,0.21307,0.27008,2.3964,0.38264,90.103,27.846,232.75,124
2020-02-08 14:09:16,2161,0.21373,0.27325,2.3579,0.38264,90.108,27.846,213.62,123.33
2020-02-08 14:09:17,2162,0.21382,0.27445,2.8014,0.38264,90.099,27.856,239.15,123.67
2020-02-08 14:09:18,2163,0.21376,0.27234,2.3536,0.054711,90.301,27.857,206.63,124
2020-02-08 14:09:19,2164,0.21179,0.27457,2.2469,-0.27322,90.37,27.856,229.39,124
2020-02-08 14:09:20,2165,0.21273,0.27199,2.2962,0.054711,90.151,27.865,250.93,124
2020-02-08 14:09:21,2166,0.21227,0.27268,2.5239,0.71057,90.241,27.859,237.78,124
2020-02-08 14:09:23,2167,0.21115,0.2706,2.3602,0.054711,90.369,27.857,206.4,124
2020-02-08 14:09:24,2168,0.21257,0.27239,3.0696,0.38264,90.456,27.852,251.59,123.33
2020-02-08 14:09:25,2169,0.21353,0.27112,2.6303,0.054711,90.054,27.855,230.29,123.67
2020-02-08 14:09:26,2170,0.21397,0.27305,2.4444,0.054711,90.369,27.863,250.71,124
2020-02-08 14:09:27,2171,0.2138,0.27253,2.5891,0.054711,90.316,27.856,249.68,124
2020-02-08 14:09:28,2172,0.21377,0.27438,2.2217,0.054711,90.255,27.856,208.1,123.33
2020-02-08 14:09:29,2173,0.21358,0.27028,2.3187,0.054711,89.995,27.852,240.46,123.67
2020-02-08 14:09:30,2174,0.21496,0.27238,2.73,-0.27322,90.236,27.853,236.59,124
2020-02-08 14:09:31,2175,0.21261,0.27104,2.839,0.054711,90.249,27.864,221.16,124
2020-02-08 14:09:32,2176,0.21477,0.27306,2.5514,0.054711,89.768,27.861,223.16,124.67
2020-02-08 14:09:33,2177,0.21452,0.27053,2.7332,0.38264,90.397,27.865,233.76,123.67
2020-02-08 14:09:34,2178,0.21527,0.27226,2.5967,0.38264,90.495,27.863,234.44,124.34
2020-02-08 14:09:35,2179,0.21367,0.27379,2.6551,0.054711,89.617,27.877,224.12,123.67
2020-02-08 14:09:36,2180,0.21406,0.27244,1.8268,0.054711,89.561,27.877,229.99,123.67
2020-02-08 14:09:37,2181,0.21287,0.27409,2.8776,-0.27322,89.651,27.874,228.23,124
2020-02-08 14:09:38,2182,0.21214,0.2716,2.8296,0.38264,90.297,27.877,202.47,123.33
2020-02-08 14:09:39,2183,0.2134,0.27163,2.6306,0.054711,90.272,27.876,224.02,124.34
2020-02-08 14:09:41,2184,0.21067,0.27132,2.8569,-0.27322,89.653,27.878,231.31,124.33
2020-02-08 14:09:42,2185,0.2136,0.27295,2.7265,0.38264,89.93,27.878,241.26,123.33
2020-02-08 14:09:43,2186,0.21218,0.27045,2.8945,0.38264,90.089,27.881,211.74,123.67
2020-02-08 14:09:44,2187,0.21438,0.27349,2.5335,0.38264,89.566,27.875,237.75,123.33
2020-02-08 14:09:45,2188,0.21489,0.27305,2.5581,0.054711,89.739,27.873,220.5,123.67
2020-02-08 14:09:46,2189,0.21286,0.27354,2.0602,0.054711,89.684,27.873,227,123.67
2020-02-08 14:09:47,2190,0.21382,0.27328,2.7126,0.054711,90.2,27.895,228.58,124
2020-02-08 14:09:48,2191,0.21347,0.27366,2.8587,0.38264,89.599,27.882,220.69,124
2020-02-08 14:09:49,2192,0.21143,0.27165,2.7201,0.054711,89.712,27.891,237.79,124
2020-02-08 14:09:50,2193,0.21422,0.27279,2.2841,0.054711,89.723,27.89,228.83,124
2020-02-08 14:09:51,2194,0.21274,0.27121,2.6587,0.054711,89.648,27.893,228.76,124
2020-02-08 14:09:52,2195,0.21547,0.27291,2.8487,-0.27322,89.768,27.894,204.08,124
2020-02-08 14:09:53,2196,0.21395,0.27222,2.2187,0.054711,89.618,27.901,217.91,124
2020-02-08 14:09:54,2197,0.21506,0.27371,2.699,0.38264,89.766,27.906,230.7,124
2020-02-08 14:09:55,2198,0.21316,0.27334,2.6837,0.38264,90.289,27.906,230.63,124
2020-02-08 14:09:56,2199,0.21319,0.27335,2.1061,-0.27322,89.803,27.901,229.18,124.67
2020-02-08 14:09:57,2200,0.21402,0.27197,1.0661,0.054711,89.672,27.912,213.87,124.33
2020-02-08 14:09:59,2201,0.21082,0.27136,2.0638,0.054711,89.623,27.9,227.17,124
2020-02-08 14:10:00,2202,0.21386,0.27301,2.7815,0.054711,89.683,27.908,236.69,124
2020-02-08 14:10:01,2203,0.21314,0.26996,2.1232,0.054711,89.54,27.901,245.39,124
2020-02-08 14:10:02,2204,0.2143,0.27287,2.7923,0.38264,89.519,27.895,234.78,123.33
2020-02-08 14:10:03,2205,0.21287,0.27117,2,0.054711,89.765,27.895,218.41,124.33
2020-02-08 14:10:04,2206,0.21208,0.2725,1.8981,-0.27322,89.621,27.903,234.98,124
2020-02-08 14:10:05,2207,0.2129,0.27187,1.2086,-0.27322,89.68,27.903,211.26,124
2020-02-08 14:10:06,2208,0.21277,0.27276,1.848,0.38264,89.635,27.9,223.14,123.33
2020-02-08 14:10:07,2209,0.211,0.27143,2.0806,0.054711,89.627,27.895,245.16,123.67
2020-02-08 14:10:08,2210,0.21338,0.2718,2.041,0.71057,89.762,27.893,230.74,124
2020-02-08 14:10:09,2211,0.21103,0.27082,2.1272,0.054711,89.746,27.909,242.66,123.33
2020-02-08 14:10:10,2212,0.21368,0.27314,2.6486,0.38264,89.797,27.907,237.78,123.67
2020-02-08 14:10:11,2213,0.21317,0.2701,1.7862,-0.27322,89.551,27.911,229.1,124
2020-02-08 14:10:12,2214,0.21452,0.2729,2.1211,0.054711,89.73,27.91,242.74,124.67
2020-02-08 14:10:14,2215,0.21345,0.27217,1.84,0.054711,89.686,27.922,232.66,124.33
2020-02-08 14:10:15,2216,0.21427,0.27363,3.1277,0.054711,89.647,27.924,243.17,124
2020-02-08 14:10:16,2217,0.21378,0.27411,2.8222,0.054711,89.681,27.924,238.22,124
2020-02-08 14:10:17,2218,0.21218,0.27182,2.2077,0.054711,89.668,27.918,248.91,124.34
2020-02-08 14:10:18,2219,0.21134,0.27004,1.9642,0.054711,89.439,27.936,234.08,124.33
2020-02-08 14:10:19,2220,0.21359,0.27377,2.8741,-0.27322,89.612,27.914,229.91,124
2020-02-08 14:10:20,2221,0.21362,0.26952,1.8155,0.38264,89.682,27.917,228.74,124.67
2020-02-08 14:10:21,2222,0.21471,0.2726,1.3438,0.054711,89.733,27.909,209.34,124.33
2020-02-08 14:10:22,2223,0.21372,0.27316,3.1798,0.38264,89.486,27.905,250.54,124.67
2020-02-08 14:10:23,2224,0.21375,0.27258,2.8505,0.054711,89.68,27.911,239.82,124.33
2020-02-08 14:10:24,2225,0.21404,0.27389,1.3923,0.054711,89.621,27.911,210.18,124.67
2020-02-08 14:10:25,2226,0.2113,0.27103,1.3601,0.054711,89.577,27.914,246.9,124.33
2020-02-08 14:10:26,2227,0.21365,0.27215,2.8345,0.38264,89.669,27.913,234.97,124
2020-02-08 14:10:27,2228,0.21122,0.27081,1.586,0.054711,89.517,27.916,215.32,124.67
2020-02-08 14:10:29,2229,0.21336,0.27237,2.4939,-0.27322,89.498,27.917,229.57,125
2020-02-08 14:10:30,2230,0.21354,0.26979,3.0465,0.054711,89.434,27.919,243.5,124.33
2020-02-08 14:10:31,2231,0.21424,0.2726,2.7653,0.38264,90.031,27.909,250.64,124.67
2020-02-08 14:10:32,2232,0.21293,0.27235,2.6377,0.054711,90.086,27.91,230.85,123.67
2020-02-08 14:10:33,2233,0.21359,0.27299,2.5534,0.054711,89.839,27.91,228.89,123.67
2020-02-08 14:10:34,2234,0.21381,0.27153,2.6711,0.38264,89.519,27.913,228.62,124
2020-02-08 14:10:35,2235,0.21385,0.27189,2.5219,-0.27322,90.062,27.917,241.09,124
2020-02-08 14:10:36,2236,0.21079,0.2702,2.5141,0.38264,89.998,27.905,221.82,124
2020-02-08 14:10:37,2237,0.21309,0.27307,2.1665,0.38264,89.528,27.906,219.08,123.33
2020-02-08 14:10:38,2238,0.21341,0.26917,2.8743,0.054711,89.609,27.906,229.57,123.67
2020-02-08 14:10:39,2239,0.21386,0.27321,2.5171,0.054711,89.687,27.893,251.25,124.67
2020-02-08 14:10:40,2240,0.21312,0.27188,2.5426,0.054711,89.8,27.912,226.31,123.67
2020-02-08 14:10:41,2241,0.21408,0.27393,2.995,0.054711,90.058,27.912,249.1,124.34
2020-02-08 14:10:42,2242,0.21386,0.27207,2.4953,0.054711,89.606,27.895,232.3,124.33
2020-02-08 14:10:43,2243,0.21164,0.27399,1.8632,0.38264,90.024,27.903,215.44,124
2020-02-08 14:10:44,2244,0.2145,0.27087,2.9754,0.38264,90.099,27.898,246.4,124
2020-02-08 14:10:46,2245,0.21138,0.27121,2.0651,-0.27322,89.973,27.903,225.48,124.67
2020-02-08 14:10:47,2246,0.21329,0.27347,1.9845,0.38264,89.993,27.907,223.85,125
2020-02-08 14:10:48,2247,0.21367,0.26906,1.243,0.71057,90.144,27.906,206.6,124.33
2020-02-08 14:10:49,2248,0.21448,0.27179,1.6615,0.054711,89.963,27.901,218.75,124.67
2020-02-08 14:10:50,2249,0.21356,0.27384,1.5061,0.38264,90.074,27.9,220.72,124.33
2020-02-08 14:10:51,2250,0.21454,0.27235,2.4644,0.054711,90.198,27.912,232.82,124
2020-02-08 14:10:52,2251,0.21058,0.27195,2.733,0.38264,90.097,27.903,228.78,124.67
2020-02-08 14:10:53,2252,0.21401,0.27178,1.4827,0.38264,90.01,27.895,203.58,124.33
2020-02-08 14:10:54,2253,0.2109,0.26981,2.9205,0.054711,90.049,27.905,231.78,124
2020-02-08 14:10:56,2254,0.21173,0.2718,2.4914,0.38264,90.048,27.906,227.24,124
2020-02-08 14:10:57,2255,0.21298,0.27249,1.4267,0.38264,89.99,27.906,229.44,125
2020-02-08 14:10:58,2256,0.21308,0.27048,2.7319,0.054711,89.913,27.899,240.1,125
2020-02-08 14:10:59,2257,0.21339,0.27272,2.4374,-0.27322,89.962,27.904,231.63,124.33
2020-02-08 14:11:00,2258,0.21363,0.27201,1.6371,0.054711,90.118,27.922,216.31,124.67
2020-02-08 14:11:01,2259,0.2122,0.27305,2.6116,0.054711,90.136,27.905,214.79,123.67
2020-02-08 14:11:02,2260,0.21422,0.27172,2.1716,-0.27322,90.138,27.916,227.66,124.34
2020-02-08 14:11:03,2261,0.21082,0.2722,1.9705,0.054711,90.069,27.912,221.94,124.33
2020-02-08 14:11:04,2262,0.21285,0.27087,1.6789,0.054711,90.323,27.912,209.33,124.67
2020-02-08 14:11:05,2263,0.21133,0.27005,2.6676,-0.27322,90.378,27.914,231.24,124.33
2020-02-08 14:11:06,2264,0.21219,0.27258,1.7685,0.38264,90.11,27.914,232.33,124.67
2020-02-08 14:11:08,2265,0.21333,0.26901,2.6421,0.38264,90.323,27.901,229.92,125
2020-02-08 14:11:09,2266,0.21361,0.27182,2.659,0.054711,90.147,27.907,228.9,125
2020-02-08 14:11:10,2267,0.21355,0.27269,2.6797,0.054711,89.919,27.907,226.43,124.33
2020-02-08 14:11:11,2268,0.21329,0.27241,2.4987,0.054711,89.814,27.913,227.9,124
2020-02-08 14:11:12,2269,0.21156,0.27272,2.0883,0.38264,90.36,27.909,242.62,124.67
2020-02-08 14:11:13,2270,0.21315,0.27106,2.4247,0.054711,90.177,27.917,222.97,124
2020-02-08 14:11:14,2271,0.21159,0.26961,1.8669,0.054711,90.224,27.913,228.74,124.67
2020-02-08 14:11:15,2272,0.2126,0.27188,2.7001,0.38264,89.808,27.91,246.77,125
2020-02-08 14:11:16,2273,0.21312,0.27055,2.4473,0.054711,89.817,27.914,227.77,124.33
2020-02-08 14:11:17,2274,0.21383,0.27054,2.9102,0.054711,89.828,27.911,244.74,124.67
2020-02-08 14:11:18,2275,0.21353,0.27201,2.4945,0.38264,89.689,27.917,221.82,125
2020-02-08 14:11:19,2276,0.21339,0.27339,2.6559,0.38264,89.688,27.917,226.82,124.33
2020-02-08 14:11:20,2277,0.21416,0.27164,2.6437,0.054711,89.665,27.91,231.64,124
2020-02-08 14:11:22,2278,0.21117,0.27209,2.9563,0.054711,89.517,27.921,248.13,124.67
2020-02-08 14:11:23,2279,0.21276,0.27159,1.9262,0.054711,89.606,27.911,218.35,124.33
2020-02-08 14:11:24,2280,0.21185,0.27064,2.5599,0.38264,89.586,27.91,230.03,124.67
2020-02-08 14:11:25,2281,0.21268,0.27116,2.5727,0.054711,89.663,27.909,227.91,124.67
2020-02-08 14:11:26,2282,0.21387,0.27014,2.6946,-0.27322,89.701,27.915,228.72,125
2020-02-08 14:11:27,2283,0.21344,0.2723,2.6322,0.054711,89.705,27.913,213.09,125
2020-02-08 14:11:28,2284,0.21247,0.27341,2.3893,0.054711,90.217,27.907,214.23,124.33
2020-02-08 14:11:29,2285,0.21321,0.2718,2.6117,0.054711,89.685,27.907,234.99,124.67
2020-02-08 14:11:30,2286,0.21121,0.27303,2.4486,0.054711,89.622,27.915,224.66,124.33
2020-02-08 14:11:31,2287,0.21145,0.27081,2.8269,0.38264,89.637,27.908,231.14,124.67
2020-02-08 14:11:32,2288,0.21179,0.27163,2.3855,0.38264,89.755,27.909,235.14,125
2020-02-08 14:11:33,2289,0.21101,0.26999,2.4906,-0.60114,89.556,27.908,223.6,125.67
2020-02-08 14:11:35,2290,0.21216,0.27113,2.9977,0.054711,89.503,27.91,241.4,124.67
2020-02-08 14:11:36,2291,0.21299,0.27119,2.5564,-0.27322,89.632,27.904,246.73,124.67
2020-02-08 14:11:37,2292,0.21249,0.27184,2.9226,0.054711,89.563,27.907,240.37,125
2020-02-08 14:11:38,2293,0.21235,0.27156,2.786,0.054711,89.716,27.907,241.62,124.33
2020-02-08 14:11:39,2294,0.21131,0.27291,1.2889,0.38264,89.698,27.905,220.08,124
2020-02-08 14:11:40,2295,0.21201,0.27187,2.5547,0.38264,89.573,27.913,229.63,124.67
2020-02-08 14:11:41,2296,0.21153,0.27297,2.351,0.38264,89.672,27.913,225.99,125
2020-02-08 14:11:42,2297,0.21035,0.27019,0.91104,0.054711,89.691,27.907,203.02,125
2020-02-08 14:11:43,2298,0.21159,0.27201,2.5183,0.054711,89.759,27.913,228.92,125
2020-02-08 14:11:44,2299,0.21102,0.27058,2.489,0.054711,89.434,27.918,240.19,125
2020-02-08 14:11:45,2300,0.21243,0.27184,2.5498,0.054711,89.544,27.909,242.05,125
2020-02-08 14:11:46,2301,0.21249,0.26953,2.6855,0.054711,89.834,27.911,241.4,124.33
2020-02-08 14:11:47,2302,0.21311,0.27226,2.34,0.054711,89.656,27.911,224.69,124.67
2020-02-08 14:11:49,2303,0.21234,0.27297,2.5082,0.71057,89.463,27.898,226.35,125
2020-02-08 14:11:50,2304,0.21284,0.2725,2.6813,0.38264,89.596,27.907,228.78,125.67
2020-02-08 14:11:51,2305,0.21171,0.27312,2.6118,0.38264,89.484,27.901,236.68,125.33
2020-02-08 14:11:52,2306,0.21238,0.27196,2.6837,0.38264,89.482,27.901,231.63,125
2020-02-08 14:11:53,2307,0.21133,0.2703,2.4847,-0.27322,89.573,27.903,233.2,125.67
2020-02-08 14:11:54,2308,0.21292,0.27193,2.7678,0.054711,89.559,27.907,249.12,124.67
2020-02-08 14:11:55,2309,0.21254,0.27056,3.0691,0.054711,89.709,27.91,246,124.67
2020-02-08 14:11:56,2310,0.21293,0.27151,2.5083,0.054711,89.682,27.899,234.01,125
2020-02-08 14:11:57,2311,0.21227,0.27422,2.4307,0.38264,90.186,27.905,224.22,125
2020-02-08 14:11:58,2312,0.21193,0.27223,2.1517,0.054711,89.603,27.902,227.54,125.67
2020-02-08 14:11:59,2313,0.21233,0.27308,2.5541,0.054711,89.506,27.898,229.56,125.33
2020-02-08 14:12:00,2314,0.20964,0.26924,3.005,0.38264,90.078,27.909,248.24,125
2020-02-08 14:12:02,2315,0.21232,0.27283,2.3436,0.054711,89.324,27.906,228.91,125
2020-02-08 14:12:03,2316,0.2117,0.26902,2.5423,0.054711,89.761,27.906,216.52,125
2020-02-08 14:12:04,2317,0.2134,0.27203,1.6477,0.054711,90.013,27.911,207.66,124.33
2020-02-08 14:12:05,2318,0.2125,0.27275,2.4712,0.054711,89.992,27.921,224.89,124.67
2020-02-08 14:12:06,2319,0.21201,0.27406,2.7818,0.054711,90.282,27.918,228.88,125
2020-02-08 14:12:07,2320,0.21082,0.27102,2.4295,0.054711,89.59,27.903,210.6,125
2020-02-08 14:12:08,2321,0.21238,0.27251,2.3,0.054711,90.033,27.919,229.85,125
2020-02-08 14:12:09,2322,0.20926,0.26994,2.8482,-0.27322,90.061,27.909,227.84,125
2020-02-08 14:12:10,2323,0.21195,0.27235,2.3814,0.054711,90.038,27.909,234.63,125
2020-02-08 14:12:11,2324,0.2116,0.2698,1.9587,0.054711,90.273,27.908,229.46,124.33
2020-02-08 14:12:12,2325,0.21264,0.27194,3.0192,0.054711,89.989,27.905,242.49,124.67
2020-02-08 14:12:13,2326,0.2115,0.27171,2.5516,0.38264,90.119,27.91,238.18,124.33
2020-02-08 14:12:14,2327,0.21198,0.27108,2.3637,0.38264,89.948,27.91,251.83,124
2020-02-08 14:12:15,2328,0.21136,0.2739,2.581,0.054711,90.151,27.909,226.71,124.67
2020-02-08 14:12:17,2329,0.2108,0.27079,2.9524,0.054711,90.192,27.907,234.71,125
2020-02-08 14:12:18,2330,0.21229,0.27259,2.2708,0.054711,90.061,27.901,235.36,125
2020-02-08 14:12:19,2331,0.20874,0.26952,2.5865,0.054711,89.988,27.909,247.26,124.33
2020-02-08 14:12:20,2332,0.20939,0.26951,2.4453,0.054711,90.17,27.911,223.91,124
2020-02-08 14:12:21,2333,0.2121,0.27192,2.1076,0.054711,90.102,27.911,224.16,124
2020-02-08 14:12:22,2334,0.21098,0.26917,2.7755,0.054711,89.617,27.906,233.39,124.67
2020-02-08 14:12:23,2335,0.21193,0.27112,2.4506,0.054711,90.094,27.906,231.22,125
2020-02-08 14:12:24,2336,0.21088,0.27027,2.7886,0.38264,90.006,27.911,203.95,125
2020-02-08 14:12:25,2337,0.2122,0.27143,2.8337,0.71057,90.313,27.9,226.03,124.33
2020-02-08 14:12:26,2338,0.21064,0.27126,2.6422,0.054711,89.766,27.897,232.52,124
2020-02-08 14:12:27,2339,0.21151,0.2717,2.6963,0.054711,90.338,27.897,248.2,124
2020-02-08 14:12:28,2340,0.21149,0.272,2.2935,0.054711,90.295,27.909,231.34,124.67
2020-02-08 14:12:29,2341,0.2095,0.27103,2.4425,0.38264,90.072,27.902,216.56,125
2020-02-08 14:12:30,2342,0.21251,0.27129,2.6483,0.054711,90.255,27.895,230.81,124.33
2020-02-08 14:12:31,2343,0.20887,0.27031,2.1088,0.054711,90.19,27.895,229.21,124.67
2020-02-08 14:12:32,2344,0.21193,0.27207,2.6282,0.054711,90.153,27.902,240.51,125
2020-02-08 14:12:34,2345,0.21001,0.26939,3.1058,0.054711,90.243,27.897,252.15,125
2020-02-08 14:12:35,2346,0.21183,0.27227,2.8115,0.38264,90.201,27.906,232.86,125
2020-02-08 14:12:36,2347,0.21124,0.26935,2.7712,0.38264,90.098,27.896,231.53,125
2020-02-08 14:12:37,2348,0.21239,0.2719,2.166,0.054711,90.334,27.901,241.18,125
2020-02-08 14:12:38,2349,0.21092,0.27232,2.8079,0.38264,90.121,27.901,235.79,124.33
2020-02-08 14:12:39,2350,0.21126,0.27176,2.8491,0.054711,90.319,27.901,240.08,125
2020-02-08 14:12:40,2351,0.21023,0.27125,2.6423,0.38264,89.743,27.9,213,125
2020-02-08 14:12:41,2352,0.21246,0.27104,2.7622,0.054711,90.136,27.909,249.22,125
2020-02-08 14:12:42,2353,0.20898,0.26972,1.9323,0.054711,89.908,27.909,239.22,125
2020-02-08 14:12:43,2354,0.21165,0.27195,2.8991,0.38264,89.924,27.902,241.15,125
2020-02-08 14:12:44,2355,0.21126,0.26815,2.7129,0.38264,89.693,27.902,204.09,125
2020-02-08 14:12:45,2356,0.21173,0.27274,2.8035,0.054711,90.182,27.91,238,125
2020-02-08 14:12:46,2357,0.21195,0.27082,2.5007,0.054711,90.201,27.895,229.31,125
2020-02-08 14:12:47,2358,0.21219,0.2724,2.4929,0.054711,90.245,27.896,229.34,125
2020-02-08 14:12:48,2359,0.21205,0.27251,1.7477,0.71057,89.949,27.901,224.38,125
2020-02-08 14:12:50,2360,0.21089,0.27176,2.8791,0.054711,89.511,27.892,235.1,125.67
2020-02-08 14:12:51,2361,0.21302,0.27144,2.7677,0.054711,89.642,27.894,249.1,125.33
2020-02-08 14:12:52,2362,0.20895,0.26986,3.0086,0.38264,89.697,27.901,241.36,124.33
2020-02-08 14:12:53,2363,0.21179,0.26903,1.668,0.38264,89.641,27.901,224.17,125.33
2020-02-08 14:12:54,2364,0.21191,0.27195,2.6753,0.054711,89.795,27.9,209.47,125
2020-02-08 14:12:55,2365,0.21202,0.27128,2.6485,0.38264,89.531,27.903,237.58,125
2020-02-08 14:12:56,2366,0.21238,0.27294,2.9654,0.38264,89.773,27.913,230.42,125
2020-02-08 14:12:57,2367,0.21293,0.2719,2.2801,0.054711,89.687,27.919,233.81,125.67
2020-02-08 14:12:58,2368,0.21024,0.27243,2.7487,-0.27322,89.577,27.919,228.98,125.33
2020-02-08 14:12:59,2369,0.21288,0.27121,2.4886,0.054711,89.636,27.924,230.72,125
2020-02-08 14:13:00,2370,0.21005,0.27005,2.5323,0.054711,89.714,27.933,231.26,124.33
2020-02-08 14:13:01,2371,0.21093,0.27249,2.8855,0.054711,89.581,27.939,243.2,124.67
2020-02-08 14:13:02,2372,0.21125,0.26897,2.6242,0.054711,89.761,27.929,234.53,125.67
2020-02-08 14:13:04,2373,0.2098,0.27155,2.5256,0.054711,89.55,27.93,219.28,124.67
2020-02-08 14:13:05,2374,0.20955,0.26813,2.4181,0.054711,89.63,27.944,228.67,124
2020-02-08 14:13:06,2375,0.21017,0.27098,1.9576,0.054711,89.619,27.944,217.83,124.67
2020-02-08 14:13:07,2376,0.21057,0.27014,2.3749,0.054711,89.706,27.938,228.42,124
2020-02-08 14:13:08,2377,0.21124,0.27066,2.5576,0.054711,89.655,27.938,224.84,124.67
2020-02-08 14:13:09,2378,0.21057,0.27231,2.1194,0.054711,89.672,27.936,220.42,124.33
2020-02-08 14:13:10,2379,0.21174,0.27013,2.6977,0.054711,89.66,27.937,228.17,124.67
2020-02-08 14:13:11,2380,0.21016,0.27313,2.7829,-0.60114,89.525,27.939,234.46,125
2020-02-08 14:13:12,2381,0.21194,0.27056,2.4175,0.38264,89.588,27.956,222.63,124.33
2020-02-08 14:13:13,2382,0.20974,0.27162,2.4015,0.054711,89.679,27.946,229.57,124.67
2020-02-08 14:13:14,2383,0.21116,0.26989,2.6205,0.38264,89.716,27.938,233.09,125
2020-02-08 14:13:15,2384,0.20963,0.26964,2.3722,-0.60114,89.723,27.946,222.98,125
2020-02-08 14:13:16,2385,0.21073,0.27119,2.7376,0.054711,89.488,27.938,231.19,124.33
2020-02-08 14:13:18,2386,0.21138,0.26837,3.0327,0.054711,89.696,27.938,229.86,124.67
2020-02-08 14:13:19,2387,0.2122,0.27158,1.5853,-0.60114,89.609,27.948,207.36,125
2020-02-08 14:13:20,2388,0.2123,0.27145,2.5948,0.054711,89.686,27.944,231.28,125
2020-02-08 14:13:21,2389,0.21201,0.27142,2.7593,0.38264,89.738,27.944,235.57,124.33
2020-02-08 14:13:22,2390,0.2105,0.27318,2.9232,0.38264,89.536,27.94,230.41,124.67
2020-02-08 14:13:23,2391,0.21212,0.27137,3.0079,0.054711,89.359,27.948,240.61,125
2020-02-08 14:13:24,2392,0.21021,0.26957,3.0224,0.054711,89.623,27.946,247.09,124.33
2020-02-08 14:13:25,2393,0.21054,0.27132,2.6433,0.054711,89.511,27.957,215.97,124
2020-02-08 14:13:26,2394,0.21215,0.26919,2.5685,-0.27322,89.546,27.949,218.56,124.67
2020-02-08 14:13:27,2395,0.21212,0.27031,2.7191,-0.27322,89.525,27.949,222.61,124.33
2020-02-08 14:13:28,2396,0.21263,0.27132,1.6525,0.054711,89.488,27.952,221.04,124.67
2020-02-08 14:13:29,2397,0.21246,0.27299,2.277,-0.27322,89.838,27.949,220.72,124.33
2020-02-08 14:13:30,2398,0.21249,0.27099,1.1767,0.054711,89.679,27.937,207.52,124.67
2020-02-08 14:13:32,2399,0.21023,0.27236,2.9891,0.054711,89.978,27.941,240.44,125
2020-02-08 14:13:33,2400,0.2112,0.27074,2.7659,0.054711,90.102,27.952,223.94,125
2020-02-08 14:13:34,2401,0.21088,0.27039,2.6775,0.054711,90.073,27.951,229.07,125
2020-02-08 14:13:35,2402,0.21069,0.27074,2.6149,0.054711,90.013,27.956,221.13,124.67
2020-02-08 14:13:36,2403,0.21269,0.26957,2.0446,-0.27322,89.882,27.95,228.77,124.67
2020-02-08 14:13:37,2404,0.21298,0.27195,2.1584,-0.27322,90.136,27.96,229.2,124.33
2020-02-08 14:13:38,2405,0.2112,0.27227,2.7805,-0.27322,89.652,27.96,225.09,124.67
2020-02-08 14:13:39,2406,0.21279,0.27168,1.993,0.054711,89.98,27.938,223.29,124.33
2020-02-08 14:13:40,2407,0.21027,0.27119,2.2472,0.054711,89.98,27.953,228.34,124
2020-02-08 14:13:41,2408,0.21029,0.27055,2.4219,0.054711,90.011,27.952,217.82,124
2020-02-08 14:13:42,2409,0.21129,0.27017,2.508,0.054711,89.923,27.948,231.28,124
2020-02-08 14:13:43,2410,0.2089,0.26908,1.8981,0.38264,89.958,27.948,230.16,124.67
2020-02-08 14:13:44,2411,0.21129,0.26985,2.6892,0.38264,90.162,27.944,231.64,124.33
2020-02-08 14:13:46,2412,0.2114,0.26933,2.5451,0.38264,89.911,27.952,232.9,124.67
2020-02-08 14:13:47,2413,0.21242,0.27121,2.9219,0.38264,89.972,27.954,233.81,124.33
2020-02-08 14:13:48,2414,0.21202,0.27037,2.6815,0.38264,90.13,27.954,234.12,124.67
2020-02-08 14:13:49,2415,0.21122,0.27268,1.0602,0.054711,90.142,27.952,216.66,124.33
2020-02-08 14:13:50,2416,0.21201,0.27134,2.923,0.054711,89.922,27.955,251.51,124.67
2020-02-08 14:13:51,2417,0.21081,0.27088,2.8143,-0.27322,90.231,27.956,247.25,124.33
2020-02-08 14:13:52,2418,0.2099,0.26922,1.9582,0.054711,90.093,27.956,226.27,124
2020-02-08 14:13:53,2419,0.2111,0.27034,2.3265,0.38264,90.195,27.954,228.29,124.67
2020-02-08 14:13:54,2420,0.2108,0.27004,2.6827,0.38264,90.025,27.953,228.7,124.33
2020-02-08 14:13:55,2421,0.21209,0.27117,2.6523,0.38264,90.141,27.953,227.66,124
2020-02-08 14:13:56,2422,0.21137,0.26865,2.3659,0.38264,90.032,27.957,230.43,124.67
2020-02-08 14:13:57,2423,0.2126,0.27093,3.0397,0.71057,90.213,27.961,246.27,125
2020-02-08 14:13:59,2424,0.21043,0.27119,1.9389,0.38264,90.136,27.951,230.53,125
2020-02-08 14:14:00,2425,0.21191,0.27128,2.4457,-0.27322,90.16,27.962,228.06,125
2020-02-08 14:14:01,2426,0.21063,0.27208,1.9511,-0.27322,90.094,27.962,242.32,124.33
2020-02-08 14:14:02,2427,0.21083,0.27065,2.7203,0.38264,90.323,27.964,228.34,124
2020-02-08 14:14:03,2428,0.2086,0.26928,1.7694,0.054711,90.214,27.959,226.26,124.33
2020-02-08 14:14:04,2429,0.21207,0.27085,2.5762,-0.27322,89.98,27.951,230.5,124
2020-02-08 14:14:05,2430,0.20956,0.26848,2.5567,0.054711,90.279,27.942,214.21,124.67
2020-02-08 14:14:06,2431,0.21185,0.27095,2.6084,0.054711,89.931,27.954,228.97,123.67
2020-02-08 14:14:07,2432,0.21101,0.26808,2.4331,0.054711,89.674,27.948,223.65,124.34
2020-02-08 14:14:08,2433,0.21223,0.27055,2.6974,0.054711,90.106,27.947,240.03,124.33
2020-02-08 14:14:09,2434,0.21099,0.27126,2.7614,0.054711,89.605,27.95,236.34,124
2020-02-08 14:14:10,2435,0.21149,0.26948,2.4471,0.054711,90.499,27.955,231.86,124
2020-02-08 14:14:11,2436,0.21036,0.27234,2.4174,0.054711,89.923,27.955,212.82,124.67
2020-02-08 14:14:12,2437,0.21064,0.26986,2.7808,-0.27322,89.736,27.945,239.85,124.33
2020-02-08 14:14:14,2438,0.21122,0.27122,2.7094,0.054711,89.618,27.956,231.98,124
2020-02-08 14:14:15,2439,0.20903,0.26955,2.5021,0.38264,89.587,27.954,218.07,124.67
2020-02-08 14:14:16,2440,0.21233,0.27056,2.7246,0.38264,89.932,27.965,232.91,123.67
2020-02-08 14:14:17,2441,0.2116,0.27057,2.8343,0.71057,89.581,27.962,229.86,125
2020-02-08 14:14:18,2442,0.2101,0.26771,2.3247,-0.60114,89.509,27.965,231.4,125
2020-02-08 14:14:19,2443,0.21201,0.27088,2.6163,0.38264,89.64,27.96,247.02,125
2020-02-08 14:14:20,2444,0.21164,0.26836,2.7763,-0.60114,89.488,27.97,245.12,124.33
2020-02-08 14:14:21,2445,0.21231,0.26994,2.5438,0.054711,89.803,27.976,222.46,124.67
2020-02-08 14:14:22,2446,0.21123,0.27192,2.3583,0.054711,89.782,27.98,228.85,124.33
2020-02-08 14:14:23,2447,0.21205,0.27089,2.4179,0.054711,89.794,27.98,228.45,124.67
2020-02-08 14:14:24,2448,0.21229,0.27186,2.7562,0.054711,89.729,27.975,230.71,125
2020-02-08 14:14:25,2449,0.20907,0.26943,2.5986,0.054711,89.56,27.977,217.44,123.67
2020-02-08 14:14:26,2450,0.21288,0.27066,2.7389,0.054711,89.621,27.984,206.27,124.34
2020-02-08 14:14:27,2451,0.21017,0.26889,2.8932,-0.27322,89.492,27.98,242.34,124.33
2020-02-08 14:14:28,2452,0.21286,0.271,2.9867,0.38264,89.505,27.987,231.48,124
2020-02-08 14:14:30,2453,0.2115,0.26839,1.6551,0.054711,89.501,27.985,222.36,123.33
2020-02-08 14:14:31,2454,0.21299,0.27105,2.7052,0.054711,89.555,27.985,233.46,123
2020-02-08 14:14:32,2455,0.21036,0.27013,2.2214,0.054711,89.655,27.993,228.88,123
2020-02-08 14:14:33,2456,0.21156,0.27084,2.1373,0.054711,89.634,27.986,230.89,123
2020-02-08 14:14:34,2457,0.21075,0.27057,1.0432,0.054711,89.661,27.98,205.29,123
2020-02-08 14:14:35,2458,0.21053,0.27008,2.6159,0.054711,89.619,27.981,226.99,123
2020-02-08 14:14:36,2459,0.21195,0.27037,2.0406,0.054711,89.597,27.993,234.1,123
2020-02-08 14:14:37,2460,0.21215,0.27061,1.122,0.054711,89.806,27.988,218.59,124
2020-02-08 14:14:38,2461,0.21082,0.26813,2.0094,0.054711,89.415,27.992,235.94,123.33
2020-02-08 14:14:39,2462,0.21252,0.27057,2.5281,0.054711,89.688,27.992,224.05,123.67
2020-02-08 14:14:40,2463,0.21167,0.26944,1.9168,0.054711,89.613,27.99,207.35,122.67
2020-02-08 14:14:41,2464,0.21303,0.27046,2.3677,0.38264,89.368,27.996,225.9,122.67
2020-02-08 14:14:42,2465,0.21171,0.27147,2.6213,0.38264,89.731,27.99,227.22,123
2020-02-08 14:14:43,2466,0.21169,0.27032,2.8947,-0.60114,89.385,27.982,238.59,123
2020-02-08 14:14:44,2467,0.21235,0.27088,1.9409,0.054711,89.512,27.994,230.45,123.67
2020-02-08 14:14:45,2468,0.20939,0.26874,2.0256,-0.27322,89.501,27.99,230.02,122.67
2020-02-08 14:14:47,2469,0.21219,0.26984,2.6105,0.054711,89.519,27.986,211.1,122.67
2020-02-08 14:14:48,2470,0.21015,0.26861,2.6051,0.054711,89.382,27.978,229.33,123.67
2020-02-08 14:14:49,2471,0.21182,0.27008,1.8475,0.054711,89.521,27.978,221.3,124
2020-02-08 14:14:50,2472,0.21147,0.26751,2.5211,-0.27322,89.663,27.986,229.59,123.33
2020-02-08 14:14:51,2473,0.21099,0.27006,1.9914,0.71057,89.528,27.991,232.75,122.67
2020-02-08 14:14:52,2474,0.2119,0.27015,2.6756,0.054711,89.387,27.99,229.06,121.67
2020-02-08 14:14:53,2475,0.21102,0.27019,2.2782,0.054711,89.429,27.993,220.59,121.67
2020-02-08 14:14:54,2476,0.21067,0.27049,2.5004,0.38264,89.543,27.988,228.46,122
2020-02-08 14:14:55,2477,0.2119,0.26912,1.8651,0.38264,89.826,27.998,220.87,122
2020-02-08 14:14:56,2478,0.20875,0.26997,2.6525,-0.27322,89.885,28.002,224.39,121.33
2020-02-08 14:14:57,2479,0.21192,0.26831,2.1505,0.38264,89.792,27.997,235.37,121.67
2020-02-08 14:14:58,2480,0.20789,0.2699,2.7777,0.38264,89.741,27.989,240.53,122.67
2020-02-08 14:14:59,2481,0.21155,0.26948,2.2778,0.38264,89.55,28.003,228.46,122.33
2020-02-08 14:15:01,2482,0.20821,0.26787,2.6629,0.38264,89.984,28.003,226.56,122
2020-02-08 14:15:02,2483,0.2106,0.27054,2.1548,-0.27322,89.887,27.995,228.72,122.67
2020-02-08 14:15:03,2484,0.20909,0.2681,2.4306,0.054711,89.453,28.002,215.87,123
2020-02-08 14:15:04,2485,0.21034,0.27056,2.3938,0.054711,90.141,28,241.74,123
2020-02-08 14:15:05,2486,0.21048,0.27129,2.6239,0.054711,89.455,28,228.7,122.67
2020-02-08 14:15:06,2487,0.21072,0.2667,2.5086,0.38264,90.026,27.995,236.76,123
2020-02-08 14:15:07,2488,0.21081,0.27113,2.6332,0.71057,90.103,27.991,230.04,122.33
2020-02-08 14:15:08,2489,0.21034,0.2687,2.6604,0.054711,90.043,27.999,228.9,122.67
2020-02-08 14:15:09,2490,0.21139,0.26993,3.0364,0.054711,90.144,27.999,239.66,123.67
2020-02-08 14:15:10,2491,0.21064,0.26894,2.6526,0.054711,90.004,28.007,229.68,123.33
2020-02-08 14:15:11,2492,0.21057,0.27021,1.8885,0.054711,90.002,27.996,228.01,123
2020-02-08 14:15:12,2493,0.2113,0.26972,2.7575,-0.27322,90.034,28.005,230.81,123
2020-02-08 14:15:13,2494,0.20944,0.26976,1.9201,0.054711,90.001,28.001,209.16,123
2020-02-08 14:15:14,2495,0.21233,0.27014,2.388,-0.27322,89.872,27.998,220.64,123
2020-02-08 14:15:16,2496,0.20859,0.26899,2.0906,0.38264,90.148,27.999,229.1,123
2020-02-08 14:15:17,2497,0.21244,0.27003,2.2982,0.054711,90.111,27.993,225.11,123
2020-02-08 14:15:18,2498,0.20839,0.26878,2.6207,0.38264,90.044,27.993,228.28,122.33
2020-02-08 14:15:19,2499,0.20997,0.26835,2.2879,0.054711,90.036,27.995,229.48,122.67
2020-02-08 14:15:20,2500,0.20954,0.26986,2.3872,0.054711,90.105,27.995,222.83,122.33
2020-02-08 14:15:21,2501,0.21046,0.26815,2.6916,-0.60114,90.25,27.991,240.34,122.67
2020-02-08 14:15:22,2502,0.20964,0.27002,2.6837,0.054711,90.226,27.991,211.34,122.33
2020-02-08 14:15:23,2503,0.21099,0.26652,1.5469,-0.27322,90.282,27.982,223.34,122
2020-02-08 14:15:24,2504,0.21048,0.27081,2.6676,0.054711,90.099,27.988,225.19,122
2020-02-08 14:15:25,2505,0.21098,0.26838,2.884,-0.27322,90.176,27.996,228.35,122.67
2020-02-08 14:15:26,2506,0.2108,0.2692,2.6334,0.054711,90.087,27.988,229.93,122.33
2020-02-08 14:15:27,2507,0.21079,0.26937,2.3725,0.38264,89.91,28,247.56,122
2020-02-08 14:15:28,2508,0.21079,0.26883,2.6599,0.054711,89.978,27.995,221.87,122.67
2020-02-08 14:15:30,2509,0.21045,0.26909,2.6417,0.054711,90.198,27.995,224.89,123
2020-02-08 14:15:31,2510,0.21095,0.2706,2.6735,0.054711,90.179,27.993,223.06,122.33
2020-02-08 14:15:32,2511,0.21098,0.26894,2.7525,0.38264,90.237,27.997,228.25,122.67
2020-02-08 14:15:33,2512,0.21136,0.26884,1.8288,0.38264,89.797,27.994,228.11,122.33
2020-02-08 14:15:34,2513,0.20934,0.26973,2.9277,0.38264,89.755,27.985,220.42,122.67
2020-02-08 14:15:35,2514,0.21147,0.26941,2.8897,0.38264,90.336,27.999,249.25,123
2020-02-08 14:15:36,2515,0.2098,0.26741,2.7098,0.38264,90.22,27.999,228.32,123.67
2020-02-08 14:15:37,2516,0.21023,0.26928,2.5906,-0.27322,89.56,27.993,212.96,123.33
2020-02-08 14:15:38,2517,0.21093,0.26858,1.9329,0.054711,89.341,27.993,215.5,123
2020-02-08 14:15:39,2518,0.21042,0.26856,1.9388,0.054711,90.029,27.993,237.56,123
2020-02-08 14:15:40,2519,0.21132,0.26914,2.621,1.0385,89.949,27.995,230.23,123.67
2020-02-08 14:15:41,2520,0.21163,0.26693,2.6974,0.38264,90.115,28.001,232.17,123.33
2020-02-08 14:15:43,2521,0.2118,0.27051,2.0243,-0.27322,89.489,28.01,213.66,123.67
2020-02-08 14:15:44,2522,0.21153,0.26919,2.7,0.054711,89.632,28.007,227.1,123.33
2020-02-08 14:15:45,2523,0.21238,0.2695,2.6597,0.38264,89.788,28.006,229.93,123.67
2020-02-08 14:15:46,2524,0.20985,0.27087,2.5234,0.054711,89.461,28.016,233.21,124
2020-02-08 14:15:47,2525,0.20862,0.26915,2.9486,0.38264,89.55,28.018,243.97,123.33
2020-02-08 14:15:48,2526,0.21142,0.26953,1.7063,0.38264,89.709,28.018,247.76,123
2020-02-08 14:15:49,2527,0.20968,0.26886,1.845,0.054711,89.46,28.011,231.04,123
2020-02-08 14:15:50,2528,0.21,0.26862,2.907,0.054711,89.509,28.027,240.31,123
2020-02-08 14:15:51,2529,0.21114,0.26887,2.008,0.054711,89.601,28.018,230.72,123
2020-02-08 14:15:52,2530,0.2087,0.26795,1.7978,-0.27322,89.614,28.014,226.29,123
2020-02-08 14:15:53,2531,0.21134,0.26907,1.5957,0.054711,89.514,28.018,225.57,122.33
2020-02-08 14:15:54,2532,0.2101,0.26776,1.9982,0.054711,89.567,28.022,227.78,122.67
2020-02-08 14:15:55,2533,0.21126,0.26919,1.0495,0.38264,89.54,28.022,205.49,123.67
2020-02-08 14:15:57,2534,0.21171,0.26811,2.704,-0.27322,89.531,28.021,232.37,124
2020-02-08 14:15:58,2535,0.21173,0.26924,2.5605,0.71057,89.552,28.024,236.11,123.33
2020-02-08 14:15:59,2536,0.21117,0.26975,2.4432,0.054711,89.589,28.026,215.21,123
2020-02-08 14:16:00,2537,0.21161,0.27022,2.6288,0.71057,89.501,28.025,223.65,123
2020-02-08 14:16:01,2538,0.21165,0.26919,2.7851,0.71057,89.44,28.025,247.15,123
2020-02-08 14:16:02,2539,0.21028,0.26964,2.4888,0.054711,89.574,28.038,231.39,123
2020-02-08 14:16:03,2540,0.21046,0.26849,2.5463,0.38264,89.661,28.034,229.11,123
2020-02-08 14:16:04,2541,0.21065,0.26906,2.8007,-0.27322,89.411,28.032,207.58,123.67
2020-02-08 14:16:05,2542,0.20907,0.26776,2.8642,0.38264,89.528,28.033,231.73,124
2020-02-08 14:16:06,2543,0.21177,0.26947,2.8882,0.38264,89.537,28.04,232.83,124.67
2020-02-08 14:16:07,2544,0.21026,0.26841,1.104,0.054711,89.324,28.037,209.51,123.67
2020-02-08 14:16:08,2545,0.21167,0.26942,2.7481,0.054711,89.376,28.034,226.85,123
2020-02-08 14:16:09,2546,0.21082,0.26618,2.2624,0.054711,89.422,28.034,241.56,123.67
2020-02-08 14:16:11,2547,0.21198,0.27028,2.8874,0.054711,89.419,28.034,203.23,123.33
2020-02-08 14:16:12,2548,0.21053,0.26887,2.0985,0.71057,89.45,28.039,231.4,124.34
2020-02-08 14:16:13,2549,0.21175,0.26971,2.8234,0.71057,89.764,28.036,215.2,124.33
2020-02-08 14:16:14,2550,0.2115,0.26957,2.7967,0.054711,89.482,28.035,227.57,124
2020-02-08 14:16:15,2551,0.21032,0.27026,2.747,0.054711,89.649,28.044,212.1,124
2020-02-08 14:16:16,2552,0.21004,0.26836,2.9236,0.054711,89.886,28.046,239.04,124
2020-02-08 14:16:17,2553,0.21159,0.27028,1.6568,0.054711,89.784,28.036,208.44,124
2020-02-08 14:16:18,2554,0.20858,0.26773,2.4913,-0.60114,89.475,28.037,249.07,124
2020-02-08 14:16:19,2555,0.21196,0.27011,2.4698,0.054711,89.767,28.034,216.41,124
2020-02-08 14:16:20,2556,0.20912,0.2671,2.3674,0.054711,89.769,28.044,225.13,124
2020-02-08 14:16:21,2557,0.2113,0.26915,2.019,0.054711,89.508,28.044,229.86,124
2020-02-08 14:16:22,2558,0.21056,0.26729,2.0731,0.38264,89.38,28.038,226.09,124.67
2020-02-08 14:16:24,2559,0.21132,0.26942,2.0507,-0.27322,90.101,28.035,230.29,124.33
2020-02-08 14:16:25,2560,0.21125,0.26921,1.3783,0.38264,89.967,28.03,212.97,124
2020-02-08 14:16:26,2561,0.21166,0.26831,2.6759,0.054711,90.071,28.03,230.53,124
2020-02-08 14:16:27,2562,0.21049,0.26992,2.4644,0.054711,89.966,28.032,222.22,124
2020-02-08 14:16:28,2563,0.21152,0.27012,2.527,0.054711,90.003,28.03,237.5,124
2020-02-08 14:16:29,2564,0.21095,0.2693,1.2283,0.71057,89.855,28.009,203.33,124.33
2020-02-08 14:16:30,2565,0.21157,0.26963,2.0197,0.71057,89.915,28.009,210.66,124
2020-02-08 14:16:31,2566,0.20863,0.26765,2.5849,0.38264,89.916,28.027,227.4,124.67
2020-02-08 14:16:32,2567,0.21208,0.26968,3.0406,0.38264,90.189,28.038,248.04,123.67
2020-02-08 14:16:33,2568,0.20889,0.26782,2.5009,0.054711,90.019,28.041,220.26,123.67
2020-02-08 14:16:34,2569,0.21111,0.26959,2.4291,0.38264,90.002,28.037,232.67,124
2020-02-08 14:16:35,2570,0.20872,0.2663,2.7109,-0.27322,89.683,28.037,229.59,124
2020-02-08 14:16:36,2571,0.21024,0.26904,3.0409,0.38264,90.022,28.03,251.86,124.67
2020-02-08 14:16:37,2572,0.20909,0.2668,2.5316,0.38264,90.115,28.03,226.73,124.33
2020-02-08 14:16:38,2573,0.21018,0.27037,2.8813,0.054711,90.156,28.029,236.77,124
2020-02-08 14:16:39,2574,0.20939,0.26664,1.0959,0.38264,90.073,28.037,214.09,124
2020-02-08 14:16:40,2575,0.21009,0.2698,2.7756,0.054711,90.019,28.04,214.5,124
2020-02-08 14:16:41,2576,0.20949,0.26657,3.0825,0.054711,90.164,28.038,247.33,124
2020-02-08 14:16:43,2577,0.21057,0.26931,2.8829,0.054711,90.169,28.041,206.22,124
2020-02-08 14:16:44,2578,0.21013,0.26943,2.7703,0.054711,90.053,28.038,229.48,124
2020-02-08 14:16:45,2579,0.2108,0.26814,2.848,0.38264,90.262,28.05,242.11,124
2020-02-08 14:16:46,2580,0.21066,0.26827,2.6034,0.38264,90.169,28.05,224.92,124.33
2020-02-08 14:16:47,2581,0.2102,0.27005,2.782,0.054711,90.103,28.045,207.38,124
2020-02-08 14:16:48,2582,0.21081,0.26862,2.7315,0.38264,90.008,28.047,212.02,124.67
2020-02-08 14:16:49,2583,0.21066,0.26975,2.7693,0.38264,90.195,28.047,228.14,124.33
2020-02-08 14:16:50,2584,0.20988,0.26845,2.5398,-0.27322,90.247,28.049,208.6,124
2020-02-08 14:16:51,2585,0.21155,0.26954,1.7494,0.054711,90.056,28.047,206.28,124.67
2020-02-08 14:16:52,2586,0.20887,0.26768,2.8661,0.38264,90.475,28.057,227.81,124.33
2020-02-08 14:16:53,2587,0.21193,0.26978,2.6836,0.054711,90.165,28.06,226.69,124.67
2020-02-08 14:16:54,2588,0.20903,0.2677,2.8494,0.38264,90.226,28.059,236.5,124.33
2020-02-08 14:16:56,2589,0.21165,0.26988,2.6642,0.71057,90.051,28.058,226.23,124
2020-02-08 14:16:57,2590,0.20963,0.26696,1.9566,0.054711,89.66,28.058,213.96,124.67
2020-02-08 14:16:58,2591,0.21147,0.26987,1.7477,0.054711,89.71,28.058,205.88,124.33
2020-02-08 14:16:59,2592,0.21136,0.2698,2.5699,0.38264,89.536,28.069,226.61,125
2020-02-08 14:17:00,2593,0.21017,0.26815,2.8173,0.38264,90.18,28.077,229.69,125
2020-02-08 14:17:01,2594,0.21134,0.26887,2.5791,0.38264,89.6,28.077,245.56,125
2020-02-08 14:17:02,2595,0.21037,0.26881,1.2071,0.054711,89.398,28.075,213.68,124.33
2020-02-08 14:17:03,2596,0.21121,0.26912,2.7898,0.71057,90.081,28.066,213.36,124.67
2020-02-08 14:17:04,2597,0.21166,0.26987,1.7839,0.38264,89.413,28.063,225.16,125
2020-02-08 14:17:05,2598,0.21011,0.26882,1.1285,-0.27322,89.971,28.068,208.6,125
2020-02-08 14:17:06,2599,0.21294,0.26954,2.8205,0.054711,89.529,28.068,203,125
2020-02-08 14:17:07,2600,0.20783,0.26785,2.6409,0.054711,89.48,28.068,234.94,125
2020-02-08 14:17:08,2601,0.21177,0.26885,3.0715,0.054711,89.434,28.079,251.87,124.33
2020-02-08 14:17:10,2602,0.20703,0.26809,2.7064,0.38264,89.854,28.077,223.12,124.67
2020-02-08 14:17:11,2603,0.21128,0.26823,0.93968,0.054711,89.536,28.067,205.65,124.33
2020-02-08 14:17:12,2604,0.20874,0.2671,2.8199,0.38264,89.531,28.075,235.63,123.33
2020-02-08 14:17:13,2605,0.21041,0.2671,2.7819,0.38264,89.709,28.075,251.29,124.33
2020-02-08 14:17:14,2606,0.21045,0.2695,2.6673,0.38264,89.767,28.068,236.16,124
2020-02-08 14:17:15,2607,0.21126,0.26599,2.4456,0.054711,89.588,28.075,225,124
2020-02-08 14:17:16,2608,0.21102,0.27084,2.2779,0.054711,89.328,28.063,232.89,124.67
2020-02-08 14:17:17,2609,0.21098,0.26755,2.1108,-0.60114,89.557,28.061,226.38,124.33
2020-02-08 14:17:18,2610,0.21191,0.26954,2.0239,0.054711,89.546,28.063,223.74,124.67
2020-02-08 14:17:19,2611,0.21108,0.26825,1.995,0.38264,89.435,28.067,219.51,124.33
2020-02-08 14:17:20,2612,0.21156,0.27054,2.6657,-0.27322,89.53,28.053,243.3,124.67
2020-02-08 14:17:21,2613,0.21182,0.2683,1.9237,0.054711,89.563,28.054,230.59,124.33
2020-02-08 14:17:22,2614,0.21022,0.27021,1.9804,0.054711,89.499,28.054,227.86,124.67
2020-02-08 14:17:24,2615,0.21278,0.26869,1.9314,0.38264,89.511,28.055,230.72,125
2020-02-08 14:17:25,2616,0.20914,0.26915,1.7903,0.054711,89.616,28.048,229.87,125
2020-02-08 14:17:26,2617,0.21238,0.26838,2.1043,0.054711,89.639,28.052,247.88,125
2020-02-08 14:17:27,2618,0.21093,0.26866,1.5847,0.38264,89.447,28.052,209.74,125
2020-02-08 14:17:28,2619,0.21099,0.26649,1.2249,0.38264,89.444,28.056,210.44,124.33
2020-02-08 14:17:29,2620,0.21126,0.27,2.1104,0.38264,89.66,28.051,227.45,124.67
2020-02-08 14:17:30,2621,0.21142,0.26756,2.7751,0.054711,89.338,28.05,231.28,125
2020-02-08 14:17:31,2622,0.21131,0.26836,2.8074,0.054711,89.62,28.046,243.1,125
2020-02-08 14:17:32,2623,0.2111,0.26962,2.6763,0.054711,89.398,28.046,234.68,125
2020-02-08 14:17:33,2624,0.21066,0.26862,2.1782,0.054711,89.411,28.054,228.68,125
2020-02-08 14:17:34,2625,0.21184,0.26962,1.9769,-0.27322,89.848,28.046,218.33,125
2020-02-08 14:17:35,2626,0.21069,0.26903,2.542,0.054711,89.433,28.044,214.53,125
2020-02-08 14:17:36,2627,0.21181,0.26846,2.5071,0.054711,89.423,28.049,227.24,124.33
2020-02-08 14:17:38,2628,0.21032,0.26981,2.7017,-0.27322,89.833,28.056,227.72,124.67
2020-02-08 14:17:39,2629,0.21212,0.26826,2.7987,0.054711,89.752,28.047,222.36,125
2020-02-08 14:17:40,2630,0.20996,0.26905,2.5889,0.054711,89.812,28.067,242.03,125
2020-02-08 14:17:41,2631,0.21118,0.26846,2.7468,0.054711,89.949,28.063,224.43,125
2020-02-08 14:17:42,2632,0.21032,0.26916,1.0873,0.054711,89.485,28.063,208.53,124.33
2020-02-08 14:17:43,2633,0.21154,0.26727,2.3025,0.054711,89.932,28.069,226.92,124.67
2020-02-08 14:17:44,2634,0.21142,0.2693,2.41,0.38264,89.936,28.07,240.79,125
2020-02-08 14:17:45,2635,0.21142,0.26846,2.9955,0.054711,89.906,28.066,236.47,125.67
2020-02-08 14:17:46,2636,0.2122,0.26781,2.6166,0.71057,89.984,28.056,231.54,124.67
2020-02-08 14:17:47,2637,0.21176,0.26968,2.729,0.054711,89.725,28.072,227.51,124.67
2020-02-08 14:17:48,2638,0.2122,0.26952,2.8302,0.38264,90.001,28.065,232.94,125
2020-02-08 14:17:49,2639,0.21205,0.26892,2.667,0.054711,89.901,28.068,231.63,125
2020-02-08 14:17:50,2640,0.21057,0.27038,2.5639,0.054711,90.013,28.069,209.97,125.67
2020-02-08 14:17:52,2641,0.21254,0.26878,1.8874,0.38264,90.005,28.069,230.68,125.33
2020-02-08 14:17:53,2642,0.20944,0.26879,2.6259,-0.27322,89.948,28.068,248.89,125
2020-02-08 14:17:54,2643,0.21202,0.26924,2.798,-0.27322,89.896,28.074,228.55,125.67
2020-02-08 14:17:55,2644,0.21091,0.2675,3.032,0.38264,89.917,28.07,242.13,125.33
2020-02-08 14:17:56,2645,0.21163,0.26881,2.2264,0.38264,89.921,28.072,230,125
2020-02-08 14:17:57,2646,0.20938,0.26756,2.0866,0.054711,90.034,28.074,225.54,125
2020-02-08 14:17:58,2647,0.21007,0.26874,2.785,0.054711,89.809,28.073,232.44,125
2020-02-08 14:17:59,2648,0.20873,0.26677,2.5226,0.054711,89.912,28.064,231.94,125
2020-02-08 14:18:00,2649,0.21009,0.26841,2.6373,0.054711,90.007,28.074,233.72,125
2020-02-08 14:18:01,2650,0.20925,0.26745,2.7278,0.38264,89.938,28.079,231.94,125
2020-02-08 14:18:02,2651,0.21039,0.26791,1.9232,0.38264,89.968,28.079,226.47,125
2020-02-08 14:18:03,2652,0.21,0.26792,1.1924,0.054711,89.879,28.071,210.32,125
2020-02-08 14:18:04,2653,0.21076,0.26876,1.4325,0.38264,90.002,28.073,222.14,124.33
2020-02-08 14:18:06,2654,0.21097,0.26693,2.0641,0.054711,90.305,28.076,234.54,124.67
2020-02-08 14:18:07,2655,0.21126,0.2688,2.1398,0.054711,90.156,28.078,236.52,125
2020-02-08 14:18:08,2656,0.21132,0.2687,2.03,0.054711,90.222,28.068,222.48,125
2020-02-08 14:18:09,2657,0.21166,0.26994,1.0622,-0.27322,90.155,28.081,215.16,124.67
2020-02-08 14:18:10,2658,0.21175,0.26875,2.0876,0.38264,90.089,28.074,216.77,124.67
2020-02-08 14:18:11,2659,0.21093,0.27038,2.5283,0.054711,89.904,28.061,202.5,125.67
2020-02-08 14:18:12,2660,0.21122,0.26816,2.5345,0.054711,90.027,28.069,227.99,124.67
2020-02-08 14:18:13,2661,0.21072,0.26961,2.6399,0.054711,90.134,28.069,223.65,125.34
2020-02-08 14:18:14,2662,0.21015,0.26785,2.5522,0.054711,90.019,28.074,229.15,125.33
2020-02-08 14:18:15,2663,0.21132,0.26896,2.9015,0.054711,90.136,28.075,250.25,125.67
2020-02-08 14:18:16,2664,0.21032,0.26816,2.7703,0.054711,90.25,28.069,233.29,125.33
2020-02-08 14:18:17,2665,0.21177,0.2684,2.6981,-0.27322,90.092,28.07,231.4,125.67
2020-02-08 14:18:18,2666,0.21069,0.26631,2.5904,0.38264,90.155,28.071,232.82,124.67
2020-02-08 14:18:20,2667,0.21191,0.26985,2.8537,0.054711,90.271,28.067,233.57,124.67
2020-02-08 14:18:21,2668,0.21046,0.26623,2.7401,0.38264,89.788,28.058,229.12,125
2020-02-08 14:18:22,2669,0.21168,0.26941,2.787,0.38264,89.389,28.068,217.17,125.67
2020-02-08 14:18:23,2670,0.21016,0.26785,2.9815,0.38264,89.824,28.068,225.49,125.33
2020-02-08 14:18:24,2671,0.2104,0.26925,2.7043,0.054711,90.257,28.067,228.77,125
2020-02-08 14:18:25,2672,0.2114,0.26841,2.5223,-0.92907,89.581,28.059,225.78,125.67
2020-02-08 14:18:26,2673,0.21031,0.26949,2.8178,0.054711,89.492,28.072,209.04,125.33
2020-02-08 14:18:27,2674,0.21141,0.26899,2.6998,0.054711,89.847,28.077,226.84,125.67
2020-02-08 14:18:28,2675,0.21145,0.26937,2.9224,0.38264,89.825,28.07,242.48,124.67
2020-02-08 14:18:29,2676,0.20962,0.2686,2.7624,0.71057,89.499,28.078,227.7,125.34
2020-02-08 14:18:30,2677,0.21247,0.26843,2.525,0.38264,89.453,28.081,226.77,125.33
2020-02-08 14:18:31,2678,0.20838,0.2673,2.7878,0.38264,89.368,28.081,221.19,125
2020-02-08 14:18:32,2679,0.21236,0.26927,1.009,0.054711,89.614,28.071,215.47,125
2020-02-08 14:18:33,2680,0.20951,0.26681,2.6571,-0.27322,89.404,28.067,237.95,125.67
2020-02-08 14:18:34,2681,0.21197,0.26904,2.736,-0.60114,89.569,28.084,238.27,125.33
2020-02-08 14:18:35,2682,0.21071,0.26586,2.6282,-0.27322,89.4,28.082,243.88,125.67
2020-02-08 14:18:36,2683,0.2112,0.26938,2.8596,0.38264,89.461,28.084,241.27,125.33
2020-02-08 14:18:37,2684,0.21016,0.26688,2.3589,0.38264,89.352,28.083,228.8,125.67
2020-02-08 14:18:39,2685,0.2117,0.26832,2.2897,0.38264,89.559,28.083,223.22,125.33
2020-02-08 14:18:40,2686,0.21031,0.26825,2.3019,0.054711,89.537,28.083,227.5,125.67
2020-02-08 14:18:41,2687,0.21168,0.26847,3.0888,0.054711,89.486,28.092,249.58,125.33
2020-02-08 14:18:42,2688,0.21003,0.26829,2.8181,0.71057,89.397,28.095,204.37,125
2020-02-08 14:18:43,2689,0.21055,0.26987,2.3136,0.054711,89.547,28.082,228.9,125.33
2020-02-08 14:18:44,2690,0.21096,0.2674,2.823,0.054711,89.448,28.103,240.54,125.67
2020-02-08 14:18:45,2691,0.21186,0.26969,1.0236,-0.60114,89.518,28.093,203.24,125.33
2020-02-08 14:18:46,2692,0.20995,0.26678,2.5507,0.054711,89.58,28.087,222.86,125
2020-02-08 14:18:47,2693,0.2125,0.26979,2.2632,0.054711,89.532,28.083,229.19,125
2020-02-08 14:18:48,2694,0.20836,0.26641,2.2185,0.054711,89.385,28.083,225.85,125.67
2020-02-08 14:18:49,2695,0.21229,0.26895,2.6605,0.054711,89.503,28.088,229.77,126
2020-02-08 14:18:50,2696,0.2094,0.26634,2.8896,0.38264,89.442,28.096,233.18,126
2020-02-08 14:18:51,2697,0.21183,0.26945,2.9111,0.054711,89.481,28.095,237.58,125.33
2020-02-08 14:18:53,2698,0.21108,0.2668,2.8855,0.054711,89.308,28.094,237.22,125
2020-02-08 14:18:54,2699,0.21206,0.26987,2.7337,-0.27322,89.409,28.108,230.03,125.67
2020-02-08 14:18:55,2700,0.21171,0.26654,3.0206,0.38264,89.328,28.1,243.57,125.33
2020-02-08 14:18:56,2701,0.21252,0.26852,2.7583,0.38264,89.583,28.11,231.37,125
2020-02-08 14:18:57,2702,0.21166,0.26939,2.6888,-0.27322,89.213,28.104,240.29,125
2020-02-08 14:18:58,2703,0.21189,0.26828,3.0416,0.38264,89.629,28.095,246.78,125.67
2020-02-08 14:18:59,2704,0.21094,0.26795,2.6405,0.054711,89.878,28.114,248.28,126
2020-02-08 14:19:00,2705,0.21281,0.27027,2.649,0.054711,89.827,28.107,234,125.33
2020-02-08 14:19:01,2706,0.20938,0.26679,2.9987,0.38264,89.833,28.107,251.87,125.67
2020-02-08 14:19:02,2707,0.21223,0.26909,2.6611,-0.27322,89.309,28.109,231.47,125.33
2020-02-08 14:19:03,2708,0.20958,0.26637,2.6156,0.054711,89.326,28.108,215.4,125.67
2020-02-08 14:19:04,2709,0.21147,0.26895,2.738,0.054711,89.247,28.108,228.52,126
2020-02-08 14:19:05,2710,0.21041,0.26644,2.7089,0.054711,89.667,28.116,234.31,125.33
2020-02-08 14:19:06,2711,0.21096,0.26919,1.5146,-0.27322,89.807,28.116,216.24,125
2020-02-08 14:19:07,2712,0.21091,0.26564,2.6157,0.38264,89.905,28.102,222.97,125.67
2020-02-08 14:19:08,2713,0.21136,0.26881,2.4787,0.38264,89.821,28.111,233.35,125.33
2020-02-08 14:19:09,2714,0.21115,0.26809,2.7556,0.38264,89.932,28.111,207.97,125
2020-02-08 14:19:10,2715,0.21146,0.26762,1.7448,0.054711,89.953,28.105,217.67,125.67
2020-02-08 14:19:12,2716,0.21084,0.26885,2.5334,0.054711,89.926,28.095,228.88,125.33
2020-02-08 14:19:13,2717,0.21049,0.26693,2.6148,0.054711,89.819,28.104,240.17,125.67
2020-02-08 14:19:14,2718,0.20981,0.26775,2.1625,-0.27322,89.854,28.105,219.96,124.67
2020-02-08 14:19:15,2719,0.2103,0.26827,2.3043,0.054711,89.986,28.108,231.01,124.67
2020-02-08 14:19:16,2720,0.21109,0.26844,2.7934,0.38264,89.778,28.113,234.46,124.67
2020-02-08 14:19:17,2721,0.21143,0.26821,2.5009,-0.60114,89.867,28.104,230.83,125.67
2020-02-08 14:19:18,2722,0.2102,0.26849,2.5261,0.054711,89.875,28.105,227.32,125.33
2020-02-08 14:19:19,2723,0.21253,0.26807,2.303,0.054711,89.979,28.101,218.83,125.67
2020-02-08 14:19:20,2724,0.20872,0.26715,2.2557,0.054711,89.998,28.101,222.28,125.33
2020-02-08 14:19:21,2725,0.21243,0.26778,2.8524,0.71057,90.006,28.108,250.2,125
2020-02-08 14:19:22,2726,0.20986,0.26627,2.3684,0.054711,89.835,28.107,220.67,125.67
2020-02-08 14:19:23,2727,0.21125,0.26893,2.3533,0.054711,89.835,28.103,229.4,125.33
2020-02-08 14:19:24,2728,0.2113,0.26589,2.6795,0.054711,89.734,28.099,231.01,125
2020-02-08 14:19:26,2729,0.21083,0.26943,2.3851,0.38264,89.984,28.105,229.74,125.67
2020-02-08 14:19:27,2730,0.212,0.26553,2.8378,0.38264,90.078,28.106,223.63,125.33
2020-02-08 14:19:28,2731,0.21211,0.26906,2.7202,0.054711,90.123,28.115,234.83,125.67
2020-02-08 14:19:29,2732,0.21222,0.26958,2.6757,0.38264,89.978,28.112,208.98,125.33
2020-02-08 14:19:30,2733,0.21199,0.26816,3.0554,0.38264,90.042,28.112,249.97,125.67
2020-02-08 14:19:31,2734,0.21139,0.26917,2.6011,-0.27322,90.174,28.112,233.64,126
2020-02-08 14:19:32,2735,0.21263,0.26804,2.7651,0.38264,89.705,28.113,231.08,125.33
2020-02-08 14:19:33,2736,0.20956,0.26857,2.4792,0.054711,90.023,28.113,234.94,125.67
2020-02-08 14:19:34,2737,0.21241,0.26816,2.843,0.054711,90.011,28.114,227.96,125.33
2020-02-08 14:19:35,2738,0.20987,0.26753,2.6263,0.054711,89.977,28.115,227.89,125
2020-02-08 14:19:36,2739,0.21147,0.26767,2.5866,0.054711,90.263,28.118,228.64,125.67
2020-02-08 14:19:37,2740,0.21092,0.26714,3.101,0.054711,89.792,28.109,243.86,125.33
2020-02-08 14:19:39,2741,0.21078,0.26759,2.5794,0.38264,89.741,28.118,231.92,126.34
2020-02-08 14:19:40,2742,0.21138,0.266,3.0406,0.054711,89.38,28.115,244.29,125.67
2020-02-08 14:19:41,2743,0.2115,0.26878,2.4052,0.38264,89.41,28.117,231.47,125
2020-02-08 14:19:42,2744,0.21181,0.26822,2.7676,0.38264,90.114,28.117,215.16,126
2020-02-08 14:19:43,2745,0.2107,0.26765,2.6797,0.054711,89.763,28.111,227.98,125.33
2020-02-08 14:19:44,2746,0.21034,0.26796,2.6795,0.38264,89.674,28.12,225.02,125.67
2020-02-08 14:19:45,2747,0.21063,0.26686,3.0914,0.054711,89.407,28.123,251.63,125.33
2020-02-08 14:19:46,2748,0.21057,0.26817,3.0952,0.38264,89.686,28.123,250.28,125.67
2020-02-08 14:19:47,2749,0.21087,0.26792,2.6136,0.38264,90.013,28.12,209.44,125.33
2020-02-08 14:19:48,2750,0.21148,0.2692,2.9295,0.38264,89.958,28.113,216.52,125.67
2020-02-08 14:19:49,2751,0.21161,0.26731,3.0825,0.38264,89.544,28.125,250.97,126
2020-02-08 14:19:50,2752,0.21096,0.26982,2.7553,0.38264,89.52,28.125,238.48,125.33
2020-02-08 14:19:51,2753,0.21205,0.26748,0.96276,0.38264,89.427,28.132,207.48,125.67
2020-02-08 14:19:52,2754,0.21024,0.26894,2.7222,0.054711,89.438,28.117,208.9,125.33
2020-02-08 14:19:53,2755,0.21189,0.26809,2.1106,-0.27322,89.563,28.116,222.59,125.67
2020-02-08 14:19:54,2756,0.21065,0.26629,2.6412,0.38264,89.436,28.121,228.62,126
2020-02-08 14:19:55,2757,0.21111,0.26843,2.5929,0.054711,89.505,28.124,225.27,125.33
2020-02-08 14:19:57,2758,0.21162,0.26717,1.5192,0.054711,89.586,28.133,217.66,125.67
2020-02-08 14:19:58,2759,0.21158,0.26763,2.358,0.054711,89.412,28.115,227.43,126
2020-02-08 14:19:59,2760,0.2118,0.26915,2.4878,0.054711,89.227,28.115,226.21,126
2020-02-08 14:20:00,2761,0.21223,0.26823,2.3988,-0.27322,89.601,28.115,208.9,125.33
2020-02-08 14:20:01,2762,0.21183,0.2689,0.9294,0.38264,89.519,28.116,206.15,125.67
2020-02-08 14:20:02,2763,0.21149,0.26742,2.2936,0.054711,89.353,28.117,229.64,126.67
2020-02-08 14:20:03,2764,0.20979,0.26857,2.6062,0.054711,89.381,28.11,244.57,126.33
2020-02-08 14:20:04,2765,0.21078,0.26667,2.4254,-0.27322,89.275,28.106,204.38,125.33
2020-02-08 14:20:05,2766,0.2099,0.2693,2.7992,0.38264,89.427,28.119,244.04,125
2020-02-08 14:20:06,2767,0.2096,0.26485,2.6927,0.054711,89.293,28.106,230.98,125.67
2020-02-08 14:20:07,2768,0.20486,0.26451,2.5478,0.054711,89.408,28.111,234.01,125.33
2020-02-08 14:20:08,2769,0.20666,0.26522,2.7096,0.054711,89.341,28.108,231.38,124.33
2020-02-08 14:20:09,2770,0.20667,0.26567,2.6939,0.054711,89.324,28.108,247.57,124.67
2020-02-08 14:20:10,2771,0.20681,0.26727,2.2429,0.054711,89.3,28.104,218.23,125
2020-02-08 14:20:12,2772,0.2075,0.26625,2.0722,0.38264,89.313,28.104,222.9,125
2020-02-08 14:20:13,2773,0.20859,0.26739,2.1222,0.054711,89.385,28.11,231.56,124.33
2020-02-08 14:20:14,2774,0.2082,0.26655,2.5619,0.054711,89.207,28.121,237.35,124.67
2020-02-08 14:20:15,2775,0.20847,0.26551,2.2508,0.38264,89.666,28.108,226.85,125
2020-02-08 14:20:16,2776,0.21044,0.26854,2.2386,-0.27322,89.629,28.105,240.58,125.67
2020-02-08 14:20:17,2777,0.20902,0.26603,2.4705,-0.27322,89.32,28.112,222.49,125.33
2020-02-08 14:20:18,2778,0.21088,0.26842,2.3733,0.38264,89.234,28.101,236.41,125
2020-02-08 14:20:19,2779,0.20946,0.26656,2.5884,0.054711,89.855,28.107,232.1,125
2020-02-08 14:20:20,2780,0.21083,0.26789,1.9894,0.054711,89.419,28.098,229.3,125.67
2020-02-08 14:20:21,2781,0.20967,0.26731,2.4215,0.054711,89.643,28.098,226.49,126
2020-02-08 14:20:22,2782,0.21101,0.26774,2.4956,0.054711,89.337,28.094,233.81,125.33
2020-02-08 14:20:23,2783,0.21058,0.26665,2.0536,0.054711,89.742,28.098,228.95,125.67
2020-02-08 14:20:24,2784,0.2107,0.26825,2.0657,0.38264,89.805,28.095,231.78,125.33
2020-02-08 14:20:26,2785,0.21053,0.26587,2.2673,0.38264,89.751,28.105,236.64,125
2020-02-08 14:20:27,2786,0.21082,0.26577,1.9597,-0.27322,89.672,28.111,207.28,125.67
2020-02-08 14:20:28,2787,0.21145,0.26793,2.6235,0.054711,89.765,28.121,228.84,125.67
2020-02-08 14:20:29,2788,0.21094,0.26753,2.3592,0.054711,89.617,28.113,220.5,126
2020-02-08 14:20:30,2789,0.21147,0.26679,1.9148,0.054711,89.853,28.111,229.17,125.33
2020-02-08 14:20:31,2790,0.21107,0.269,3.0307,0.054711,89.734,28.111,250.9,125
2020-02-08 14:20:32,2791,0.21121,0.26701,2.3662,0.38264,89.819,28.112,229.52,125.67
2020-02-08 14:20:33,2792,0.21061,0.2695,1.4068,-0.27322,89.823,28.096,205.81,125.33
2020-02-08 14:20:34,2793,0.21166,0.26776,1.6153,0.054711,89.739,28.103,220.88,125.67
2020-02-08 14:20:35,2794,0.21108,0.26915,1.4726,0.054711,89.789,28.096,220.88,125.33
2020-02-08 14:20:36,2795,0.21074,0.26683,1.5174,0.054711,89.751,28.097,209.36,126.34
2020-02-08 14:20:37,2796,0.21183,0.26892,1.8443,0.38264,90.022,28.094,228.86,125.67
2020-02-08 14:20:38,2797,0.20925,0.26635,1.6455,0.054711,89.877,28.093,211.38,125.67
2020-02-08 14:20:39,2798,0.21189,0.26861,2.8056,0.054711,89.92,28.089,232.07,126
2020-02-08 14:20:41,2799,0.20979,0.26621,2.5138,0.054711,90.025,28.079,230.73,125.33
2020-02-08 14:20:42,2800,0.21182,0.26734,2.2813,0.054711,89.844,28.079,230.41,125
2020-02-08 14:20:43,2801,0.21099,0.26596,2.6545,-0.27322,89.939,28.072,228.44,125.67
2020-02-08 14:20:44,2802,0.21138,0.2665,1.4744,0.054711,90.117,28.087,225.53,125.67
2020-02-08 14:20:45,2803,0.21243,0.26799,1.9878,0.054711,90.062,28.074,234.65,126
2020-02-08 14:20:46,2804,0.21076,0.26788,1.0962,0.054711,89.898,28.07,209.6,126
2020-02-08 14:20:47,2805,0.21186,0.26829,2.6598,0.054711,90.067,28.069,241.38,126
2020-02-08 14:20:48,2806,0.21047,0.26835,2.6841,0.054711,89.574,28.07,229.48,125.33
2020-02-08 14:20:49,2807,0.2113,0.26729,1.7779,0.054711,89.88,28.064,226.13,125.67
2020-02-08 14:20:50,2808,0.21067,0.26815,2.9769,0.38264,89.914,28.077,246.61,125.33
2020-02-08 14:20:51,2809,0.2101,0.26661,2.637,0.38264,89.858,28.077,231.04,125
2020-02-08 14:20:52,2810,0.21087,0.26808,2.9687,0.054711,89.952,28.066,239.61,125
2020-02-08 14:20:53,2811,0.20891,0.26724,2.2408,0.054711,89.901,28.073,230.29,125
2020-02-08 14:20:55,2812,0.21205,0.26728,2.2502,0.054711,89.996,28.071,228.86,125.67
2020-02-08 14:20:56,2813,0.20821,0.26673,2.7506,0.054711,90.039,28.07,237.33,125.33
2020-02-08 14:20:57,2814,0.20929,0.26635,2.637,0.054711,89.889,28.063,223.84,125.33
2020-02-08 14:20:58,2815,0.21183,0.26755,2.5113,-0.60114,89.886,28.061,233.56,125
2020-02-08 14:20:59,2816,0.20992,0.26523,2.4137,0.38264,90.098,28.054,205.21,125
2020-02-08 14:21:00,2817,0.21162,0.26875,2.4734,0.054711,89.817,28.067,216.77,125
2020-02-08 14:21:01,2818,0.21091,0.265,2.6187,0.38264,89.362,28.06,231.22,125
2020-02-08 14:21:02,2819,0.21234,0.26763,2.6955,0.38264,89.905,28.056,229.12,125.67
2020-02-08 14:21:03,2820,0.21084,0.26767,2.174,0.38264,89.39,28.063,226.41,125.33
2020-02-08 14:21:05,2821,0.21222,0.26723,3.0448,-0.27322,89.953,28.063,246.31,125
2020-02-08 14:21:06,2822,0.2112,0.26874,2.6598,0.054711,89.806,28.058,227.62,125
2020-02-08 14:21:07,2823,0.21141,0.26683,2.863,0.054711,89.351,28.058,209.29,125
2020-02-08 14:21:08,2824,0.20965,0.26682,2.7404,0.054711,89.5,28.049,242.74,125.33
2020-02-08 14:21:09,2825,0.21273,0.26847,2.8689,0.054711,89.624,28.055,248.89,125.67
2020-02-08 14:21:10,2826,0.20872,0.26569,1.6756,0.054711,89.476,28.045,224.53,125.33
2020-02-08 14:21:11,2827,0.21224,0.26819,2.9165,0.054711,89.29,28.05,225.7,125.67
2020-02-08 14:21:12,2828,0.21016,0.26609,2.7143,0.054711,89.498,28.049,219.3,125.33
2020-02-08 14:21:13,2829,0.21168,0.26758,3.0568,0.054711,89.344,28.047,221.73,125
2020-02-08 14:21:14,2830,0.2111,0.26462,1.0371,-0.27322,89.311,28.055,206.55,125.67
2020-02-08 14:21:15,2831,0.21188,0.26834,2.6547,0.054711,89.386,28.053,229.24,125.33
2020-02-08 14:21:16,2832,0.21078,0.26636,1.1188,0.054711,89.415,28.053,212.23,126.34
2020-02-08 14:21:18,2833,0.21199,0.26772,1.2022,0.054711,89.504,28.053,215.82,125.67
2020-02-08 14:21:19,2834,0.21035,0.26764,1.9667,-0.27322,89.489,28.049,224.96,125.67
2020-02-08 14:21:20,2835,0.21119,0.26715,1.6934,0.38264,89.347,28.049,222.31,126
2020-02-08 14:21:21,2836,0.21131,0.26706,1.7257,0.71057,89.359,28.054,231.71,125
2020-02-08 14:21:22,2837,0.21107,0.26769,1.8219,0.054711,89.336,28.05,231.69,125.67
2020-02-08 14:21:23,2838,0.21003,0.26708,2.0149,0.38264,89.312,28.056,233.44,125.33
2020-02-08 14:21:24,2839,0.21255,0.26736,1.8654,0.054711,89.475,28.056,233.28,125.67
2020-02-08 14:21:25,2840,0.2083,0.26641,1.2267,0.054711,89.391,28.049,218.66,126
2020-02-08 14:21:26,2841,0.21308,0.26683,1.7551,0.054711,89.4,28.053,208.03,125.33
2020-02-08 14:21:27,2842,0.20805,0.26631,2.1732,0.054711,89.394,28.053,248.79,125.67
2020-02-08 14:21:28,2843,0.2123,0.26772,2.0288,0.38264,89.375,28.054,219.29,126
2020-02-08 14:21:29,2844,0.21083,0.26618,2.8939,0.054711,89.151,28.046,236.16,126
2020-02-08 14:21:30,2845,0.21124,0.26824,2.6805,0.054711,89.326,28.045,233.89,126
2020-02-08 14:21:32,2846,0.21201,0.2644,3.0371,-0.27322,89.456,28.053,245.04,126
2020-02-08 14:21:33,2847,0.21179,0.26836,2.9306,0.38264,89.283,28.051,241.09,126
2020-02-08 14:21:34,2848,0.21129,0.26698,1.7593,0.054711,89.287,28.049,221.48,125.33
2020-02-08 14:21:35,2849,0.2117,0.26761,1.2477,0.38264,89.243,28.057,234.93,126.34
2020-02-08 14:21:36,2850,0.21066,0.26788,2.9957,0.054711,89.348,28.05,240.86,125.67
2020-02-08 14:21:37,2851,0.21159,0.267,2.2532,0.054711,89.227,28.058,232.18,125.67
2020-02-08 14:21:38,2852,0.20926,0.26715,2.2573,0.054711,89.219,28.06,234.85,126
2020-02-08 14:21:39,2853,0.21246,0.26747,2.429,0.054711,89.362,28.047,212.37,124.67
2020-02-08 14:21:40,2854,0.20871,0.26595,2.686,0.054711,89.29,28.047,234.26,124.67
2020-02-08 14:21:41,2855,0.21284,0.26709,2.6079,-0.27322,89.237,28.04,229.06,126.34
2020-02-08 14:21:42,2856,0.20936,0.2661,2.693,0.054711,89.133,28.057,237.1,125.67
2020-02-08 14:21:43,2857,0.21243,0.26771,2.2323,0.054711,89.121,28.056,230.19,125.67
2020-02-08 14:21:45,2858,0.21058,0.26582,2.965,0.71057,89.457,28.06,240.57,126
2020-02-08 14:21:46,2859,0.21101,0.26813,2.2891,0.38264,89.278,28.06,233.14,126
2020-02-08 14:21:47,2860,0.21145,0.26616,2.2672,0.054711,89.349,28.059,216.2,125.33
2020-02-08 14:21:48,2861,0.21055,0.26822,2.8072,0.054711,89.253,28.054,228.62,126.34
2020-02-08 14:21:49,2862,0.21129,0.26764,2.404,-0.27322,89.327,28.066,234.83,126
2020-02-08 14:21:50,2863,0.21228,0.26706,2.1174,-0.27322,89.688,28.066,251.06,125.33
2020-02-08 14:21:51,2864,0.21151,0.26715,2.3975,0.054711,89.862,28.064,234.24,125.67
2020-02-08 14:21:52,2865,0.21233,0.267,2.343,0.054711,89.777,28.064,232.37,126
2020-02-08 14:21:53,2866,0.2116,0.26757,2.7464,0.054711,89.748,28.064,237.19,125.33
2020-02-08 14:21:54,2867,0.21264,0.26704,1.9909,0.054711,89.776,28.065,221.66,125.67
2020-02-08 14:21:55,2868,0.21113,0.26887,2.9223,0.054711,89.797,28.07,231.55,126
2020-02-08 14:21:56,2869,0.21259,0.26666,1.7441,-0.27322,89.686,28.078,230.15,126.67
2020-02-08 14:21:57,2870,0.21016,0.26749,2.7014,0.054711,89.834,28.074,212.28,126.33
2020-02-08 14:21:58,2871,0.21157,0.26595,2.6789,0.054711,89.944,28.07,228.75,125.33
2020-02-08 14:22:00,2872,0.21055,0.26554,1.7929,0.38264,89.719,28.07,226.85,125.67
2020-02-08 14:22:01,2873,0.21009,0.2665,1.5372,0.054711,89.784,28.074,228.19,125.33
2020-02-08 14:22:02,2874,0.21016,0.26528,2.9747,0.38264,89.82,28.09,239.07,125.67
2020-02-08 14:22:03,2875,0.21037,0.2657,1.2208,-0.60114,89.784,28.072,210.3,125
2020-02-08 14:22:04,2876,0.21002,0.26676,2.4954,-0.27322,89.933,28.087,228,125.67
2020-02-08 14:22:05,2877,0.21121,0.26612,2.414,0.054711,89.749,28.084,221.6,125.33
2020-02-08 14:22:06,2878,0.20985,0.26636,2.7893,0.054711,89.771,28.087,227.88,125.67
2020-02-08 14:22:07,2879,0.21167,0.266,2.8502,0.054711,89.85,28.087,233.68,126
2020-02-08 14:22:08,2880,0.21094,0.26634,2.6795,0.054711,89.737,28.079,229,126
2020-02-08 14:22:09,2881,0.21185,0.26761,2.8906,-0.27322,89.902,28.083,226.55,126
2020-02-08 14:22:10,2882,0.21205,0.26519,1.6404,0.054711,89.849,28.075,212.54,125.33
2020-02-08 14:22:11,2883,0.21259,0.26788,1.9157,0.054711,89.814,28.082,204.22,125.67
2020-02-08 14:22:13,2884,0.21208,0.26737,1.8665,0.38264,89.876,28.082,227.73,125.33
2020-02-08 14:22:14,2885,0.21251,0.26724,1.7894,0.38264,89.955,28.087,224.75,125.67
2020-02-08 14:22:15,2886,0.21072,0.2686,1.6172,0.054711,90.024,28.086,222.83,126
2020-02-08 14:22:16,2887,0.21248,0.26698,1.887,0.054711,89.839,28.083,230.4,126
2020-02-08 14:22:17,2888,0.21197,0.26652,2.79,0.054711,89.915,28.083,224.79,125.33
2020-02-08 14:22:18,2889,0.21069,0.26681,1.8172,0.054711,89.857,28.077,227.97,125.67
2020-02-08 14:22:19,2890,0.2105,0.26716,2.7992,0.38264,89.972,28.076,222.86,126
2020-02-08 14:22:20,2891,0.21184,0.26697,2.0698,0.71057,89.771,28.089,238.1,126
2020-02-08 14:22:21,2892,0.20971,0.26653,2.6825,0.054711,90.149,28.079,232.25,126.67
2020-02-08 14:22:22,2893,0.21172,0.26677,2.8954,-0.27322,90.065,28.086,236.78,125.67
2020-02-08 14:22:23,2894,0.21027,0.26637,2.1558,0.054711,90.031,28.078,238.66,125.67
2020-02-08 14:22:24,2895,0.21177,0.26682,2.7912,0.054711,89.857,28.081,237.4,126
2020-02-08 14:22:25,2896,0.2104,0.26557,2.7277,0.054711,89.874,28.073,231.42,125.33
2020-02-08 14:22:26,2897,0.21191,0.26857,1.8829,0.054711,89.661,28.081,223.54,125
2020-02-08 14:22:27,2898,0.21105,0.2649,1.9586,0.054711,89.43,28.081,231.43,125.67
2020-02-08 14:22:29,2899,0.21207,0.26865,2.9306,0.38264,89.947,28.073,236.31,125.33
2020-02-08 14:22:30,2900,0.21061,0.26648,3.0234,0.38264,90.121,28.081,249.78,126.34
2020-02-08 14:22:31,2901,0.21227,0.26757,1.7969,0.054711,90.072,28.08,216.6,126.33
2020-02-08 14:22:32,2902,0.2107,0.26779,2.7375,0.054711,89.951,28.079,229.81,125.33
2020-02-08 14:22:33,2903,0.21238,0.26812,2.7734,-0.27322,89.518,28.079,237.71,125.67
2020-02-08 14:22:34,2904,0.21051,0.26748,3.0566,0.054711,89.779,28.081,248.05,125.33
2020-02-08 14:22:35,2905,0.21188,0.26777,2.9125,0.71057,90.023,28.079,238.01,125
2020-02-08 14:22:36,2906,0.21072,0.2665,2.7636,0.71057,89.31,28.079,232.73,125.33
2020-02-08 14:22:37,2907,0.21109,0.26758,2.7149,0.054711,90.064,28.07,232.13,125
2020-02-08 14:22:38,2908,0.20979,0.26621,2.6936,-0.27322,90.097,28.075,232.34,125.67
2020-02-08 14:22:39,2909,0.21213,0.26764,2.5579,0.054711,90.04,28.076,236.35,126
2020-02-08 14:22:40,2910,0.2107,0.26663,2.4903,-0.27322,89.962,28.075,225.23,126
2020-02-08 14:22:41,2911,0.21231,0.26703,2.628,0.054711,89.662,28.084,229.48,125.33
2020-02-08 14:22:42,2912,0.21167,0.2652,1.2694,0.054711,89.445,28.084,225.77,125.67
2020-02-08 14:22:43,2913,0.21267,0.26724,2.4409,0.054711,90.07,28.075,231.85,126
2020-02-08 14:22:44,2914,0.21171,0.26628,2.0593,1.0385,89.461,28.085,250.22,125.33
2020-02-08 14:22:45,2915,0.21241,0.26723,2.3866,0.38264,89.409,28.089,219.66,125.67
2020-02-08 14:22:47,2916,0.21128,0.26821,2.6213,0.054711,89.542,28.086,230.3,126
2020-02-08 14:22:48,2917,0.21211,0.26782,1.67,0.054711,89.274,28.086,222.82,126
2020-02-08 14:22:49,2918,0.21085,0.26806,2.5398,0.054711,89.415,28.089,227.76,125.33
2020-02-08 14:22:50,2919,0.21127,0.26635,2.1058,0.054711,89.488,28.079,252.23,126
2020-02-08 14:22:51,2920,0.20961,0.26542,1.5864,0.054711,89.542,28.082,215.98,125.33
2020-02-08 14:22:52,2921,0.21212,0.26846,1.8592,0.38264,89.288,28.083,228.61,125.67
2020-02-08 14:22:53,2922,0.20959,0.26532,3.002,-0.27322,89.482,28.085,241.29,126
2020-02-08 14:22:54,2923,0.21121,0.26781,1.4338,0.054711,89.47,28.09,212.05,126.67
2020-02-08 14:22:55,2924,0.21056,0.26577,2.1549,-0.27322,89.333,28.086,252.69,126.33
2020-02-08 14:22:56,2925,0.21166,0.26774,2.4788,-0.27322,89.407,28.086,237.75,125.33
2020-02-08 14:22:57,2926,0.21135,0.26502,2.3378,0.38264,89.341,28.095,236.62,125.67
2020-02-08 14:22:58,2927,0.21213,0.26756,2.6826,-0.27322,89.566,28.108,232.41,125.33
2020-02-08 14:23:00,2928,0.21172,0.26636,3.2021,0.054711,89.385,28.1,250.03,125.67
2020-02-08 14:23:01,2929,0.2126,0.26713,2.1004,-0.60114,89.568,28.097,238.3,126
2020-02-08 14:23:02,2930,0.21145,0.26868,2.72,-0.60114,89.439,28.097,230.54,126
2020-02-08 14:23:03,2931,0.2125,0.2672,3.1734,0.38264,89.56,28.113,249.61,126
2020-02-08 14:23:04,2932,0.21115,0.26658,2.6263,0.38264,89.447,28.103,227.13,125.33
2020-02-08 14:23:05,2933,0.21244,0.2686,2.6997,0.054711,89.359,28.102,220.17,125.67
2020-02-08 14:23:06,2934,0.20939,0.26638,3.0099,0.38264,89.219,28.11,236.63,126
2020-02-08 14:23:07,2935,0.21245,0.26751,2.502,0.054711,89.237,28.11,210.09,125.33
2020-02-08 14:23:08,2936,0.21102,0.26678,2.9914,0.054711,89.343,28.1,234.37,125
2020-02-08 14:23:09,2937,0.2125,0.26738,2.9704,0.38264,89.404,28.103,249.17,125
2020-02-08 14:23:10,2938,0.21204,0.26544,2.4557,0.054711,89.773,28.112,222.05,126.34
2020-02-08 14:23:11,2939,0.21326,0.26785,2.3609,0.054711,89.213,28.111,213.27,125.67
2020-02-08 14:23:12,2940,0.21149,0.26741,2.4614,0.054711,89.268,28.111,231.61,126.34
2020-02-08 14:23:14,2941,0.21275,0.26844,2.3232,-0.27322,89.611,28.106,235.78,126.33
2020-02-08 14:23:15,2942,0.21186,0.2678,2.4642,0.38264,89.347,28.119,240.44,125.33
2020-02-08 14:23:16,2943,0.21163,0.26783,2.6068,0.054711,89.565,28.111,202.09,125
2020-02-08 14:23:17,2944,0.20957,0.26618,3.0063,0.38264,89.857,28.12,236.41,125.33
2020-02-08 14:23:18,2945,0.21244,0.26773,2.2061,-0.27322,89.835,28.105,230.19,125
2020-02-08 14:23:19,2946,0.2098,0.26591,2.1588,0.054711,89.629,28.12,220.1,125.67
2020-02-08 14:23:20,2947,0.21193,0.26757,1.0284,0.054711,89.786,28.119,204.78,125.33
2020-02-08 14:23:21,2948,0.2106,0.26523,0.99748,0.054711,89.918,28.108,238.44,125
2020-02-08 14:23:22,2949,0.21227,0.26795,2.3245,0.054711,89.824,28.107,218.82,125.67
2020-02-08 14:23:23,2950,0.21106,0.26545,2.4631,0.054711,89.831,28.107,207.33,125.33
2020-02-08 14:23:24,2951,0.21232,0.26763,2.4311,-0.27322,89.849,28.113,232.99,125
2020-02-08 14:23:25,2952,0.21116,0.26736,2.5511,0.38264,89.736,28.114,225.29,125.67
2020-02-08 14:23:26,2953,0.21242,0.26777,0.91509,0.71057,89.798,28.118,236.02,125.33
2020-02-08 14:23:28,2954,0.21148,0.2684,2.5781,0.38264,89.847,28.123,222.52,125.67
2020-02-08 14:23:29,2955,0.21149,0.26684,2.7414,0.054711,89.919,28.119,235.1,125.33
2020-02-08 14:23:30,2956,0.21242,0.26793,2.5152,0.054711,89.789,28.13,228.45,125.67
2020-02-08 14:23:31,2957,0.21245,0.26726,2.3863,0.38264,89.747,28.13,224.19,125.67
2020-02-08 14:23:32,2958,0.20948,0.26552,2.7035,0.054711,89.972,28.137,229.32,125.33
2020-02-08 14:23:33,2959,0.21181,0.26771,2.8656,0.054711,89.826,28.134,246.78,125.67
2020-02-08 14:23:34,2960,0.21116,0.26553,2.7243,0.054711,89.823,28.134,228.02,126
2020-02-08 14:23:35,2961,0.21132,0.2676,2.9318,-0.27322,90.081,28.135,251.59,125.33
2020-02-08 14:23:36,2962,0.21168,0.26506,2.6192,0.054711,90.029,28.141,217.53,125.67
2020-02-08 14:23:37,2963,0.21183,0.26812,2.5262,0.054711,90.008,28.126,227.75,126
2020-02-08 14:23:38,2964,0.21131,0.26676,2.8758,0.054711,89.865,28.13,236.5,125.33
2020-02-08 14:23:39,2965,0.21179,0.26789,2.5717,0.38264,89.895,28.134,213.04,125
2020-02-08 14:23:40,2966,0.21162,0.26724,0.90291,0.054711,89.674,28.134,227.73,125.67
2020-02-08 14:23:42,2967,0.21167,0.26834,2.4986,0.38264,89.914,28.129,226.34,126
2020-02-08 14:23:43,2968,0.21255,0.26765,2.6998,0.054711,90.043,28.131,212.29,126
2020-02-08 14:23:44,2969,0.20981,0.26751,2.8041,0.054711,89.834,28.127,237.25,126
2020-02-08 14:23:45,2970,0.20905,0.26624,2.5915,0.054711,89.865,28.127,216.75,126
2020-02-08 14:23:46,2971,0.21197,0.2674,2.4583,0.054711,89.989,28.132,238.66,125.33
2020-02-08 14:23:47,2972,0.2112,0.26585,2.685,0.054711,90.055,28.116,219.47,125.67
2020-02-08 14:23:48,2973,0.21068,0.268,2.6039,0.054711,89.988,28.12,213.01,126
2020-02-08 14:23:49,2974,0.21126,0.2646,2.5354,-0.60114,89.997,28.125,235.57,125.33
2020-02-08 14:23:50,2975,0.21049,0.26854,2.756,0.38264,89.983,28.121,244.56,125
2020-02-08 14:23:51,2976,0.21098,0.26511,0.85836,0.054711,89.643,28.119,216.78,125
2020-02-08 14:23:52,2977,0.21133,0.26752,2.546,0.38264,89.974,28.12,229.8,125.67
2020-02-08 14:23:53,2978,0.21152,0.26772,2.7928,0.054711,89.945,28.11,242.11,126
2020-02-08 14:23:54,2979,0.21139,0.26783,2.9498,0.054711,89.467,28.114,252.34,126.67
2020-02-08 14:23:56,2980,0.21095,0.26567,3.0657,0.054711,89.633,28.114,251.63,126.33
2020-02-08 14:23:57,2981,0.21005,0.26719,2.611,0.054711,89.811,28.106,225.54,125.33
2020-02-08 14:23:58,2982,0.21165,0.26712,2.8043,0.38264,89.836,28.115,223.13,125.67
2020-02-08 14:23:59,2983,0.21241,0.26679,2.475,0.38264,89.942,28.107,225.02,125.67
2020-02-08 14:24:00,2984,0.21029,0.26727,3.0985,0.38264,90.119,28.11,230.45,126
2020-02-08 14:24:01,2985,0.21259,0.26698,2.8166,0.054711,89.401,28.112,239.95,126
2020-02-08 14:24:02,2986,0.21034,0.267,2.6921,0.054711,90.129,28.113,218.82,126
2020-02-08 14:24:03,2987,0.21188,0.26687,1.7765,0.054711,89.474,28.112,227.84,125.33
2020-02-08 14:24:04,2988,0.21094,0.26557,2.9587,0.054711,89.591,28.112,236.67,125
2020-02-08 14:24:05,2989,0.21068,0.26791,2.9137,0.38264,89.484,28.107,243.11,125.67
2020-02-08 14:24:06,2990,0.21178,0.26453,2.6775,0.38264,89.629,28.106,232.86,126
2020-02-08 14:24:07,2991,0.21114,0.26754,3.147,-0.27322,89.326,28.114,248.38,125.33
2020-02-08 14:24:08,2992,0.21253,0.26566,3.1441,0.054711,89.484,28.111,231.46,125.67
2020-02-08 14:24:10,2993,0.2123,0.26695,2.6557,0.054711,89.378,28.123,229.86,126
2020-02-08 14:24:11,2994,0.21184,0.26766,1.791,0.054711,89.356,28.109,223.82,126
2020-02-08 14:24:12,2995,0.2116,0.26721,2.1734,-0.27322,89.439,28.104,240.65,126
2020-02-08 14:24:13,2996,0.2119,0.26885,3.0092,0.054711,89.314,28.116,235.36,125.67
2020-02-08 14:24:14,2997,0.21174,0.2661,2.7495,0.054711,89.405,28.108,230.28,125.33
2020-02-08 14:24:15,2998,0.21117,0.26927,2.9412,0.054711,89.374,28.118,238.71,125.67
2020-02-08 14:24:16,2999,0.21239,0.2666,2.7332,0.054711,89.358,28.118,229.41,125.33
2020-02-08 14:24:17,3000,0.21029,0.26836,0.99745,0.054711,89.312,28.115,214.79,125.67
2020-02-08 14:24:18,3001,0.21297,0.2671,2.2094,0.054711,89.457,28.114,228.92,126
2020-02-08 14:24:19,3002,0.21107,0.26721,2.5646,0.054711,89.359,28.108,234.47,125.33
2020-02-08 14:24:20,3003,0.21186,0.26687,3.0134,0.38264,89.326,28.115,239,125.67
2020-02-08 14:24:21,3004,0.21188,0.26762,2.5321,0.054711,89.4,28.104,230.66,125.33
2020-02-08 14:24:23,3005,0.21132,0.2662,2.9594,0.38264,89.574,28.104,239.64,125.67
2020-02-08 14:24:24,3006,0.212,0.26808,2.5873,0.054711,89.361,28.117,222.66,126
2020-02-08 14:24:25,3007,0.21222,0.26665,2.754,0.054711,89.42,28.106,213.54,125.33
2020-02-08 14:24:26,3008,0.21195,0.26714,2.4937,0.054711,89.294,28.106,205.18,125
2020-02-08 14:24:27,3009,0.21106,0.26704,2.6556,0.054711,89.385,28.107,226.17,125.67
2020-02-08 14:24:28,3010,0.21143,0.2661,2.5638,0.054711,89.325,28.108,230.53,126
2020-02-08 14:24:29,3011,0.21175,0.2671,2.6054,-0.27322,89.418,28.098,219.42,125.33
2020-02-08 14:24:30,3012,0.21155,0.26736,2.7635,0.054711,89.505,28.101,216.66,125
2020-02-08 14:24:31,3013,0.21222,0.26717,2.734,0.054711,89.364,28.105,244.01,125.67
2020-02-08 14:24:32,3014,0.21141,0.26814,3.1199,0.054711,89.299,28.098,238.61,126
2020-02-08 14:24:33,3015,0.21249,0.26707,2.4007,0.054711,89.42,28.096,229.11,125.33
2020-02-08 14:24:34,3016,0.21117,0.2686,2.3952,0.054711,89.198,28.096,229.14,125
2020-02-08 14:24:35,3017,0.21227,0.26631,2.293,0.054711,89.256,28.106,231.99,125
2020-02-08 14:24:36,3018,0.21123,0.26737,2.5699,0.054711,89.395,28.096,218.53,126.34
2020-02-08 14:24:37,3019,0.21041,0.26572,0.90618,-0.27322,89.13,28.097,204.25,125.67
2020-02-08 14:24:38,3020,0.21146,0.2668,2.6694,0.38264,89.113,28.096,218.49,125.67
2020-02-08 14:24:39,3021,0.21097,0.26603,2.1425,-0.27322,89.228,28.105,222.11,125.33
2020-02-08 14:24:41,3022,0.212,0.26722,2.9738,0.38264,89.219,28.105,237.9,125.67
2020-02-08 14:24:42,3023,0.21205,0.26555,2.6658,0.71057,89.215,28.108,228.81,125.33
2020-02-08 14:24:43,3024,0.21257,0.26821,3.0688,-0.27322,89.864,28.101,237.34,125
2020-02-08 14:24:44,3025,0.21245,0.26705,3.0095,-0.27322,89.636,28.101,246.63,125.67
2020-02-08 14:24:45,3026,0.21073,0.26663,2.7765,0.38264,89.33,28.104,230.84,125.33
2020-02-08 14:24:46,3027,0.21168,0.26637,2.6203,0.38264,89.395,28.107,226.97,125
2020-02-08 14:24:47,3028,0.21044,0.2667,2.4223,0.38264,89.869,28.11,217.25,125.67
2020-02-08 14:24:48,3029,0.21147,0.26625,2.6032,0.054711,89.133,28.111,228.67,125.33
2020-02-08 14:24:49,3030,0.21028,0.26757,2.0113,0.054711,89.706,28.115,237.73,125.67
2020-02-08 14:24:50,3031,0.21271,0.26643,1.8958,0.054711,89.538,28.124,227.22,125.33
2020-02-08 14:24:51,3032,0.21152,0.26714,2.8644,-0.27322,89.831,28.114,218.3,125
2020-02-08 14:24:52,3033,0.21222,0.26655,2.7468,0.054711,89.257,28.116,224.07,125.67
2020-02-08 14:24:53,3034,0.21053,0.26597,2.3079,0.054711,89.732,28.115,228.17,126
2020-02-08 14:24:55,3035,0.21041,0.2664,3.1384,0.054711,89.843,28.115,247.13,125.33
2020-02-08 14:24:56,3036,0.21303,0.26617,2.3941,-0.27322,89.741,28.104,247.55,125
2020-02-08 14:24:57,3037,0.21019,0.26522,2.2664,-0.27322,89.77,28.102,244.69,125.67
2020-02-08 14:24:58,3038,0.21339,0.26724,2.6191,0.054711,89.682,28.117,232.65,125.67
2020-02-08 14:24:59,3039,0.21306,0.26671,2.9091,0.054711,89.679,28.116,206.29,125.33
2020-02-08 14:25:00,3040,0.21104,0.2643,3.0234,0.054711,89.829,28.114,249.55,125
2020-02-08 14:25:01,3041,0.21313,0.26803,2.6737,0.38264,89.839,28.116,238.55,125.67
2020-02-08 14:25:02,3042,0.21161,0.26373,2.8808,0.38264,89.992,28.123,237.79,125.33
2020-02-08 14:25:03,3043,0.21275,0.26774,2.4108,0.054711,89.725,28.116,235.31,125
2020-02-08 14:25:04,3044,0.21167,0.26523,2.5602,0.054711,89.82,28.121,241.2,125
2020-02-08 14:25:05,3045,0.21282,0.26685,2.6923,0.054711,90.011,28.121,240.35,125
2020-02-08 14:25:06,3046,0.2109,0.26718,2.5357,0.71057,89.855,28.121,233.01,125.67
2020-02-08 14:25:07,3047,0.21251,0.26614,2.7686,0.054711,89.957,28.121,245.86,124.67
2020-02-08 14:25:08,3048,0.21096,0.26815,2.5017,0.71057,89.959,28.127,222.5,124.67
2020-02-08 14:25:09,3049,0.21119,0.26572,2.6419,0.054711,89.79,28.123,230.45,125
2020-02-08 14:25:11,3050,0.21085,0.26794,2.7246,0.38264,89.882,28.124,228.21,125
2020-02-08 14:25:12,3051,0.21017,0.26589,2.2528,0.054711,89.916,28.124,227.44,125.67
2020-02-08 14:25:13,3052,0.21174,0.26877,2.681,-0.27322,89.99,28.122,229.26,126
2020-02-08 14:25:14,3053,0.20939,0.26515,2.9498,-0.27322,89.711,28.122,215.09,125.67
2020-02-08 14:25:15,3054,0.20849,0.26538,2.8581,0.054711,90.081,28.126,213.65,126
2020-02-08 14:25:16,3055,0.21236,0.26863,3.1281,-0.27322,90.021,28.126,237.85,125.33
2020-02-08 14:25:17,3056,0.20928,0.26506,2.7376,0.054711,89.994,28.124,234.46,125.67
2020-02-08 14:25:18,3057,0.21125,0.26855,3.0362,0.71057,89.93,28.127,249.88,125.33
2020-02-08 14:25:19,3058,0.2108,0.26508,2.8052,0.71057,89.536,28.119,211.16,125
2020-02-08 14:25:20,3059,0.21122,0.26792,1.513,0.054711,89.855,28.125,204.4,125.67
2020-02-08 14:25:21,3060,0.21088,0.26483,1.7494,0.38264,89.922,28.116,222.48,126
2020-02-08 14:25:22,3061,0.21191,0.2673,1.8265,-0.60114,89.928,28.115,217.35,126
2020-02-08 14:25:23,3062,0.2103,0.26685,2.6706,-0.60114,89.919,28.115,251.07,126
2020-02-08 14:25:24,3063,0.21197,0.26719,2.5036,0.054711,89.241,28.12,239.37,126
2020-02-08 14:25:26,3064,0.21024,0.26722,2.567,0.38264,89.397,28.129,251.11,125.33
2020-02-08 14:25:27,3065,0.21153,0.2679,2.5956,0.054711,89.541,28.126,220.31,125.67
2020-02-08 14:25:28,3066,0.21106,0.26755,2.4057,0.38264,89.486,28.12,217.63,126
2020-02-08 14:25:29,3067,0.20993,0.26654,2.1534,0.054711,89.596,28.121,233.06,125.33
2020-02-08 14:25:30,3068,0.20841,0.26569,2.1173,0.054711,90.025,28.123,240.99,126
2020-02-08 14:25:31,3069,0.21219,0.2676,2.0624,0.054711,89.951,28.121,245.88,125.33
2020-02-08 14:25:32,3070,0.20827,0.26522,2.5585,-0.27322,89.502,28.119,251.69,125
2020-02-08 14:25:33,3071,0.21167,0.26726,2.6355,-0.27322,89.494,28.119,226.99,125.67
2020-02-08 14:25:34,3072,0.20818,0.26505,1.3589,-0.27322,89.289,28.117,209.06,125.33
2020-02-08 14:25:35,3073,0.21123,0.26676,2.5305,0.054711,89.314,28.123,227.99,125.67
2020-02-08 14:25:36,3074,0.20965,0.26497,1.1645,0.054711,89.353,28.119,206.12,126
2020-02-08 14:25:37,3075,0.21151,0.2678,3.0547,0.054711,89.422,28.116,249.26,125.33
2020-02-08 14:25:38,3076,0.21128,0.2644,2.0262,0.054711,89.411,28.115,225.44,125.67
2020-02-08 14:25:39,3077,0.2125,0.2673,2.8275,0.054711,89.183,28.12,226.18,126
2020-02-08 14:25:40,3078,0.21207,0.26852,2.6694,0.38264,89.345,28.119,228.78,126
2020-02-08 14:25:42,3079,0.2124,0.26797,2.6496,0.38264,89.386,28.11,241.96,126
2020-02-08 14:25:43,3080,0.21323,0.2697,2.5155,0.38264,89.209,28.11,230.7,126
2020-02-08 14:25:44,3081,0.20991,0.26651,2.1879,0.38264,89.43,28.11,243.77,126
2020-02-08 14:25:45,3082,0.21134,0.26604,2.8228,0.38264,89.346,28.121,237.62,126
2020-02-08 14:25:46,3083,0.21338,0.26781,2.6953,0.054711,89.341,28.121,244.4,126
2020-02-08 14:25:47,3084,0.21324,0.26729,2.3423,0.054711,89.332,28.112,241.77,126
2020-02-08 14:25:48,3085,0.21382,0.26919,2.5036,0.71057,89.344,28.117,246.56,126.67
2020-02-08 14:25:49,3086,0.21379,0.2688,2.0321,0.054711,89.371,28.114,230.62,126.33
2020-02-08 14:25:50,3087,0.21003,0.26747,2.5531,0.054711,89.346,28.119,223.15,126
2020-02-08 14:25:51,3088,0.21287,0.267,2.5604,0.054711,89.454,28.119,240.32,126
2020-02-08 14:25:52,3089,0.21031,0.26588,1.8659,-0.27322,89.41,28.115,230.98,126.67
2020-02-08 14:25:53,3090,0.2124,0.26854,2.3102,0.054711,89.432,28.111,214.87,125.67
2020-02-08 14:25:54,3091,0.21296,0.26599,2.4271,0.054711,89.239,28.111,234.79,125.67
2020-02-08 14:25:55,3092,0.21443,0.26925,1.9282,0.38264,89.439,28.116,227.81,126
2020-02-08 14:25:57,3093,0.21461,0.26949,2.5798,0.38264,89.373,28.121,234.41,126.67
2020-02-08 14:25:58,3094,0.21055,0.26835,2.9223,0.054711,89.236,28.119,239.98,125.67
2020-02-08 14:25:59,3095,0.21378,0.26827,2.6312,0.38264,89.236,28.121,229.42,126.34
2020-02-08 14:26:00,3096,0.21326,0.26828,2.9892,0.054711,89.295,28.111,247.3,126.67
2020-02-08 14:26:01,3097,0.21217,0.2674,2.5822,0.054711,89.444,28.125,238.92,126.33
2020-02-08 14:26:02,3098,0.21152,0.26838,3.0492,-0.27322,89.304,28.121,249.5,125.33
2020-02-08 14:26:03,3099,0.2131,0.26817,2.6207,0.054711,89.389,28.127,217.88,125.67
2020-02-08 14:26:04,3100,0.2118,0.26749,3.0161,0.054711,89.179,28.125,246.41,126
2020-02-08 14:26:05,3101,0.21396,0.26784,2.3625,0.054711,89.251,28.125,232.22,126
2020-02-08 14:26:06,3102,0.21291,0.26497,2.9537,0.054711,89.376,28.127,245.02,126
2020-02-08 14:26:07,3103,0.21288,0.26696,2.141,0.054711,89.085,28.129,222.76,126
2020-02-08 14:26:08,3104,0.21296,0.2662,2.0529,0.054711,89.441,28.127,228.58,126
2020-02-08 14:26:09,3105,0.2133,0.26825,2.9138,-0.27322,89.216,28.13,219.84,125.33
2020-02-08 14:26:10,3106,0.21301,0.26753,2.1309,-0.27322,89.3,28.132,235.08,125.67
2020-02-08 14:26:12,3107,0.21188,0.26864,2.035,0.054711,89.4,28.129,229.41,126
2020-02-08 14:26:13,3108,0.21268,0.26636,3.0306,0.054711,89.484,28.125,242.18,126
2020-02-08 14:26:14,3109,0.21031,0.26791,1.3459,0.054711,89.21,28.125,211.86,125.33
2020-02-08 14:26:15,3110,0.21258,0.26539,2.7249,0.054711,89.084,28.135,213.89,125.67
2020-02-08 14:26:16,3111,0.21122,0.26621,2.6565,0.054711,89.125,28.136,220.84,125
2020-02-08 14:26:17,3112,0.21077,0.26491,2.4168,0.054711,89.121,28.133,223.97,125.67
2020-02-08 14:26:18,3113,0.21115,0.26703,2.7134,0.71057,89.746,28.141,203.56,126
2020-02-08 14:26:19,3114,0.21196,0.26419,1.8212,0.054711,89.292,28.134,205.58,126
2020-02-08 14:26:20,3115,0.21136,0.26744,2.8479,-0.27322,89.358,28.142,232.2,125.33
2020-02-08 14:26:21,3116,0.21191,0.26646,2.25,-0.60114,89.816,28.144,209.19,125
2020-02-08 14:26:22,3117,0.21174,0.26534,2.1017,0.054711,89.33,28.148,205.83,125.67
2020-02-08 14:26:23,3118,0.21226,0.26835,2.2565,0.054711,89.831,28.148,230.78,125.33
2020-02-08 14:26:24,3119,0.21196,0.26672,2.205,0.054711,89.248,28.146,221.93,125.67
2020-02-08 14:26:25,3120,0.21303,0.26765,2.6107,0.38264,89.297,28.146,232.68,125.33
2020-02-08 14:26:26,3121,0.21158,0.26846,2.3398,-0.27322,89.77,28.145,212.32,125.67
2020-02-08 14:26:27,3122,0.21335,0.26707,2.1425,-0.27322,89.738,28.145,242.23,126
2020-02-08 14:26:29,3123,0.21053,0.2669,2.2331,0.38264,89.717,28.149,223.72,125.33
2020-02-08 14:26:30,3124,0.21196,0.26687,2.638,0.054711,89.766,28.149,228.85,125.67
2020-02-08 14:26:31,3125,0.21135,0.26505,2.6834,0.054711,89.813,28.151,224.12,125.33
2020-02-08 14:26:32,3126,0.20977,0.26698,1.8579,0.054711,89.612,28.151,227.94,125.67
2020-02-08 14:26:33,3127,0.21155,0.26581,2.9478,0.054711,89.859,28.146,246.75,126
2020-02-08 14:26:34,3128,0.21009,0.26597,1.4998,0.054711,89.69,28.156,211.09,125.33
2020-02-08 14:26:35,3129,0.21094,0.26459,1.8495,0.054711,89.883,28.163,233.51,125.67
2020-02-08 14:26:36,3130,0.21176,0.26757,1.5531,0.054711,90.126,28.147,203.09,126
2020-02-08 14:26:37,3131,0.21182,0.26401,2.8347,0.054711,89.911,28.158,239.3,126
2020-02-08 14:26:38,3132,0.21241,0.2671,1.835,0.054711,89.802,28.162,222.27,125.33
2020-02-08 14:26:39,3133,0.21214,0.26693,2.7787,0.38264,89.897,28.162,238.82,125.67
2020-02-08 14:26:40,3134,0.21297,0.26667,2.5452,0.054711,89.93,28.165,229.75,126
2020-02-08 14:26:41,3135,0.21132,0.26743,1.639,0.054711,89.865,28.165,220.87,126
2020-02-08 14:26:42,3136,0.21348,0.26677,2.0357,0.054711,90.069,28.166,250.5,126
2020-02-08 14:26:43,3137,0.2118,0.26741,1.9528,0.054711,90.034,28.166,240.64,126
2020-02-08 14:26:44,3138,0.21146,0.2662,3.004,0.054711,89.828,28.17,231.81,126
2020-02-08 14:26:45,3139,0.21264,0.26611,3.1028,0.38264,90.002,28.172,251.06,125.33
2020-02-08 14:26:47,3140,0.21022,0.2657,2.7568,0.054711,89.964,28.172,209.58,125.67
2020-02-08 14:26:48,3141,0.21217,0.26655,3.0005,0.054711,89.93,28.176,242.7,126
2020-02-08 14:26:49,3142,0.21093,0.26536,2.0129,0.38264,89.9,28.183,235.87,125.33
2020-02-08 14:26:50,3143,0.21246,0.26738,2.93,0.38264,89.348,28.183,245.59,126.34
2020-02-08 14:26:51,3144,0.21193,0.26672,2.5751,0.054711,89.6,28.18,222.09,126.34
2020-02-08 14:26:52,3145,0.21135,0.26614,2.0141,0.054711,89.993,28.18,234.75,125.67
2020-02-08 14:26:53,3146,0.2125,0.26681,2.9043,0.71057,89.919,28.177,240.5,125.67
2020-02-08 14:26:54,3147,0.21116,0.2671,2.7717,-0.27322,89.392,28.183,236.38,125.33
2020-02-08 14:26:55,3148,0.21206,0.26659,2.7966,0.054711,89.236,28.178,230.82,125.67
2020-02-08 14:26:56,3149,0.21023,0.2671,2.7301,0.054711,89.341,28.184,205.32,125.33
2020-02-08 14:26:57,3150,0.21168,0.26621,2.8221,0.054711,89.366,28.183,227.59,125.67
2020-02-08 14:26:58,3151,0.21048,0.2668,2.9466,-0.27322,90.034,28.179,223.29,125.33
2020-02-08 14:26:59,3152,0.21108,0.2661,2.6095,0.054711,89.592,28.186,226.09,125.67
2020-02-08 14:27:00,3153,0.21139,0.26741,2.5052,0.054711,89.424,28.178,226.45,125.33
2020-02-08 14:27:01,3154,0.21041,0.2658,3.117,0.054711,89.183,28.178,235.3,125
2020-02-08 14:27:03,3155,0.21231,0.26709,2.679,0.054711,89.235,28.188,241.28,125
2020-02-08 14:27:04,3156,0.20948,0.26535,2.8625,-0.27322,89.244,28.183,237.17,125
2020-02-08 14:27:05,3157,0.21274,0.26687,2.6388,0.054711,89.235,28.18,223.7,125.67
2020-02-08 14:27:06,3158,0.20968,0.26503,3.0255,0.054711,89.525,28.176,246.73,125.33
2020-02-08 14:27:07,3159,0.21036,0.26547,2.3504,0.054711,89.459,28.176,227.13,125
2020-02-08 14:27:08,3160,0.2123,0.26755,2.1233,0.38264,89.309,28.187,224.43,126.34
2020-02-08 14:27:09,3161,0.21163,0.26405,0.89506,0.054711,89.279,28.194,205.13,125.67
2020-02-08 14:27:10,3162,0.21271,0.26726,2.3366,0.054711,89.495,28.19,230.22,125
2020-02-08 14:27:11,3163,0.21146,0.26591,3.1271,-0.27322,89.41,28.196,238.92,125.67
2020-02-08 14:27:12,3164,0.21252,0.26663,2.7877,-0.27322,89.478,28.196,242.68,126
2020-02-08 14:27:13,3165,0.21072,0.26732,2.1681,0.054711,89.307,28.187,222.21,126
2020-02-08 14:27:14,3166,0.21102,0.26647,2.9583,-0.60114,89.2,28.189,250.64,126
2020-02-08 14:27:15,3167,0.20949,0.2668,2.6993,0.054711,89.448,28.188,224.45,125.33
2020-02-08 14:27:16,3168,0.20863,0.26402,2.6772,-0.60114,89.035,28.197,231.16,125
2020-02-08 14:27:17,3169,0.20812,0.26619,2.6344,0.054711,89.206,28.195,237.68,125
2020-02-08 14:27:19,3170,0.20955,0.26448,2.6484,-0.27322,89.401,28.198,227.3,125
2020-02-08 14:27:20,3171,0.20969,0.26636,2.6355,0.38264,89.206,28.198,230.71,125
2020-02-08 14:27:21,3172,0.2109,0.26486,2.6663,0.38264,89.106,28.198,228.82,125.67
2020-02-08 14:27:22,3173,0.21089,0.26815,3.0794,0.71057,89.19,28.2,237.94,125.33
2020-02-08 14:27:23,3174,0.21183,0.2686,2.6914,0.38264,89.246,28.189,228.97,126
2020-02-08 14:27:24,3175,0.21056,0.26564,2.0658,0.38264,89.499,28.209,227.25,126
2020-02-08 14:27:25,3176,0.2131,0.26826,2.6552,0.054711,89.311,28.196,222.71,125.33
2020-02-08 14:27:26,3177,0.20936,0.26512,2.0454,0.38264,89.309,28.194,231.62,125
2020-02-08 14:27:27,3178,0.21283,0.26781,2.9289,0.054711,89.673,28.195,212.76,125
2020-02-08 14:27:28,3179,0.21017,0.2651,3.1713,0.054711,89.27,28.192,244.2,125.67
2020-02-08 14:27:29,3180,0.21247,0.26809,1.9282,0.054711,89.101,28.199,227.38,125.33
2020-02-08 14:27:30,3181,0.21195,0.26504,2.9394,0.38264,89.504,28.199,223.29,125
2020-02-08 14:27:31,3182,0.21291,0.2679,2.8015,0.38264,89.653,28.204,234.84,125
2020-02-08 14:27:32,3183,0.21234,0.26594,3.0914,0.054711,89.239,28.213,226.81,125
2020-02-08 14:27:33,3184,0.21278,0.26663,2.6033,0.054711,89.697,28.211,237.71,125
2020-02-08 14:27:34,3185,0.21187,0.26765,3.122,-0.27322,89.691,28.215,252.14,125
2020-02-08 14:27:36,3186,0.21237,0.26631,2.6209,0.71057,89.23,28.207,208.75,125.67
2020-02-08 14:27:37,3187,0.21184,0.26786,1.6261,0.054711,89.785,28.215,213.17,125.33
2020-02-08 14:27:38,3188,0.21171,0.26644,2.5892,0.054711,89.872,28.21,212.92,125.67
2020-02-08 14:27:39,3189,0.20995,0.26593,2.4956,0.054711,89.647,28.21,230.35,125.67
2020-02-08 14:27:40,3190,0.21241,0.26726,2.4334,0.054711,89.79,28.209,215.51,125.33
2020-02-08 14:27:41,3191,0.20955,0.26546,2.3216,0.054711,89.674,28.213,227.25,125
2020-02-08 14:27:42,3192,0.2127,0.26708,2.2566,-0.27322,89.75,28.219,223.16,125
2020-02-08 14:27:43,3193,0.2099,0.26508,3.0507,0.054711,89.814,28.227,251.08,125
2020-02-08 14:27:44,3194,0.21262,0.26698,2.5909,-0.27322,89.811,28.226,228,125.67
2020-02-08 14:27:45,3195,0.20994,0.26549,2.1905,-0.27322,89.725,28.229,207.3,126
2020-02-08 14:27:46,3196,0.21266,0.26693,1.8483,0.71057,89.764,28.227,224.19,125.33
2020-02-08 14:27:47,3197,0.21117,0.26488,3.0402,0.054711,89.774,28.226,238.78,125.67
2020-02-08 14:27:48,3198,0.21254,0.26752,1.4167,0.054711,89.736,28.226,212.41,126
2020-02-08 14:27:49,3199,0.21061,0.26415,1.836,0.38264,89.633,28.228,227.47,125.33
2020-02-08 14:27:51,3200,0.21171,0.26771,2.0812,0.054711,89.745,28.235,243.37,125
2020-02-08 14:27:52,3201,0.21133,0.26543,1.8828,0.054711,89.653,28.229,228.51,125
2020-02-08 14:27:53,3202,0.21237,0.26662,2.8137,0.38264,89.714,28.235,238.84,125.67
2020-02-08 14:27:54,3203,0.21186,0.26705,1.7833,-0.60114,89.742,28.23,222.03,125.33
2020-02-08 14:27:55,3204,0.21299,0.2683,2.006,0.38264,89.72,28.239,222.32,126
2020-02-08 14:27:56,3205,0.21161,0.26737,2.1918,0.38264,89.668,28.238,230.38,125.33
2020-02-08 14:27:57,3206,0.21405,0.26802,3.0728,0.054711,89.654,28.24,241.82,125.67
2020-02-08 14:27:58,3207,0.20994,0.26634,2.9975,0.054711,89.759,28.24,246.68,125.33
2020-02-08 14:27:59,3208,0.21358,0.26722,2.5088,0.38264,89.767,28.233,241.56,125
2020-02-08 14:28:00,3209,0.21056,0.2654,2.4538,0.38264,89.597,28.25,228.65,125.67
2020-02-08 14:28:01,3210,0.2123,0.26751,2.5757,0.054711,89.706,28.245,235.8,126
2020-02-08 14:28:02,3211,0.21196,0.26476,2.1353,0.38264,89.736,28.238,224.38,125.33
2020-02-08 14:28:03,3212,0.21207,0.26849,1.1194,0.38264,90.042,28.239,235.8,125
2020-02-08 14:28:04,3213,0.21245,0.26399,2.5434,0.38264,89.8,28.246,223.32,125
2020-02-08 14:28:05,3214,0.2131,0.2681,1.8196,-0.27322,89.868,28.248,223.19,125
2020-02-08 14:28:07,3215,0.21225,0.26654,1.4846,0.054711,89.687,28.238,218.12,126.34
2020-02-08 14:28:08,3216,0.21332,0.26848,1.845,0.054711,89.859,28.238,228.94,126.33
2020-02-08 14:28:09,3217,0.21383,0.26735,2.4264,-0.27322,89.764,28.239,234.13,125.33
2020-02-08 14:28:10,3218,0.21497,0.26812,1.853,0.054711,89.951,28.247,227.01,126
2020-02-08 14:28:11,3219,0.21143,0.26613,2.0105,0.054711,89.997,28.242,226,126
2020-02-08 14:28:12,3220,0.21308,0.26843,2.9441,0.054711,89.984,28.236,237.74,126
2020-02-08 14:28:13,3221,0.21402,0.26548,2.8473,0.38264,89.416,28.243,233.58,125.33
2020-02-08 14:28:14,3222,0.21441,0.2687,2.5639,0.38264,89.747,28.232,229.34,125.67
2020-02-08 14:28:15,3223,0.21423,0.26884,2.7626,0.054711,89.447,28.232,249.47,126
2020-02-08 14:28:16,3224,0.21275,0.26884,2.4835,0.054711,89.227,28.24,219.91,126
2020-02-08 14:28:17,3225,0.21474,0.26809,2.6349,0.38264,89.886,28.235,227.8,126
2020-02-08 14:28:18,3226,0.21201,0.26775,1.1563,0.38264,89.393,28.235,209.61,126
2020-02-08 14:28:19,3227,0.21261,0.26705,2.8889,0.054711,89.798,28.234,207.4,126
2020-02-08 14:28:20,3228,0.21322,0.26617,2.7339,0.054711,89.538,28.226,228.98,125.33
2020-02-08 14:28:21,3229,0.2149,0.2679,2.6338,0.054711,89.21,28.237,235.28,126.34
2020-02-08 14:28:23,3230,0.21405,0.26818,3.0805,0.38264,89.232,28.237,249.48,125.67
2020-02-08 14:28:24,3231,0.21357,0.26961,2.8019,0.38264,89.863,28.233,237.2,125.67
2020-02-08 14:28:25,3232,0.21498,0.26824,2.6614,-0.27322,89.388,28.225,227.91,126.67
2020-02-08 14:28:26,3233,0.21316,0.26714,2.613,-0.27322,89.232,28.241,210.33,126
2020-02-08 14:28:27,3234,0.21353,0.26466,2.2816,0.38264,89.167,28.236,230.09,126.67
2020-02-08 14:28:28,3235,0.21416,0.2676,1.0667,0.38264,89.392,28.236,207.25,126.33
2020-02-08 14:28:29,3236,0.2144,0.26889,2.9218,0.054711,89.292,28.242,250.5,125.33
2020-02-08 14:28:30,3237,0.21268,0.26756,1.9739,0.38264,89.725,28.245,232.4,125.67
2020-02-08 14:28:31,3238,0.21345,0.26829,2.7963,0.054711,89.303,28.249,239.02,125.33
2020-02-08 14:28:32,3239,0.21165,0.26827,2.4351,0.054711,89.388,28.237,231.24,125.67
2020-02-08 14:28:33,3240,0.21359,0.2672,2.5315,0.054711,89.328,28.242,231.39,125.33
2020-02-08 14:28:34,3241,0.2114,0.26658,2.7051,0.054711,89.531,28.252,228.77,125.67
2020-02-08 14:28:35,3242,0.21207,0.26651,2.9253,0.054711,89.555,28.252,231.59,126
2020-02-08 14:28:36,3243,0.21299,0.26676,2.6241,0.054711,89.34,28.244,224.99,126
2020-02-08 14:28:37,3244,0.21284,0.26711,2.5212,0.054711,90.019,28.253,231.62,126
2020-02-08 14:28:38,3245,0.21328,0.26775,2.588,0.38264,89.187,28.246,237.43,126
2020-02-08 14:28:39,3246,0.21391,0.26859,2.5871,0.054711,89.375,28.246,204.77,126
2020-02-08 14:28:40,3247,0.21408,0.26828,3.0087,0.054711,89.251,28.246,251.21,126
2020-02-08 14:28:42,3248,0.21142,0.26898,1.9995,0.38264,89.283,28.244,227.12,126
2020-02-08 14:28:43,3249,0.2128,0.26749,1.1916,0.38264,89.371,28.243,204.31,125.33
2020-02-08 14:28:44,3250,0.21194,0.26638,2.123,0.71057,89.387,28.246,235,125
2020-02-08 14:28:45,3251,0.2113,0.26736,1.7091,0.71057,89.318,28.246,213.85,125.67
2020-02-08 14:28:46,3252,0.21359,0.26596,1.7255,0.054711,89.345,28.254,217.04,125.33
2020-02-08 14:28:47,3253,0.21369,0.26795,3.0785,0.054711,89.147,28.252,245.76,125.67
2020-02-08 14:28:48,3254,0.21269,0.26924,2.5288,0.054711,89.226,28.253,216.23,126
2020-02-08 14:28:49,3255,0.21412,0.26766,2.7102,0.054711,89.348,28.256,221.48,126
2020-02-08 14:28:50,3256,0.21237,0.26862,2.3763,0.054711,89.347,28.251,235.61,126
2020-02-08 14:28:51,3257,0.21211,0.26607,2.991,0.054711,89.176,28.253,248.04,126
2020-02-08 14:28:52,3258,0.21253,0.26678,2.4159,0.38264,89.39,28.253,224.35,124.67
2020-02-08 14:28:53,3259,0.2118,0.26529,1.0018,0.054711,89.239,28.257,203.06,125.34
2020-02-08 14:28:54,3260,0.21349,0.26706,2.636,0.054711,89.115,28.257,229.1,126
2020-02-08 14:28:55,3261,0.21405,0.26594,2.4721,0.38264,89.148,28.253,251.51,126
2020-02-08 14:28:57,3262,0.21503,0.26848,2.1649,0.054711,89.114,28.251,234.87,126
2020-02-08 14:28:58,3263,0.2133,0.26915,1.3008,0.38264,88.923,28.26,207.98,126
2020-02-08 14:28:59,3264,0.2149,0.26892,1.8436,0.054711,89.338,28.243,230.24,126
2020-02-08 14:29:00,3265,0.21311,0.26893,3.0767,0.38264,89.17,28.244,231.66,125.33
2020-02-08 14:29:01,3266,0.21399,0.26666,2.0809,0.054711,89.177,28.247,218.02,126
2020-02-08 14:29:02,3267,0.21351,0.26636,2.6468,0.054711,89.35,28.241,229.07,126
2020-02-08 14:29:03,3268,0.21515,0.26727,2.5158,0.054711,89.408,28.242,228.08,126
2020-02-08 14:29:04,3269,0.2135,0.26736,2.1263,-0.27322,89.154,28.258,247.08,125.33
2020-02-08 14:29:05,3270,0.21429,0.26752,2.6861,-0.27322,89.271,28.244,227.49,125
2020-02-08 14:29:06,3271,0.21346,0.26994,2.4659,0.054711,89.369,28.244,243.09,125.67
2020-02-08 14:29:07,3272,0.21244,0.26666,2.7867,0.054711,89.152,28.244,236.19,126
2020-02-08 14:29:08,3273,0.21294,0.26769,2.4921,0.054711,89.228,28.24,242.83,125.33
2020-02-08 14:29:09,3274,0.21118,0.2654,2.4346,0.054711,89.234,28.241,228.63,125
2020-02-08 14:29:10,3275,0.21306,0.26749,2.6055,0.054711,89.208,28.243,237.69,125
2020-02-08 14:29:11,3276,0.21251,0.26485,2.5987,0.71057,89.246,28.247,228.25,125.67
2020-02-08 14:29:13,3277,0.2134,0.2672,2.7405,0.054711,89.012,28.255,228.24,126
2020-02-08 14:29:14,3278,0.21295,0.266,2.7367,0.054711,89.082,28.255,229.76,125.33
2020-02-08 14:29:15,3279,0.21428,0.26762,2.8293,-0.27322,89.161,28.25,234.27,125
2020-02-08 14:29:16,3280,0.21258,0.26837,2.9346,0.38264,89.173,28.245,221.37,125.67
2020-02-08 14:29:17,3281,0.21341,0.26822,2.8437,0.054711,89.194,28.25,205.51,126
2020-02-08 14:29:18,3282,0.21172,0.26635,2.5513,0.054711,89.054,28.261,230.13,126
2020-02-08 14:29:19,3283,0.21446,0.26721,2.6791,0.054711,89.697,28.254,229.62,126
2020-02-08 14:29:20,3284,0.21323,0.2652,2.4668,0.38264,89.143,28.259,223.77,126
2020-02-08 14:29:21,3285,0.21554,0.26766,2.6578,0.054711,89.486,28.271,227.62,125.33
2020-02-08 14:29:22,3286,0.2142,0.26792,1.8661,0.054711,89.098,28.271,225.39,126.34
2020-02-08 14:29:23,3287,0.21454,0.26855,1.7258,-0.60114,89.118,28.269,219.73,125.67
2020-02-08 14:29:24,3288,0.21439,0.26903,1.8684,0.054711,89.193,28.276,228.59,125.67
2020-02-08 14:29:25,3289,0.21076,0.26535,2.9432,0.38264,89.203,28.271,237.1,125.33
2020-02-08 14:29:26,3290,0.21443,0.26756,1.8694,0.054711,89.273,28.276,214.24,125.67
2020-02-08 14:29:27,3291,0.2131,0.26473,1.9846,-0.27322,89.323,28.276,232.23,125.33
2020-02-08 14:29:28,3292,0.21453,0.26714,2.6492,0.38264,89.623,28.273,231.99,126.34
2020-02-08 14:29:30,3293,0.21385,0.26728,2.8299,0.054711,89.332,28.284,235.39,126.33
2020-02-08 14:29:31,3294,0.2138,0.26713,2.9839,0.054711,89.641,28.277,239.02,125.33
2020-02-08 14:29:32,3295,0.21361,0.26945,2.7742,0.054711,89.63,28.289,231.43,125
2020-02-08 14:29:33,3296,0.21369,0.26826,2.6187,0.054711,89.775,28.289,228.52,125.33
2020-02-08 14:29:34,3297,0.21031,0.26482,1.6894,-0.60114,89.678,28.28,218.79,125.67
2020-02-08 14:29:35,3298,0.21356,0.26721,2.411,0.38264,89.238,28.279,231.52,126
2020-02-08 14:29:36,3299,0.21347,0.26493,1.841,0.054711,89.212,28.272,232.07,126
2020-02-08 14:29:37,3300,0.21457,0.26749,1.6945,0.38264,89.634,28.277,223.74,125.33
2020-02-08 14:29:38,3301,0.2138,0.26733,1.4618,-0.27322,89.719,28.274,204.7,125.67
2020-02-08 14:29:39,3302,0.21435,0.26814,2.7816,0.38264,89.725,28.265,226.66,125.33
2020-02-08 14:29:40,3303,0.21324,0.26802,2.5762,0.38264,89.641,28.265,228.62,125.67
2020-02-08 14:29:41,3304,0.21186,0.26671,2.5676,0.054711,89.776,28.274,224.24,126
2020-02-08 14:29:42,3305,0.21363,0.26761,1.7832,0.054711,89.65,28.267,228.51,126
2020-02-08 14:29:43,3306,0.21166,0.26546,2.5482,0.054711,89.629,28.265,216.8,126
2020-02-08 14:29:45,3307,0.21322,0.26756,1.8744,0.38264,89.757,28.273,226.18,125.33
2020-02-08 14:29:46,3308,0.21334,0.26489,2.0718,0.054711,89.577,28.279,241.97,125
2020-02-08 14:29:47,3309,0.21443,0.26805,1.8413,0.054711,89.743,28.268,228.15,125.67
2020-02-08 14:29:48,3310,0.21258,0.26791,2.6355,0.38264,89.668,28.274,236.18,125.33
2020-02-08 14:29:49,3311,0.21261,0.26807,2.6424,0.054711,89.871,28.275,233.77,125.67
2020-02-08 14:29:50,3312,0.21089,0.26602,2.1719,0.054711,89.693,28.287,250.01,125.67
2020-02-08 14:29:51,3313,0.21326,0.26694,1.112,0.38264,89.686,28.282,209.88,125.33
2020-02-08 14:29:52,3314,0.21099,0.26608,1.8581,0.38264,89.856,28.282,221.38,125.67
2020-02-08 14:29:53,3315,0.21318,0.26688,1.632,0.38264,89.603,28.271,220.03,126
2020-02-08 14:29:54,3316,0.21309,0.26446,2.109,0.054711,90.103,28.284,228.47,126
2020-02-08 14:29:55,3317,0.21457,0.26814,2.1531,0.054711,89.717,28.274,231.79,125.33
2020-02-08 14:29:56,3318,0.21294,0.26758,2.106,0.38264,89.792,28.266,229.23,125.67
2020-02-08 14:29:57,3319,0.21389,0.26772,2.3543,-0.27322,89.903,28.277,226.94,125.33
2020-02-08 14:29:58,3320,0.21311,0.26812,2.7387,0.054711,89.909,28.274,225.58,125.67
2020-02-08 14:29:59,3321,0.21257,0.26737,2.5336,0.38264,89.772,28.265,232.83,125.33
2020-02-08 14:30:01,3322,0.21448,0.26745,2.6654,0.054711,89.903,28.263,249.25,125.67
2020-02-08 14:30:02,3323,0.20985,0.26587,3.0571,0.054711,89.846,28.27,249.47,126
2020-02-08 14:30:03,3324,0.21403,0.26741,2.5382,0.054711,89.862,28.27,229.11,126
2020-02-08 14:30:04,3325,0.21222,0.26519,1.913,-0.27322,89.973,28.273,220.7,126
2020-02-08 14:30:05,3326,0.21369,0.26587,2.6976,0.054711,89.384,28.262,228.47,126
2020-02-08 14:30:06,3327,0.21423,0.26735,1.4499,0.054711,89.544,28.256,218.98,126
2020-02-08 14:30:07,3328,0.21393,0.26845,2.3554,0.38264,89.305,28.262,231.39,126
2020-02-08 14:30:08,3329,0.21299,0.26821,2.8258,0.054711,89.727,28.253,229.7,126
2020-02-08 14:30:09,3330,0.21515,0.26776,3.0369,0.71057,89.865,28.263,225.46,125.33
2020-02-08 14:30:10,3331,0.21007,0.2665,2.5736,0.054711,89.296,28.256,227.74,125.67
2020-02-08 14:30:11,3332,0.21402,0.26791,2.7799,0.38264,89.106,28.252,206.54,125.33
2020-02-08 14:30:12,3333,0.21379,0.26502,2.8211,0.38264,89.231,28.252,217.41,125.67
2020-02-08 14:30:13,3334,0.21406,0.26745,2.5867,0.38264,89.302,28.262,236.65,126
2020-02-08 14:30:14,3335,0.21383,0.26677,2.7686,-0.27322,89.205,28.264,235.88,125.33
2020-02-08 14:30:15,3336,0.21434,0.26887,2.6634,0.054711,89.239,28.255,228.54,125.67
2020-02-08 14:30:17,3337,0.21478,0.26742,2.4931,0.054711,89.389,28.273,230.06,126
2020-02-08 14:30:18,3338,0.21081,0.26783,1.017,0.38264,89.305,28.258,208.76,126.67
2020-02-08 14:30:19,3339,0.21382,0.26688,1.1415,0.38264,89.311,28.266,212.07,125.67
2020-02-08 14:30:20,3340,0.21181,0.26555,2.1392,-0.27322,89.293,28.272,228.82,125.67
2020-02-08 14:30:21,3341,0.21331,0.26536,2.7284,0.054711,89.314,28.265,228.35,126.67
2020-02-08 14:30:22,3342,0.21413,0.26856,2.0141,0.054711,89.297,28.265,228.35,126.33
2020-02-08 14:30:23,3343,0.21338,0.2668,3.1821,0.38264,89.269,28.272,247.72,126.67
2020-02-08 14:30:24,3344,0.21178,0.26847,1.7716,0.054711,89.326,28.264,218.6,126.33
2020-02-08 14:30:25,3345,0.21349,0.26643,1.9411,0.054711,89.19,28.264,227.42,125.33
2020-02-08 14:30:26,3346,0.2104,0.26714,1.3325,0.054711,89.298,28.272,202.86,125.67
2020-02-08 14:30:27,3347,0.21284,0.26623,2.6944,0.054711,89.298,28.275,228.05,126
2020-02-08 14:30:28,3348,0.21121,0.26613,1.994,0.054711,89.029,28.273,232.91,126
2020-02-08 14:30:29,3349,0.21191,0.26707,1.8724,0.054711,89.401,28.273,229.72,125.33
2020-02-08 14:30:30,3350,0.21253,0.26389,2.7485,-0.60114,89.323,28.275,229.22,125.67
2020-02-08 14:30:31,3351,0.21385,0.26805,2.5684,0.054711,89.168,28.278,229.44,125.33
2020-02-08 14:30:32,3352,0.21358,0.26676,1.8303,0.054711,89.447,28.276,227.53,125
2020-02-08 14:30:33,3353,0.21265,0.26717,2.4891,0.38264,89.149,28.28,240.46,125
2020-02-08 14:30:34,3354,0.21317,0.26651,2.0336,0.054711,89.093,28.281,248.32,126.34
2020-02-08 14:30:36,3355,0.21157,0.26731,1.7245,-0.27322,89.192,28.282,218.69,125.67
2020-02-08 14:30:37,3356,0.21395,0.26654,2.566,0.054711,89.158,28.269,219.28,125.67
2020-02-08 14:30:38,3357,0.21125,0.26652,2.5819,0.38264,89.112,28.272,228.2,125.33
2020-02-08 14:30:39,3358,0.21279,0.26653,2.7034,0.054711,89.002,28.271,207.83,125
2020-02-08 14:30:40,3359,0.21226,0.26728,2.5145,0.054711,89.099,28.271,225.2,126
2020-02-08 14:30:41,3360,0.21394,0.26616,1.7414,0.054711,89.129,28.279,247.67,126
2020-02-08 14:30:42,3361,0.2143,0.26681,2.5478,0.38264,89.504,28.273,236,126
2020-02-08 14:30:43,3362,0.21456,0.26755,2.7761,0.38264,89.157,28.279,218.67,126
2020-02-08 14:30:44,3363,0.21377,0.26893,2.9351,0.054711,89.23,28.281,235.17,126
2020-02-08 14:30:45,3364,0.21483,0.26697,1.91,0.054711,89.71,28.272,226.03,125.33
2020-02-08 14:30:46,3365,0.21162,0.26584,2.5886,0.38264,89.104,28.282,232.74,126.34
2020-02-08 14:30:47,3366,0.21335,0.26676,1.682,0.054711,89.657,28.277,204.23,126.33
2020-02-08 14:30:48,3367,0.21367,0.26581,2.9713,0.054711,89.621,28.277,237.55,126
2020-02-08 14:30:49,3368,0.2143,0.26584,2.6254,0.38264,89.092,28.29,235.92,126
2020-02-08 14:30:50,3369,0.21492,0.26791,2.401,0.054711,89.768,28.286,230.76,126
2020-02-08 14:30:51,3370,0.21424,0.26871,2.8403,0.054711,89.434,28.286,228.07,126
2020-02-08 14:30:53,3371,0.21508,0.26796,2.5631,-0.60114,89.325,28.278,222.62,126
2020-02-08 14:30:54,3372,0.21177,0.26667,2.6038,0.054711,89.419,28.282,241.89,126
2020-02-08 14:30:55,3373,0.21293,0.267,2.6373,0.054711,89.153,28.277,229.08,125.33
2020-02-08 14:30:56,3374,0.21281,0.26598,2.8111,0.38264,89.693,28.281,241.29,126
2020-02-08 14:30:57,3375,0.21356,0.26706,2.3536,0.054711,89.738,28.283,204.3,126
2020-02-08 14:30:58,3376,0.21364,0.26539,1.0355,0.71057,89.458,28.277,211.34,125.33
2020-02-08 14:30:59,3377,0.21406,0.26793,2.3537,0.38264,89.734,28.272,204.8,125.67
2020-02-08 14:31:00,3378,0.21197,0.26809,2.1939,0.054711,89.636,28.276,226.2,125.33
2020-02-08 14:31:01,3379,0.21399,0.26759,2.5322,0.38264,89.667,28.285,232.07,125
2020-02-08 14:31:03,3380,0.21206,0.26739,2.2668,0.38264,89.76,28.278,222.07,125.67
2020-02-08 14:31:04,3381,0.21156,0.26578,2.526,0.38264,89.469,28.278,244.65,126
2020-02-08 14:31:05,3382,0.21296,0.26683,3.0484,0.054711,89.871,28.282,250.88,126
2020-02-08 14:31:06,3383,0.21459,0.26713,2.0827,0.054711,89.794,28.272,221.25,126.34
2020-02-08 14:31:07,3384,0.21346,0.26688,2.145,0.71057,89.726,28.272,227.95,125.67
2020-02-08 14:31:08,3385,0.2148,0.26862,2.3388,0.054711,89.598,28.275,227.42,126.34
2020-02-08 14:31:09,3386,0.21241,0.26848,2.1583,0.054711,89.555,28.283,226.5,126.33
2020-02-08 14:31:10,3387,0.21296,0.26787,2.9548,0.38264,89.732,28.282,245.46,126.67
2020-02-08 14:31:11,3388,0.21269,0.26643,2.9796,0.054711,89.644,28.276,236.43,126.33
2020-02-08 14:31:12,3389,0.21182,0.26638,3.0863,0.38264,89.73,28.285,226.97,125.33
2020-02-08 14:31:13,3390,0.21458,0.26717,2.5691,0.054711,89.806,28.283,217.4,125.67
2020-02-08 14:31:14,3391,0.21387,0.26529,2.6105,0.054711,89.658,28.283,228.54,125.33
2020-02-08 14:31:15,3392,0.21464,0.26827,2.742,-0.27322,89.921,28.286,228.52,125
2020-02-08 14:31:17,3393,0.21246,0.26807,2.3311,0.38264,89.623,28.27,230.5,125.67
2020-02-08 14:31:18,3394,0.2136,0.26832,3.0962,0.38264,89.816,28.289,249.38,124.67
2020-02-08 14:31:19,3395,0.21245,0.26744,2.7123,0.38264,89.895,28.288,228.22,124.67
2020-02-08 14:31:20,3396,0.2112,0.26577,1.288,0.054711,89.772,28.279,202.82,125
2020-02-08 14:31:21,3397,0.21327,0.2644,2.818,0.054711,89.799,28.29,231.78,125
2020-02-08 14:31:22,3398,0.21517,0.26783,2.7757,0.38264,89.899,28.279,227.8,125.67
2020-02-08 14:31:23,3399,0.2135,0.26841,2.8626,0.38264,89.996,28.279,219.78,125.33
2020-02-08 14:31:24,3400,0.21414,0.26834,1.4245,0.38264,89.487,28.279,211.19,125
2020-02-08 14:31:25,3401,0.2132,0.26848,2.6142,0.38264,89.972,28.289,223.47,125
2020-02-08 14:31:26,3402,0.21126,0.2655,2.4481,0.38264,89.913,28.289,223.78,124.33
2020-02-08 14:31:27,3403,0.21422,0.26785,2.2863,-0.27322,89.711,28.289,228.63,124
2020-02-08 14:31:28,3404,0.21153,0.26452,2.491,0.054711,89.566,28.285,228.37,125.34
2020-02-08 14:31:29,3405,0.21322,0.26738,2.204,0.38264,89.484,28.29,224.29,124.67
2020-02-08 14:31:30,3406,0.21227,0.26566,2.4379,0.054711,89.387,28.284,229.43,124
2020-02-08 14:31:32,3407,0.21339,0.26613,2.7368,0.054711,89.168,28.284,245.06,124.67
2020-02-08 14:31:33,3408,0.21213,0.26794,2.0821,0.38264,89.282,28.282,244.62,125
2020-02-08 14:31:34,3409,0.21287,0.26676,2.8613,0.054711,89.395,28.28,226.92,125
2020-02-08 14:31:35,3410,0.21072,0.26541,2.6346,0.38264,89.47,28.276,226.41,124.67
2020-02-08 14:31:36,3411,0.21359,0.26734,2.346,0.38264,89.242,28.276,215.74,125
2020-02-08 14:31:37,3412,0.2096,0.26474,2.6905,0.054711,89.225,28.287,228.63,125
2020-02-08 14:31:38,3413,0.21342,0.26739,2.4004,0.054711,89.269,28.286,230.68,124.33
2020-02-08 14:31:39,3414,0.21311,0.26485,2.5493,0.054711,89.288,28.283,207.29,124.67
2020-02-08 14:31:40,3415,0.21458,0.26664,2.6157,-0.27322,89.206,28.277,226.43,125
2020-02-08 14:31:41,3416,0.21338,0.2687,2.1903,0.054711,89.388,28.271,213.34,124.33
2020-02-08 14:31:42,3417,0.21377,0.26687,2.0899,0.054711,89.375,28.278,219.84,124.67
2020-02-08 14:31:43,3418,0.21385,0.26948,1.1656,0.054711,89.375,28.29,205.53,125.67
2020-02-08 14:31:44,3419,0.21115,0.26609,2.0009,0.054711,89.376,28.28,229.08,126
2020-02-08 14:31:45,3420,0.21364,0.2679,1.242,0.054711,89.023,28.28,206.93,125.33
2020-02-08 14:31:47,3421,0.21291,0.26604,2.4325,0.054711,89.258,28.287,228.65,125
2020-02-08 14:31:48,3422,0.2147,0.26698,2.9024,0.054711,89.294,28.281,240.39,125.67
2020-02-08 14:31:49,3423,0.21366,0.26783,2.7129,-0.27322,89.329,28.289,230.96,124.67
2020-02-08 14:31:50,3424,0.21446,0.26917,2.0865,0.38264,89.267,28.286,248.99,125.67
2020-02-08 14:31:51,3425,0.21137,0.26595,1.8652,0.054711,89.131,28.278,228.67,125.33
2020-02-08 14:31:52,3426,0.21377,0.26766,2.0058,0.054711,89.215,28.288,235.5,124.33
2020-02-08 14:31:53,3427,0.21279,0.26508,1.7555,0.38264,88.997,28.29,227.74,124.67
2020-02-08 14:31:54,3428,0.21435,0.26672,2.4802,0.054711,89.119,28.278,211.6,125
2020-02-08 14:31:55,3429,0.2134,0.26672,2.0153,0.054711,89.326,28.288,222.02,125
2020-02-08 14:31:56,3430,0.21419,0.26726,1.7079,0.054711,89.191,28.292,223.09,125
2020-02-08 14:31:57,3431,0.21322,0.26845,2.7508,0.054711,89.282,28.292,213.25,125
2020-02-08 14:31:58,3432,0.21195,0.26682,2.0604,0.054711,89.127,28.294,233.18,125
2020-02-08 14:31:59,3433,0.21374,0.26748,2.0624,0.38264,89.491,28.294,216.41,125
2020-02-08 14:32:00,3434,0.21098,0.26589,2.101,-0.27322,89.157,28.284,222.44,125
2020-02-08 14:32:02,3435,0.21368,0.26707,2.64,0.054711,89.154,28.292,228.71,125
2020-02-08 14:32:03,3436,0.21291,0.26517,2.8336,0.054711,89.233,28.282,237.34,125.67
2020-02-08 14:32:04,3437,0.21493,0.2672,2.3347,0.054711,89.193,28.295,230.47,125.33
2020-02-08 14:32:05,3438,0.21419,0.26815,2.8476,0.054711,89.083,28.296,237.63,125
2020-02-08 14:32:06,3439,0.21428,0.26812,2.5072,0.054711,89.122,28.301,219.5,125
2020-02-08 14:32:07,3440,0.21143,0.26706,2.4286,0.054711,89.206,28.303,231.22,125
2020-02-08 14:32:08,3441,0.21489,0.26716,2.6328,0.054711,89.018,28.303,228.31,125.67
2020-02-08 14:32:09,3442,0.21104,0.2657,2.8743,0.054711,89.197,28.307,229.25,125.33
2020-02-08 14:32:10,3443,0.21445,0.26806,2.4601,0.054711,89.236,28.316,226.43,125
2020-02-08 14:32:11,3444,0.21415,0.26528,2.9289,0.054711,89.691,28.306,230.78,125
2020-02-08 14:32:12,3445,0.21474,0.26764,2.8379,0.054711,89.723,28.318,229.2,125.67
2020-02-08 14:32:13,3446,0.21419,0.26832,2.9215,0.054711,89.08,28.309,211.58,126
2020-02-08 14:32:14,3447,0.2137,0.26739,3.0627,0.054711,89.227,28.317,235.04,125.33
2020-02-08 14:32:15,3448,0.21565,0.26787,2.8598,0.054711,89.135,28.322,213.25,125.67
2020-02-08 14:32:17,3449,0.21067,0.26537,3.0449,0.054711,89.606,28.319,246.37,125.33
2020-02-08 14:32:18,3450,0.21441,0.26749,1.6964,0.054711,89.136,28.319,216.07,125.67
2020-02-08 14:32:19,3451,0.21361,0.26456,2.7318,0.38264,89.151,28.326,228.13,125.33
2020-02-08 14:32:20,3452,0.21427,0.26713,2.6629,0.054711,89.337,28.326,227.98,126
2020-02-08 14:32:21,3453,0.21438,0.26777,1.8663,0.054711,89.476,28.317,228.62,126
2020-02-08 14:32:22,3454,0.21458,0.26736,1.6981,0.054711,89.779,28.324,219.77,125.33
2020-02-08 14:32:23,3455,0.21209,0.26772,2.4195,0.71057,89.757,28.32,225.12,125.67
2020-02-08 14:32:24,3456,0.2149,0.26598,2.4929,0.054711,89.132,28.314,207.97,126
2020-02-08 14:32:25,3457,0.21128,0.26583,2.3829,0.38264,89.602,28.317,233.91,125.33
2020-02-08 14:32:26,3458,0.21273,0.26724,2.2698,0.38264,89.659,28.317,225.08,125.67
2020-02-08 14:32:27,3459,0.21293,0.26493,2.279,0.054711,89.691,28.317,218.79,125.33
2020-02-08 14:32:28,3460,0.21337,0.2684,2.5761,0.71057,89.705,28.319,229.06,125.67
2020-02-08 14:32:29,3461,0.21389,0.2645,2.4266,0.054711,89.685,28.316,244.02,126
2020-02-08 14:32:30,3462,0.21478,0.26865,2.062,0.054711,89.759,28.32,206.19,125.33
2020-02-08 14:32:31,3463,0.21427,0.26704,2.0925,0.38264,89.819,28.317,230.47,125.67
2020-02-08 14:32:32,3464,0.21336,0.26893,2.1389,0.054711,89.605,28.313,231.52,126
2020-02-08 14:32:33,3465,0.21496,0.26717,1.9105,0.38264,89.673,28.3,219.6,126
2020-02-08 14:32:35,3466,0.21183,0.267,2.5722,-0.27322,89.774,28.301,226.31,126
2020-02-08 14:32:36,3467,0.21372,0.26752,1.765,0.054711,89.713,28.305,216.6,126
2020-02-08 14:32:37,3468,0.2135,0.26452,2.2982,0.054711,89.688,28.305,228.41,126
2020-02-08 14:32:38,3469,0.21481,0.26786,2.1083,0.054711,89.616,28.299,246.74,126
2020-02-08 14:32:39,3470,0.21419,0.2693,1.4123,0.054711,89.788,28.296,207.01,125.67
2020-02-08 14:32:40,3471,0.21549,0.2681,1.8289,0.054711,89.596,28.3,229.62,125.33
2020-02-08 14:32:41,3472,0.21241,0.26818,1.8065,0.38264,89.808,28.301,226.05,125.67
2020-02-08 14:32:42,3473,0.21401,0.2666,1.6188,-0.27322,89.751,28.299,227.08,126
2020-02-08 14:32:43,3474,0.21276,0.26514,1.7756,0.054711,89.708,28.299,227.93,125.33
2020-02-08 14:32:44,3475,0.21428,0.26817,1.2764,0.054711,89.738,28.297,210.43,125.67
2020-02-08 14:32:45,3476,0.21476,0.26598,2.5821,0.38264,89.828,28.297,231.14,126
2020-02-08 14:32:46,3477,0.21469,0.2682,2.4936,0.38264,89.681,28.297,223.08,125.33
2020-02-08 14:32:47,3478,0.21582,0.26856,2.0383,0.054711,89.674,28.305,228.95,126.34
2020-02-08 14:32:48,3479,0.21298,0.26839,1.8464,0.054711,89.824,28.319,226.45,125.67
2020-02-08 14:32:49,3480,0.21407,0.26733,1.1103,-0.27322,89.66,28.304,219.79,125.67
2020-02-08 14:32:51,3481,0.21289,0.26486,2.5692,0.054711,89.688,28.321,221.66,126
2020-02-08 14:32:52,3482,0.21429,0.26776,2.8467,-0.27322,89.677,28.314,242.86,126
2020-02-08 14:32:53,3483,0.21503,0.26659,3.0164,0.054711,89.669,28.324,221.74,126
2020-02-08 14:32:54,3484,0.21467,0.26712,2.4674,0.38264,89.755,28.329,225.65,126
2020-02-08 14:32:55,3485,0.21316,0.2688,1.9804,0.38264,90.116,28.329,226.09,126
2020-02-08 14:32:56,3486,0.21436,0.26713,2.0404,0.054711,89.778,28.327,224.64,126
2020-02-08 14:32:57,3487,0.2128,0.26593,1.5619,0.38264,89.922,28.324,218.12,126.67
2020-02-08 14:32:58,3488,0.21355,0.26686,1.8884,-0.27322,89.897,28.319,220.97,126.33
2020-02-08 14:32:59,3489,0.21477,0.26714,2.051,0.054711,89.792,28.329,236.39,125.33
2020-02-08 14:33:00,3490,0.21506,0.26568,2.2845,0.71057,89.933,28.328,237.39,126.34
2020-02-08 14:33:01,3491,0.21541,0.26848,2.1296,0.054711,89.827,28.32,225.56,126.33
2020-02-08 14:33:02,3492,0.21319,0.26874,2.3305,0.054711,90.04,28.332,205.08,125.33
2020-02-08 14:33:03,3493,0.21497,0.26739,2.2603,0.054711,89.757,28.326,211.31,125.67
2020-02-08 14:33:04,3494,0.21282,0.26622,1.925,0.38264,89.861,28.33,233.3,126.67
2020-02-08 14:33:06,3495,0.21271,0.26649,2.4817,0.38264,89.157,28.33,220.4,126.33
2020-02-08 14:33:07,3496,0.21424,0.26633,2.0662,0.38264,89.716,28.333,224.93,125.33
2020-02-08 14:33:08,3497,0.2148,0.26609,2.4205,0.054711,89.329,28.333,237.83,125.67
2020-02-08 14:33:09,3498,0.21377,0.2688,2.9277,0.38264,89.279,28.327,238.47,126
2020-02-08 14:33:10,3499,0.21564,0.26863,2.5982,0.38264,89.316,28.327,230.91,126
2020-02-08 14:33:11,3500,0.21321,0.26758,2.6811,0.38264,89.755,28.334,232.84,126
2020-02-08 14:33:12,3501,0.21262,0.26699,1.9972,0.054711,89.275,28.334,218.67,126
2020-02-08 14:33:13,3502,0.21376,0.26624,2.0983,0.054711,89.125,28.329,246.91,126
2020-02-08 14:33:14,3503,0.21372,0.26557,2.1144,-0.60114,89.227,28.345,214.77,126
2020-02-08 14:33:15,3504,0.21544,0.26796,1.7048,0.054711,89.52,28.33,225.16,126
2020-02-08 14:33:16,3505,0.21392,0.26666,2.602,0.38264,89.752,28.327,227.22,126
2020-02-08 14:33:17,3506,0.21537,0.26858,1.9601,0.054711,89.283,28.342,228.66,125.33
2020-02-08 14:33:18,3507,0.2134,0.26872,2.661,-0.60114,89.271,28.331,227.48,125.67
2020-02-08 14:33:19,3508,0.21331,0.26752,1.8214,0.38264,89.169,28.341,224.26,126.67
2020-02-08 14:33:21,3509,0.21355,0.26721,1.8565,0.054711,89.232,28.344,227.99,126.33
2020-02-08 14:33:22,3510,0.21245,0.26622,2.4716,0.054711,89.286,28.344,239.37,125.33
2020-02-08 14:33:23,3511,0.21561,0.2676,2.4974,0.38264,89.204,28.34,215.61,125.67
2020-02-08 14:33:24,3512,0.21575,0.26796,2.6659,-0.27322,89.323,28.348,228.23,125
2020-02-08 14:33:25,3513,0.21403,0.26947,1.9309,0.054711,89.424,28.335,229.31,125.67
2020-02-08 14:33:26,3514,0.21397,0.26742,2.8348,0.054711,89.439,28.34,227.45,126
2020-02-08 14:33:27,3515,0.21398,0.26736,1.6476,0.054711,89.387,28.344,221.37,126
2020-02-08 14:33:28,3516,0.21236,0.26625,2.2794,0.054711,89.372,28.341,226,126
2020-02-08 14:33:29,3517,0.21529,0.26741,1.8061,0.054711,89.177,28.333,228.49,126
2020-02-08 14:33:30,3518,0.2148,0.26533,2.6462,0.054711,89.168,28.333,229.91,126
2020-02-08 14:33:31,3519,0.21588,0.26797,2.7265,0.38264,89.212,28.343,215.25,126
2020-02-08 14:33:32,3520,0.21383,0.26851,1.751,0.38264,89.366,28.338,217.36,126
2020-02-08 14:33:33,3521,0.21391,0.26727,1.8781,0.054711,89.297,28.342,225.19,126
2020-02-08 14:33:35,3522,0.21422,0.26738,2.1143,0.71057,89.173,28.343,237.48,125.33
2020-02-08 14:33:36,3523,0.21191,0.26583,1.8356,0.38264,89.281,28.347,229.06,125.67
2020-02-08 14:33:37,3524,0.21498,0.26815,2.0242,0.38264,88.96,28.333,246.85,126
2020-02-08 14:33:38,3525,0.21404,0.26452,2.1622,-0.27322,89.243,28.342,250.87,126
2020-02-08 14:33:39,3526,0.21441,0.26844,2.785,0.054711,89.314,28.335,235.44,125.67
2020-02-08 14:33:40,3527,0.21481,0.26786,2.0387,0.054711,89.127,28.335,235.91,125.33
2020-02-08 14:33:41,3528,0.21488,0.26918,2.1729,0.054711,89.156,28.336,247.89,125.67
2020-02-08 14:33:42,3529,0.2118,0.26583,1.7355,0.054711,89.276,28.339,221.68,126
2020-02-08 14:33:43,3530,0.21494,0.26817,1.9791,0.38264,88.985,28.345,227.62,126
2020-02-08 14:33:44,3531,0.21292,0.26524,1.837,0.054711,89.267,28.361,223.91,126
2020-02-08 14:33:45,3532,0.21552,0.26719,2.7007,0.054711,89.402,28.344,232.63,125.33
2020-02-08 14:33:46,3533,0.21464,0.26655,2.9434,0.38264,89.179,28.35,244.11,125
2020-02-08 14:33:47,3534,0.21551,0.26746,2.9517,0.054711,88.937,28.354,241.34,125.67
2020-02-08 14:33:48,3535,0.21456,0.26985,2.0345,0.054711,89.163,28.354,217.56,126
2020-02-08 14:33:50,3536,0.21301,0.26706,2.0119,0.054711,89.252,28.354,223.09,126
2020-02-08 14:33:51,3537,0.21492,0.26821,2.923,0.71057,89.274,28.353,245.23,126
2020-02-08 14:33:52,3538,0.21175,0.2662,2.873,0.054711,89.151,28.349,232.02,126.67
2020-02-08 14:33:53,3539,0.21509,0.26835,2.3236,0.054711,89.228,28.354,228.32,126.33
2020-02-08 14:33:54,3540,0.21573,0.26808,2.215,0.38264,89.186,28.367,236.26,126
2020-02-08 14:33:55,3541,0.21492,0.27003,2.5739,0.38264,89.152,28.362,228.99,126.67
2020-02-08 14:33:56,3542,0.21438,0.26787,2.4417,0.054711,89.153,28.364,248.28,126.33
2020-02-08 14:33:57,3543,0.21522,0.26921,2.6175,0.054711,89.315,28.365,223.56,126
2020-02-08 14:33:58,3544,0.21158,0.26551,2.6643,0.38264,89.682,28.369,229.62,126
2020-02-08 14:33:59,3545,0.21495,0.26908,2.3281,0.38264,89.051,28.369,227,126
2020-02-08 14:34:00,3546,0.21436,0.26509,2.902,0.054711,88.986,28.371,230.57,126.67
2020-02-08 14:34:01,3547,0.21538,0.26802,2.3571,0.054711,89.028,28.356,228.85,126.33
2020-02-08 14:34:02,3548,0.21426,0.26899,2.592,-0.27322,89.308,28.365,234.81,126
2020-02-08 14:34:03,3549,0.21458,0.26844,2.1901,0.054711,89.628,28.359,215.44,126
2020-02-08 14:34:04,3550,0.21412,0.26929,1.7628,-0.27322,89.611,28.355,214.76,126
2020-02-08 14:34:06,3551,0.21181,0.26637,2.3903,0.054711,89.235,28.359,228.06,126
2020-02-08 14:34:07,3552,0.21413,0.26758,2.8802,0.054711,89.534,28.357,241.16,125.33
2020-02-08 14:34:08,3553,0.21287,0.26661,3.0113,0.054711,89.717,28.355,237.46,125.67
2020-02-08 14:34:09,3554,0.21399,0.2658,2.4905,0.71057,89.683,28.362,225.82,125.67
2020-02-08 14:34:10,3555,0.21529,0.26845,2.6786,0.71057,89.594,28.362,227.64,125.67
2020-02-08 14:34:11,3556,0.21378,0.26846,2.6333,0.054711,89.714,28.357,229.44,126
2020-02-08 14:34:12,3557,0.21401,0.26833,2.2138,-0.27322,89.689,28.366,225.27,126.67
2020-02-08 14:34:13,3558,0.2147,0.26819,2.4749,0.38264,89.617,28.359,228.05,126.33
2020-02-08 14:34:14,3559,0.21127,0.26635,2.6319,0.38264,89.605,28.352,224.03,126
2020-02-08 14:34:15,3560,0.2148,0.26809,2.6236,-0.27322,89.861,28.363,237.35,126
2020-02-08 14:34:16,3561,0.21307,0.26475,2.7559,0.054711,89.525,28.354,206.85,126
2020-02-08 14:34:17,3562,0.21526,0.26842,2.385,0.054711,89.702,28.35,216,126.67
2020-02-08 14:34:18,3563,0.21388,0.26744,2.6361,0.38264,89.775,28.356,229.46,126.33
2020-02-08 14:34:20,3564,0.21464,0.26786,2.3546,0.054711,89.698,28.357,246.37,125.33
2020-02-08 14:34:21,3565,0.21461,0.26999,2.297,0.054711,89.837,28.357,248.87,125.67
2020-02-08 14:34:22,3566,0.21252,0.26687,2.2491,0.054711,89.593,28.344,228.09,125.33
2020-02-08 14:34:23,3567,0.21154,0.26637,2.8057,0.054711,89.664,28.344,234.46,126
2020-02-08 14:34:24,3568,0.21447,0.26815,1.8942,0.054711,89.811,28.352,225.7,126
2020-02-08 14:34:25,3569,0.21497,0.26562,2.554,0.054711,89.746,28.347,222.89,126
2020-02-08 14:34:26,3570,0.21525,0.26869,2.127,0.054711,89.982,28.341,252.01,126
2020-02-08 14:34:27,3571,0.21471,0.26874,2.3244,0.054711,89.654,28.35,229.57,126
2020-02-08 14:34:28,3572,0.21473,0.26914,1.874,0.38264,89.727,28.349,203.12,126
2020-02-08 14:34:29,3573,0.21525,0.26747,2.2417,0.38264,89.699,28.349,247.99,126
2020-02-08 14:34:30,3574,0.21173,0.26702,2.5233,0.054711,89.787,28.342,222.14,126
2020-02-08 14:34:31,3575,0.21471,0.26856,2.3612,-0.27322,90.051,28.349,251.23,126
2020-02-08 14:34:32,3576,0.21486,0.26547,2.9434,0.38264,89.618,28.342,250.94,126
2020-02-08 14:34:33,3577,0.21569,0.26966,2.2601,0.054711,89.832,28.349,213.22,126
2020-02-08 14:34:34,3578,0.2147,0.26808,2.2934,0.38264,89.773,28.347,210.63,126
2020-02-08 14:34:35,3579,0.2138,0.26939,2.668,0.054711,89.771,28.353,231.47,126
2020-02-08 14:34:36,3580,0.21546,0.26717,2.9984,0.054711,89.952,28.344,248.43,126.67
2020-02-08 14:34:37,3581,0.21144,0.26649,2.6949,0.054711,89.695,28.35,234.1,126.33
2020-02-08 14:34:39,3582,0.21415,0.26881,2.3695,0.38264,89.88,28.35,212.61,126
2020-02-08 14:34:40,3583,0.21409,0.26478,2.56,0.38264,89.849,28.352,218.89,126
2020-02-08 14:34:41,3584,0.21529,0.26898,2.3507,-0.27322,89.677,28.357,228.28,126
2020-02-08 14:34:42,3585,0.21459,0.26843,1.5867,0.38264,89.302,28.354,217.03,126
2020-02-08 14:34:43,3586,0.21569,0.26804,2.1145,0.38264,89.393,28.354,241.2,126.67
2020-02-08 14:34:44,3587,0.21217,0.26715,2.6247,0.38264,89.127,28.367,204.53,126.33
2020-02-08 14:34:45,3588,0.21435,0.26744,2.6694,0.054711,89.126,28.351,216.53,126
2020-02-08 14:34:46,3589,0.21423,0.26552,2.5618,0.054711,89.212,28.353,229.99,126
2020-02-08 14:34:47,3590,0.21558,0.26857,1.7816,0.38264,89.215,28.352,227.78,126
2020-02-08 14:34:48,3591,0.21535,0.2689,3.0611,0.38264,89.143,28.352,251.13,126.67
2020-02-08 14:34:49,3592,0.21409,0.26954,2.5392,0.71057,89.209,28.354,229.1,126.33
2020-02-08 14:34:50,3593,0.21601,0.26795,2.6912,0.38264,89.243,28.355,227.65,126
2020-02-08 14:34:51,3594,0.21269,0.26694,2.606,0.054711,89.137,28.361,233.25,126.67
2020-02-08 14:34:52,3595,0.21387,0.26788,1.8304,0.054711,89.269,28.358,230.81,126.33
2020-02-08 14:34:54,3596,0.21535,0.26567,2.6388,0.38264,89.113,28.358,250.72,126
2020-02-08 14:34:55,3597,0.21525,0.26866,2.3371,0.054711,89.018,28.356,221.07,126
2020-02-08 14:34:56,3598,0.21582,0.26918,1.6436,0.71057,89.426,28.357,222.24,125.33
2020-02-08 14:34:57,3599,0.21388,0.26955,1.9672,-0.27322,89.268,28.361,221.94,126.34
2020-02-08 14:34:58,3600,0.21285,0.26613,2.3923,0.71057,89.224,28.356,229.64,126
2020-02-08 14:34:59,3601,0.21399,0.26825,2.5065,0.38264,89.268,28.352,234.02,126
2020-02-08 14:35:00,3602,0.2159,0.26727,0.98477,0.054711,89.415,28.354,204.24,126
2020-02-08 14:35:01,3603,0.21501,0.26826,3.0668,0.054711,89.179,28.354,245.95,126
2020-02-08 14:35:02,3604,0.2162,0.27005,2.5087,0.054711,89.294,28.363,249.85,126
2020-02-08 14:35:03,3605,0.21359,0.26918,2.6266,0.054711,89.286,28.356,228.94,126
2020-02-08 14:35:04,3606,0.2146,0.26867,2.5496,0.38264,89.301,28.357,232.17,125.33
2020-02-08 14:35:05,3607,0.21316,0.26591,2.5108,0.38264,89.232,28.357,219.4,126.34
2020-02-08 14:35:06,3608,0.21299,0.26756,2.5188,0.38264,89.072,28.357,212.71,126.33
2020-02-08 14:35:07,3609,0.21489,0.26777,2.7008,0.054711,89.123,28.354,243.31,126
2020-02-08 14:35:09,3610,0.21485,0.26581,2.8206,0.38264,89.236,28.354,235.95,126
2020-02-08 14:35:10,3611,0.21506,0.26887,3.1832,0.38264,89.234,28.354,237.18,126.67
2020-02-08 14:35:11,3612,0.21388,0.2693,2.4569,0.38264,89.244,28.359,228.91,125.67
2020-02-08 14:35:12,3613,0.21476,0.26832,2.3686,0.054711,89.272,28.348,228.88,125.67
2020-02-08 14:35:13,3614,0.21254,0.26699,3.0992,-0.27322,89.094,28.352,238.73,126
2020-02-08 14:35:14,3615,0.21411,0.26776,2.8232,0.054711,89.085,28.338,219.06,126
2020-02-08 14:35:15,3616,0.21433,0.26564,2.5739,0.054711,89.197,28.351,229.21,126.67
2020-02-08 14:35:16,3617,0.21521,0.26818,2.4505,0.054711,89.122,28.353,225.45,126.33
2020-02-08 14:35:17,3618,0.21473,0.2691,0.94542,0.054711,89.088,28.35,210.88,126.67
2020-02-08 14:35:18,3619,0.21533,0.26859,2.9792,0.054711,89.05,28.352,249.5,126.33
2020-02-08 14:35:19,3620,0.21303,0.26808,2.8084,0.054711,89.08,28.348,209.73,126
2020-02-08 14:35:20,3621,0.21313,0.2671,2.594,0.38264,89.619,28.334,228.71,126
2020-02-08 14:35:21,3622,0.2135,0.26753,2.7415,0.38264,89.727,28.334,231.61,126
2020-02-08 14:35:22,3623,0.21288,0.26535,2.7884,0.054711,89.657,28.354,227.74,126
2020-02-08 14:35:23,3624,0.21482,0.26802,2.2379,0.054711,89.625,28.355,224.61,126
2020-02-08 14:35:25,3625,0.21399,0.26806,2.5771,0.054711,89.091,28.356,227.02,126
2020-02-08 14:35:26,3626,0.21409,0.26765,2.6146,0.054711,89.08,28.351,216.44,126
2020-02-08 14:35:27,3627,0.21274,0.26938,2.5755,0.38264,89.344,28.347,202.87,126
2020-02-08 14:35:28,3628,0.21391,0.26762,2.6804,0.054711,89.615,28.356,230.74,125.67
2020-02-08 14:35:29,3629,0.21242,0.26582,2.6677,0.054711,89.682,28.349,219.45,125.67
2020-02-08 14:35:30,3630,0.21519,0.26819,2.6627,0.054711,89.63,28.353,220.62,126
2020-02-08 14:35:31,3631,0.21497,0.26639,2.2397,0.054711,89.853,28.353,228.39,126
2020-02-08 14:35:32,3632,0.21554,0.26775,1.0175,0.38264,89.603,28.354,248.28,126
2020-02-08 14:35:33,3633,0.21432,0.27005,2.4984,0.054711,89.598,28.352,220.68,126.67
2020-02-08 14:35:34,3634,0.21429,0.26711,2.2221,0.38264,88.925,28.346,223.23,125.67
2020-02-08 14:35:35,3635,0.21404,0.26852,2.8225,0.38264,89.594,28.342,233.81,125.67
2020-02-08 14:35:36,3636,0.21224,0.26574,2.6354,0.054711,89.59,28.352,227.62,126
2020-02-08 14:35:38,3637,0.21504,0.26758,3.0293,0.38264,89.631,28.343,237.24,126.67
2020-02-08 14:35:39,3638,0.21458,0.26554,1.9498,0.38264,89.613,28.348,228.88,126.33
2020-02-08 14:35:40,3639,0.21565,0.26694,2.0552,0.054711,89.7,28.348,239.43,126
2020-02-08 14:35:41,3640,0.2144,0.269,1.9649,-0.27322,89.746,28.354,225.67,126
2020-02-08 14:35:42,3641,0.2142,0.26897,2.9807,0.38264,89.637,28.353,240.64,126.67
2020-02-08 14:35:43,3642,0.21205,0.266,1.1041,0.38264,89.666,28.353,212.78,126.33
2020-02-08 14:35:44,3643,0.21462,0.26846,2.7113,0.71057,89.666,28.354,228.06,126
2020-02-08 14:35:45,3644,0.21372,0.2647,2.3792,0.38264,89.607,28.36,224.17,126
2020-02-08 14:35:46,3645,0.21554,0.26804,2.0512,0.054711,89.658,28.355,231.53,126.67
2020-02-08 14:35:47,3646,0.21444,0.26817,2.1343,0.38264,89.755,28.364,206.48,125.67
2020-02-08 14:35:49,3647,0.21481,0.26873,2.7758,0.054711,89.838,28.375,227.37,125.67
2020-02-08 14:35:50,3648,0.21395,0.26984,2.5591,0.054711,89.716,28.369,203.58,126.67
2020-02-08 14:35:51,3649,0.21257,0.26616,2.2692,0.054711,89.945,28.37,229.5,126.33
2020-02-08 14:35:52,3650,0.21307,0.26537,2.4184,0.054711,89.788,28.362,232.65,126
2020-02-08 14:35:53,3651,0.21498,0.26731,2.6157,-0.27322,89.39,28.368,218.09,126
2020-02-08 14:35:54,3652,0.21439,0.26695,2.6574,0.054711,89.711,28.37,218.5,126
2020-02-08 14:35:55,3653,0.21465,0.26701,2.8857,0.054711,89.707,28.37,251,126
2020-02-08 14:35:56,3654,0.21358,0.27006,2.7993,-0.27322,89.755,28.367,224.87,126
2020-02-08 14:35:57,3655,0.21376,0.26741,1.3192,0.054711,89.805,28.37,219.46,126.67
2020-02-08 14:35:58,3656,0.21413,0.26799,3.161,0.054711,89.952,28.372,245.76,125.67
2020-02-08 14:35:59,3657,0.21108,0.26566,2.6606,-0.27322,89.769,28.372,210.16,125.67
2020-02-08 14:36:00,3658,0.21421,0.2681,2.6317,0.71057,89.895,28.367,223.24,126
2020-02-08 14:36:02,3659,0.21416,0.26545,2.8845,0.054711,89.933,28.37,231.42,126
2020-02-08 14:36:03,3660,0.21615,0.26815,2.7876,0.054711,89.681,28.381,232.23,126
2020-02-08 14:36:04,3661,0.21401,0.26832,3.0927,0.054711,89.946,28.366,251.43,126.67
2020-02-08 14:36:05,3662,0.21544,0.26924,2.0173,0.054711,89.815,28.36,227.06,125.67
2020-02-08 14:36:06,3663,0.2118,0.26693,2.7538,0.054711,89.838,28.36,223.87,126
2020-02-08 14:36:07,3664,0.21491,0.26832,2.8269,0.054711,89.959,28.366,216.1,126.67
2020-02-08 14:36:08,3665,0.21401,0.26533,2.6112,0.054711,89.829,28.365,229.95,126.33
2020-02-08 14:36:09,3666,0.21604,0.26817,2.8317,-0.27322,89.158,28.362,210.94,126
2020-02-08 14:36:10,3667,0.21399,0.26872,2.7859,0.38264,89.284,28.364,230.55,126
2020-02-08 14:36:11,3668,0.2151,0.26905,2.0059,0.054711,89.785,28.36,227.55,126.67
2020-02-08 14:36:12,3669,0.21513,0.26993,2.8125,0.054711,89.861,28.356,228.81,126.33
2020-02-08 14:36:13,3670,0.21184,0.26556,2.3756,-0.27322,89.926,28.365,224.92,126
2020-02-08 14:36:14,3671,0.21567,0.26804,2.4722,-0.27322,89.427,28.359,232.46,126
2020-02-08 14:36:16,3672,0.21448,0.26511,2.7073,0.38264,89.892,28.379,221.72,126
2020-02-08 14:36:17,3673,0.21621,0.26775,2.5079,0.054711,89.766,28.362,201.37,126
2020-02-08 14:36:18,3674,0.21481,0.26957,2.1201,0.054711,89.214,28.362,222.44,126
2020-02-08 14:36:19,3675,0.21536,0.26935,2.6045,0.38264,89.397,28.36,228.17,126
2020-02-08 14:36:20,3676,0.21184,0.26626,2.1832,0.054711,89.235,28.358,233.72,126
2020-02-08 14:36:21,3677,0.21468,0.26854,2.4823,0.054711,89.175,28.361,226.96,125.33
2020-02-08 14:36:22,3678,0.21429,0.26576,2.6504,0.054711,89.208,28.36,227.7,125.67
2020-02-08 14:36:23,3679,0.21572,0.26797,2.329,0.054711,89.259,28.362,235.38,125.33
2020-02-08 14:36:24,3680,0.21512,0.26971,2.698,0.054711,89.154,28.362,226.59,125.67
2020-02-08 14:36:25,3681,0.21451,0.26819,2.0164,0.38264,89.093,28.361,229.57,126
2020-02-08 14:36:26,3682,0.21476,0.26859,2.6113,0.38264,89.136,28.361,230.69,125.33
2020-02-08 14:36:27,3683,0.21148,0.26576,1.8277,0.054711,89.137,28.362,220.25,125.67
2020-02-08 14:36:28,3684,0.21458,0.26755,1.7166,-0.27322,89.282,28.361,217.17,125.33
2020-02-08 14:36:29,3685,0.21436,0.26531,2.2207,-0.27322,89.227,28.365,251.69,125.67
2020-02-08 14:36:30,3686,0.21597,0.26885,2.2481,0.054711,89.107,28.367,245.97,126
2020-02-08 14:36:32,3687,0.21464,0.26836,2.6818,0.38264,89.195,28.355,235.56,126.67
2020-02-08 14:36:33,3688,0.21543,0.26922,2.697,0.054711,89.011,28.358,227.22,126.33
2020-02-08 14:36:34,3689,0.21579,0.26757,2.1959,0.054711,89.086,28.358,231.51,126
2020-02-08 14:36:35,3690,0.21178,0.26665,2.9908,-0.27322,89.038,28.363,244.63,126
2020-02-08 14:36:36,3691,0.21586,0.26892,2.5211,0.38264,89.134,28.371,227.33,126
2020-02-08 14:36:37,3692,0.21559,0.26566,2.2437,0.054711,89.279,28.371,227.99,126.33
2020-02-08 14:36:38,3693,0.21599,0.2695,2.7744,0.38264,89.191,28.382,229.84,126.67
2020-02-08 14:36:39,3694,0.21341,0.26822,2.5358,0.054711,89.239,28.369,241.43,125.67
2020-02-08 14:36:40,3695,0.216,0.26751,2.4292,0.71057,88.948,28.378,230.94,125
2020-02-08 14:36:41,3696,0.21359,0.26511,2.9228,0.054711,88.956,28.37,248.16,126.34
2020-02-08 14:36:42,3697,0.21536,0.26795,2.3564,0.054711,89.112,28.378,214.05,126.33
2020-02-08 14:36:43,3698,0.21482,0.267,2.6777,0.38264,89.085,28.381,233.96,126
2020-02-08 14:36:44,3699,0.21545,0.26925,2.3856,-0.27322,89.555,28.389,220.4,126
2020-02-08 14:36:45,3700,0.21646,0.26848,2.9607,-0.27322,89.426,28.389,232.72,126.67
2020-02-08 14:36:46,3701,0.21156,0.26728,2.8507,0.054711,89.417,28.388,241.64,126.33
2020-02-08 14:36:48,3702,0.21497,0.26767,2.6655,-0.27322,89.266,28.393,228.9,126
2020-02-08 14:36:49,3703,0.2138,0.26448,2.5783,0.38264,89.121,28.384,227.31,126
2020-02-08 14:36:50,3704,0.2146,0.26801,2.5982,0.38264,89.609,28.392,222.61,126
2020-02-08 14:36:51,3705,0.21419,0.26894,1.557,0.054711,89.634,28.398,218.69,126.67
2020-02-08 14:36:52,3706,0.21501,0.26799,2.3681,0.054711,89.757,28.407,216.94,127
2020-02-08 14:36:53,3707,0.21108,0.26751,2.2869,0.054711,89.287,28.409,228.35,126.33
2020-02-08 14:36:54,3708,0.21443,0.2679,2.8166,0.38264,89.556,28.415,231.25,126
2020-02-08 14:36:55,3709,0.21245,0.2651,2.2052,0.054711,89.145,28.417,234.05,126
2020-02-08 14:36:56,3710,0.21375,0.26789,2.8656,0.054711,89.468,28.417,240.2,126
2020-02-08 14:36:57,3711,0.21437,0.266,2.6154,0.054711,89.628,28.421,224.22,126
2020-02-08 14:36:58,3712,0.21435,0.26876,2.7411,0.054711,89.726,28.419,230.83,126.67
2020-02-08 14:36:59,3713,0.21486,0.26889,2.6121,-0.27322,89.739,28.418,231.73,125.67
2020-02-08 14:37:00,3714,0.21207,0.26788,2.0146,0.38264,89.698,28.426,232.44,126.34
2020-02-08 14:37:02,3715,0.21439,0.26812,3.1473,0.054711,89.579,28.435,250.99,126.33
2020-02-08 14:37:03,3716,0.21197,0.2658,2.9054,0.38264,89.655,28.422,216.03,126.67
2020-02-08 14:37:04,3717,0.21277,0.26782,2.3444,0.054711,89.667,28.431,250.26,126.33
2020-02-08 14:37:05,3718,0.21433,0.26588,2.9573,0.054711,89.679,28.427,242.3,126
2020-02-08 14:37:06,3719,0.21459,0.26913,2.8103,0.054711,89.662,28.427,217.53,126
2020-02-08 14:37:07,3720,0.21316,0.26874,2.0101,0.054711,89.599,28.438,229.09,126
2020-02-08 14:37:08,3721,0.21477,0.26798,2.059,0.054711,89.6,28.427,224.64,126.67
2020-02-08 14:37:09,3722,0.21171,0.26672,2.7613,0.054711,89.658,28.427,227.68,126.33
2020-02-08 14:37:10,3723,0.21261,0.26796,2.1611,0.054711,89.536,28.429,228.66,126
2020-02-08 14:37:11,3724,0.21431,0.26613,2.1583,0.054711,89.512,28.428,209.91,126
2020-02-08 14:37:12,3725,0.21421,0.26732,2.3189,0.054711,89.588,28.419,207.29,126
2020-02-08 14:37:13,3726,0.21501,0.26871,2.0552,0.71057,89.639,28.427,222.06,126
2020-02-08 14:37:14,3727,0.21377,0.26933,2.7553,0.054711,89.792,28.435,231.69,126
2020-02-08 14:37:15,3728,0.21481,0.26814,2.3378,0.054711,89.681,28.426,231.86,126.67
2020-02-08 14:37:17,3729,0.2115,0.26578,2.7339,0.38264,89.808,28.429,228.05,126.33
2020-02-08 14:37:18,3730,0.21244,0.26795,2.3134,0.054711,89.787,28.435,207.04,126.67
2020-02-08 14:37:19,3731,0.21368,0.26634,2.687,0.054711,89.79,28.42,233.93,126.33
2020-02-08 14:37:20,3732,0.21483,0.26915,2.3108,0.054711,89.781,28.42,244.5,126
2020-02-08 14:37:21,3733,0.21394,0.26811,2.278,0.054711,89.838,28.422,221.71,126.67
2020-02-08 14:37:22,3734,0.21488,0.26931,2.0688,0.054711,89.204,28.428,222.1,126.33
2020-02-08 14:37:23,3735,0.21141,0.26702,2.0636,0.38264,89.734,28.423,228.2,126
2020-02-08 14:37:24,3736,0.21282,0.26708,2.3021,0.054711,89.658,28.422,241.56,126
2020-02-08 14:37:25,3737,0.21286,0.26705,1.996,0.054711,89.776,28.421,227.12,126
2020-02-08 14:37:26,3738,0.21257,0.26566,2.2462,0.054711,89.954,28.424,226.97,126.67
2020-02-08 14:37:27,3739,0.21418,0.26718,2.6284,-0.27322,89.765,28.427,228.78,125.67
2020-02-08 14:37:28,3740,0.21418,0.26686,2.2184,-0.27322,89.243,28.421,220.23,126.34
2020-02-08 14:37:29,3741,0.21494,0.26871,2.2036,0.38264,89.716,28.421,247.65,126.33
2020-02-08 14:37:31,3742,0.21236,0.2692,3.0025,0.38264,89.592,28.411,242.55,126.67
2020-02-08 14:37:32,3743,0.21415,0.26792,2.7477,0.054711,89.881,28.404,233.09,126.33
2020-02-08 14:37:33,3744,0.21252,0.26752,2.5102,0.054711,89.299,28.409,208.04,126
2020-02-08 14:37:34,3745,0.21362,0.26686,2.6466,0.054711,89.564,28.416,215.55,125.33
2020-02-08 14:37:35,3746,0.21467,0.26662,1.6398,0.054711,89.449,28.408,205.07,125.67
2020-02-08 14:37:36,3747,0.2149,0.26817,2.5738,0.054711,89.593,28.409,247.48,126
2020-02-08 14:37:37,3748,0.21315,0.26918,2.4242,0.38264,89.556,28.405,228.25,126
2020-02-08 14:37:38,3749,0.21421,0.26871,2.5847,0.054711,89.105,28.41,239.73,125.33
2020-02-08 14:37:39,3750,0.21239,0.26815,1.8632,0.054711,89.901,28.413,225.29,125.67
2020-02-08 14:37:40,3751,0.21141,0.26554,3.1013,0.054711,89.919,28.413,248.97,126
2020-02-08 14:37:41,3752,0.21363,0.26796,2.5686,0.71057,89.49,28.411,236.31,126
2020-02-08 14:37:42,3753,0.21398,0.26547,2.9104,0.054711,89.71,28.408,242.14,126
2020-02-08 14:37:44,3754,0.21471,0.26846,2.6855,0.054711,89.207,28.419,228.14,126
2020-02-08 14:37:45,3755,0.21389,0.26845,2.7988,0.38264,89.848,28.416,238.77,126
2020-02-08 14:37:46,3756,0.215,0.26866,2.6629,0.054711,89.227,28.421,226.76,126
2020-02-08 14:37:47,3757,0.21333,0.26931,2.5006,0.054711,89.206,28.427,222.41,126
2020-02-08 14:37:48,3758,0.21361,0.26843,2.6784,0.054711,89.222,28.428,233.26,126
2020-02-08 14:37:49,3759,0.21269,0.26646,2.7407,0.054711,89.689,28.43,228.33,126
2020-02-08 14:37:50,3760,0.21418,0.2682,2.5572,0.71057,89.272,28.424,229.86,126
2020-02-08 14:37:51,3761,0.21423,0.26684,2.6482,0.71057,89.156,28.424,221.39,126
2020-02-08 14:37:52,3762,0.21447,0.26768,2.5673,0.38264,89.322,28.424,222.27,125.33
2020-02-08 14:37:53,3763,0.21368,0.27018,0.91069,0.054711,89.641,28.421,203.71,125.67
2020-02-08 14:37:54,3764,0.21388,0.26795,0.94163,0.054711,89.068,28.422,221.81,126
2020-02-08 14:37:55,3765,0.21352,0.26912,2.5433,0.38264,89.277,28.427,225.02,126.67
2020-02-08 14:37:56,3766,0.2119,0.26585,0.91078,-0.27322,89.188,28.416,206.72,126.33
2020-02-08 14:37:58,3767,0.2142,0.26917,2.6427,0.054711,89.228,28.424,229.55,126.67
2020-02-08 14:37:59,3768,0.21393,0.26562,2.3083,0.054711,89.597,28.428,229.01,125.67
2020-02-08 14:38:00,3769,0.21548,0.26832,3.0037,0.054711,89.096,28.425,249,125.67
2020-02-08 14:38:01,3770,0.21444,0.26915,0.89946,0.054711,89.236,28.421,203.96,126.67
2020-02-08 14:38:02,3771,0.21369,0.26969,2.2616,0.71057,89.244,28.421,237.04,126.33
2020-02-08 14:38:03,3772,0.21188,0.26616,2.9894,0.054711,89.278,28.43,244.64,126
2020-02-08 14:38:04,3773,0.21388,0.26867,2.7923,-0.60114,89.2,28.42,212.76,126
2020-02-08 14:38:05,3774,0.21234,0.26544,2.4461,0.054711,89.151,28.433,232.44,126
2020-02-08 14:38:06,3775,0.21393,0.26772,2.6316,0.38264,89.146,28.429,232,126
2020-02-08 14:38:07,3776,0.21395,0.2668,2.7995,0.38264,89.277,28.425,244.35,126
2020-02-08 14:38:08,3777,0.21422,0.26716,2.3404,0.054711,89.205,28.421,223.84,126
2020-02-08 14:38:09,3778,0.21356,0.26993,2.7373,0.71057,89.182,28.425,242.87,126
2020-02-08 14:38:10,3779,0.21379,0.26798,2.5894,0.38264,89.098,28.427,206.61,126.67
2020-02-08 14:38:12,3780,0.21422,0.2693,2.6655,-0.27322,89.241,28.436,201.75,126.33
2020-02-08 14:38:13,3781,0.21101,0.26589,2.8755,-0.27322,89.31,28.436,246.82,125.33
2020-02-08 14:38:14,3782,0.21412,0.26781,2.399,0.054711,89.21,28.429,225.58,126.34
2020-02-08 14:38:15,3783,0.21501,0.26747,2.5392,0.054711,89.094,28.422,215.8,126
2020-02-08 14:38:16,3784,0.21339,0.26861,2.6597,0.054711,89.084,28.429,204.84,126.67
2020-02-08 14:38:17,3785,0.21383,0.26875,2.494,0.054711,89.249,28.429,231.35,125.67
2020-02-08 14:38:18,3786,0.21362,0.26987,2.4687,-0.27322,89.127,28.428,229.8,125.67
2020-02-08 14:38:19,3787,0.21087,0.26655,2.632,-0.27322,89.106,28.433,238.18,126.67
2020-02-08 14:38:20,3788,0.21357,0.26847,0.98789,0.054711,89.089,28.43,206.53,126.33
2020-02-08 14:38:21,3789,0.21227,0.26591,2.6409,0.38264,89.376,28.434,232.83,126
2020-02-08 14:38:22,3790,0.2141,0.26817,2.9055,0.38264,89.087,28.434,230.69,126
2020-02-08 14:38:23,3791,0.2132,0.26665,3.1091,0.054711,89.591,28.43,245.61,126
2020-02-08 14:38:25,3792,0.21465,0.26846,3.0556,0.054711,89.47,28.424,248.43,126
2020-02-08 14:38:26,3793,0.21344,0.2695,2.7781,0.054711,89.042,28.438,225.8,126
2020-02-08 14:38:27,3794,0.21332,0.26837,1.0353,-0.27322,89.52,28.45,209.36,126
2020-02-08 14:38:28,3795,0.21415,0.26837,2.4957,0.054711,89.707,28.44,217.35,126
2020-02-08 14:38:29,3796,0.21135,0.26686,2.4253,0.054711,89.565,28.438,228.9,126
2020-02-08 14:38:30,3797,0.21399,0.26827,2.6508,0.054711,89.619,28.435,225.89,126
2020-02-08 14:38:31,3798,0.21449,0.26788,0.99475,0.054711,89.555,28.435,207.37,125.67
2020-02-08 14:38:32,3799,0.21315,0.26845,2.98,0.38264,89.563,28.442,244.29,126.34
2020-02-08 14:38:33,3800,0.21449,0.26888,0.9282,-0.27322,89.609,28.442,213.82,125.67
2020-02-08 14:38:34,3801,0.21391,0.26925,2.6182,0.054711,89.582,28.439,222.3,126.34
2020-02-08 14:38:35,3802,0.21184,0.26764,2.8918,0.054711,89.608,28.44,250.78,126.33
2020-02-08 14:38:36,3803,0.2148,0.26801,0.88673,0.054711,89.58,28.449,209.06,126
2020-02-08 14:38:37,3804,0.21101,0.26645,2.7336,-0.27322,89.69,28.439,209.01,126
2020-02-08 14:38:38,3805,0.21417,0.26852,2.9113,0.054711,89.933,28.436,235.35,125.33
2020-02-08 14:38:39,3806,0.21358,0.26522,2.2685,0.054711,89.555,28.438,225.35,126.34
2020-02-08 14:38:40,3807,0.21455,0.26762,2.1405,0.054711,89.956,28.438,227.85,126.33
2020-02-08 14:38:41,3808,0.2135,0.26929,2.728,-0.27322,89.874,28.443,209.29,126
2020-02-08 14:38:42,3809,0.21362,0.26764,2.7939,0.054711,89.844,28.43,237.3,126
2020-02-08 14:38:44,3810,0.21477,0.26994,2.7762,-0.27322,89.562,28.435,223.38,126.67
2020-02-08 14:38:45,3811,0.21094,0.26726,2.0836,0.054711,89.729,28.436,243.58,126.33
2020-02-08 14:38:46,3812,0.21436,0.26816,3.2233,-0.27322,89.621,28.437,240.23,126
2020-02-08 14:38:47,3813,0.21373,0.26797,2.5929,0.054711,89.847,28.438,219.34,126
2020-02-08 14:38:48,3814,0.21435,0.26651,2.6981,0.054711,89.587,28.434,233.67,126
2020-02-08 14:38:49,3815,0.21427,0.26914,2.9282,-0.27322,89.671,28.441,235.12,126.67
2020-02-08 14:38:50,3816,0.21383,0.26808,1.7667,-0.27322,89.06,28.441,220.46,126.33
2020-02-08 14:38:51,3817,0.21348,0.26941,2.2124,-0.27322,89.851,28.439,232.27,125.33
2020-02-08 14:38:52,3818,0.21458,0.26698,2.3238,0.054711,89.862,28.438,239.39,126.34
2020-02-08 14:38:53,3819,0.2107,0.26669,2.1869,0.38264,89.387,28.434,228.75,125.67
2020-02-08 14:38:54,3820,0.21365,0.26839,2.7295,0.054711,89.81,28.447,223.91,125.67
2020-02-08 14:38:55,3821,0.21343,0.26475,2.0308,0.38264,89.368,28.437,229.83,126
2020-02-08 14:38:56,3822,0.2141,0.2697,2.3984,0.054711,89.146,28.442,216.04,125.33
2020-02-08 14:38:57,3823,0.21368,0.26695,2.9777,0.38264,89.135,28.438,242.65,126.34
2020-02-08 14:38:58,3824,0.21428,0.27018,2.1599,0.38264,89.394,28.438,242.1,126.33
2020-02-08 14:38:59,3825,0.21443,0.26787,1.8268,-0.27322,89.188,28.448,228.48,126
2020-02-08 14:39:00,3826,0.21084,0.26801,2.9602,0.054711,89.16,28.433,237.92,125.33
2020-02-08 14:39:02,3827,0.21454,0.2678,1.312,0.054711,89.076,28.441,209.49,125.67
2020-02-08 14:39:03,3828,0.21129,0.26585,2.6149,0.054711,89.039,28.45,224.11,126
2020-02-08 14:39:04,3829,0.213,0.26797,2.0854,-0.27322,89.164,28.444,234.18,125.33
2020-02-08 14:39:05,3830,0.21323,0.26509,1.1803,-0.27322,89.061,28.435,213.01,126.34
2020-02-08 14:39:06,3831,0.21369,0.26757,2.7755,0.38264,89.119,28.435,202.29,126.33
2020-02-08 14:39:07,3832,0.21355,0.26858,2.5744,0.38264,89.119,28.445,222.75,125.33
2020-02-08 14:39:08,3833,0.21489,0.26887,1.8915,0.38264,89.324,28.445,215.35,125.67
2020-02-08 14:39:09,3834,0.21192,0.26849,1.9305,0.054711,89.122,28.447,228.28,126.67
2020-02-08 14:39:10,3835,0.21418,0.26765,1.2125,0.38264,89.154,28.438,213.78,125.67
2020-02-08 14:39:11,3836,0.21165,0.26633,1.9848,0.38264,89.281,28.439,214.25,125.67
2020-02-08 14:39:12,3837,0.21254,0.26778,2.4855,0.054711,88.89,28.444,232.8,126
2020-02-08 14:39:13,3838,0.21299,0.26451,2.6051,0.054711,89.084,28.44,222.18,126
2020-02-08 14:39:14,3839,0.21334,0.2681,2.1587,0.054711,89.295,28.441,248.75,125.33
2020-02-08 14:39:16,3840,0.21361,0.26732,1.9806,0.71057,88.866,28.445,227.65,125.67
2020-02-08 14:39:17,3841,0.2134,0.2674,2.0342,0.054711,89.374,28.448,232.09,126
2020-02-08 14:39:18,3842,0.21458,0.26936,2.2016,0.38264,89.211,28.444,230.49,125.33
2020-02-08 14:39:19,3843,0.21441,0.26782,2.0696,0.38264,89.201,28.442,209.44,126
2020-02-08 14:39:20,3844,0.2108,0.26731,2.7296,0.38264,89.096,28.442,232.52,126
2020-02-08 14:39:21,3845,0.21191,0.26743,2.7105,0.38264,89.083,28.449,235.2,126
2020-02-08 14:39:22,3846,0.21289,0.26595,2.1764,0.38264,89.064,28.449,229.52,126
2020-02-08 14:39:23,3847,0.21301,0.26699,2.7068,0.054711,88.834,28.446,227.86,125.33
2020-02-08 14:39:24,3848,0.21349,0.2692,2.4604,0.054711,88.939,28.445,230.81,125.67
2020-02-08 14:39:25,3849,0.21317,0.26766,2.1051,0.054711,89.225,28.444,229.4,126
2020-02-08 14:39:26,3850,0.21392,0.2686,2.2109,0.054711,89.045,28.454,219.59,126.67
2020-02-08 14:39:27,3851,0.21161,0.26886,2.679,0.054711,89.17,28.448,250.6,125.67
2020-02-08 14:39:29,3852,0.21344,0.26827,2.8599,0.054711,89.521,28.454,246.86,125.67
2020-02-08 14:39:30,3853,0.21104,0.26666,2.5715,0.38264,88.894,28.457,226.52,125.33
2020-02-08 14:39:31,3854,0.2116,0.26708,2.3943,0.38264,89.1,28.457,208.22,126.34
2020-02-08 14:39:32,3855,0.21241,0.26658,2.5245,-0.27322,89.196,28.461,216.76,126.34
2020-02-08 14:39:33,3856,0.21313,0.26824,2.4536,0.38264,88.96,28.453,227.81,127
2020-02-08 14:39:34,3857,0.21305,0.26697,2.5798,0.054711,89.703,28.466,228.44,126.33
2020-02-08 14:39:35,3858,0.21341,0.26848,2.8338,0.38264,89.025,28.466,241.98,125.33
2020-02-08 14:39:36,3859,0.21196,0.2688,2.6647,0.054711,89.007,28.465,226.6,126.34
2020-02-08 14:39:37,3860,0.21305,0.26785,2.2707,-0.27322,89.486,28.452,214.21,126.33
2020-02-08 14:39:38,3861,0.21117,0.26824,2.7677,0.38264,89.277,28.456,203.91,126
2020-02-08 14:39:39,3862,0.2114,0.26658,3.0593,0.38264,89.57,28.458,242.62,125.33
2020-02-08 14:39:40,3863,0.21255,0.26782,2.2303,0.38264,89.619,28.461,217.65,125.67
2020-02-08 14:39:41,3864,0.21064,0.26542,3.0379,0.38264,89.632,28.461,247.79,126
2020-02-08 14:39:43,3865,0.21277,0.26756,2.422,0.054711,89.112,28.461,236.55,125.33
2020-02-08 14:39:44,3866,0.21279,0.26644,2.8015,0.054711,89.492,28.459,236.67,125.67
2020-02-08 14:39:45,3867,0.21367,0.26774,2.2711,0.054711,89.45,28.46,225.69,126
2020-02-08 14:39:46,3868,0.21339,0.26788,2.732,0.054711,89.594,28.447,230.51,126
2020-02-08 14:39:47,3869,0.2126,0.26968,3.0333,0.38264,89.669,28.45,206.29,126.67
2020-02-08 14:39:48,3870,0.21303,0.26803,3.0724,-0.27322,89.656,28.447,238.53,126.33
2020-02-08 14:39:49,3871,0.21224,0.26887,3.0562,-0.27322,89.638,28.452,236.58,126
2020-02-08 14:39:50,3872,0.21113,0.26591,0.86789,0.054711,89.741,28.442,209.65,125.33
2020-02-08 14:39:51,3873,0.21238,0.26775,2.4668,0.054711,89.804,28.442,227.01,125.67
2020-02-08 14:39:52,3874,0.21232,0.26673,2.491,0.38264,89.586,28.448,230.68,126
2020-02-08 14:39:53,3875,0.21368,0.26799,2.726,0.054711,89.564,28.458,232.2,126
2020-02-08 14:39:54,3876,0.21318,0.26599,1.0028,0.054711,89.677,28.451,209.21,126
2020-02-08 14:39:55,3877,0.21392,0.26817,3.0684,0.054711,89.463,28.454,244.39,126
2020-02-08 14:39:57,3878,0.21273,0.26896,2.4771,-0.27322,89.637,28.46,224.32,126
2020-02-08 14:39:58,3879,0.2138,0.26824,1.7298,0.054711,89.648,28.457,219.04,126
2020-02-08 14:39:59,3880,0.21225,0.2684,2.7695,0.054711,89.58,28.451,241.08,126
2020-02-08 14:40:00,3881,0.21125,0.26698,1.81,0.054711,89.65,28.445,228.43,126
2020-02-08 14:40:01,3882,0.21179,0.26643,1.8196,0.054711,89.715,28.469,227.09,125.67
2020-02-08 14:40:02,3883,0.21403,0.2677,1.9016,0.054711,89.608,28.469,229.8,126
2020-02-08 14:40:03,3884,0.2132,0.26514,2.6915,0.054711,89.691,28.453,229.3,125.33
2020-02-08 14:40:04,3885,0.21447,0.26725,2.7144,0.054711,89.629,28.459,229.19,125
2020-02-08 14:40:05,3886,0.21329,0.2691,2.6426,0.054711,89.553,28.475,233.88,125.67
2020-02-08 14:40:06,3887,0.21341,0.26809,0.87564,0.054711,89.684,28.468,212.99,126
2020-02-08 14:40:07,3888,0.21304,0.26915,1.5544,-0.27322,89.627,28.47,224.1,126
2020-02-08 14:40:08,3889,0.21162,0.26642,2.3573,0.054711,89.716,28.471,225.92,125.33
2020-02-08 14:40:09,3890,0.21346,0.26805,2.6856,0.054711,89.69,28.474,230.49,125
2020-02-08 14:40:10,3891,0.21113,0.26572,2.9623,0.054711,89.659,28.474,246.32,125
2020-02-08 14:40:11,3892,0.21302,0.26728,2.2949,-0.27322,89.643,28.474,223.28,125.67
2020-02-08 14:40:13,3893,0.21231,0.26486,1.0158,-0.27322,89.722,28.475,215.87,126
2020-02-08 14:40:14,3894,0.21323,0.26743,2.709,0.38264,89.733,28.474,232.74,125.33
2020-02-08 14:40:15,3895,0.21222,0.26651,2.8032,0.38264,89.666,28.467,223.9,125.67
2020-02-08 14:40:16,3896,0.2116,0.26734,1.705,0.054711,89.867,28.483,221.07,125
2020-02-08 14:40:17,3897,0.21351,0.26853,2.8112,0.38264,89.569,28.479,233.72,125.67
2020-02-08 14:40:18,3898,0.21268,0.26874,2.9249,-0.27322,89.857,28.485,219.54,125.33
2020-02-08 14:40:19,3899,0.21065,0.26687,2.9923,0.38264,89.761,28.487,240.25,125.67
2020-02-08 14:40:20,3900,0.21367,0.26812,2.6598,0.38264,89.719,28.487,227.58,125.33
2020-02-08 14:40:21,3901,0.21034,0.26606,2.7506,0.054711,89.058,28.48,229.48,126.34
2020-02-08 14:40:22,3902,0.21378,0.26765,2.8306,-0.27322,89.677,28.487,251.38,126.33
2020-02-08 14:40:23,3903,0.21285,0.26463,2.6767,0.38264,89.736,28.489,238.76,125.33
2020-02-08 14:40:24,3904,0.2143,0.2673,2.2835,-0.27322,89.729,28.484,217.63,125.67
2020-02-08 14:40:25,3905,0.21281,0.26866,2.4149,0.38264,89.16,28.483,217.82,125.33
2020-02-08 14:40:26,3906,0.21312,0.26693,2.0191,0.054711,89.085,28.492,228.82,125.67
2020-02-08 14:40:28,3907,0.21258,0.26974,2.8769,0.054711,89.069,28.484,231,126
2020-02-08 14:40:29,3908,0.20896,0.26491,1.9232,0.054711,89.199,28.484,222.27,126.67
2020-02-08 14:40:30,3909,0.21057,0.26731,1.5545,0.054711,89.249,28.489,217.74,125.66
2020-02-08 14:40:31,3910,0.21054,0.26628,2.617,-0.27322,89.319,28.484,225.2,125
2020-02-08 14:40:32,3911,0.21221,0.26709,2.0816,0.38264,89.178,28.477,243.92,125
2020-02-08 14:40:33,3912,0.20997,0.2668,1.8276,0.054711,89.118,28.488,206.3,125.67
2020-02-08 14:40:34,3913,0.20891,0.26512,1.9609,0.054711,89.084,28.493,227.85,126
2020-02-08 14:40:35,3914,0.21271,0.2675,2.0336,0.38264,88.996,28.497,226.44,125.33
2020-02-08 14:40:36,3915,0.20996,0.26512,2.9821,0.054711,89.261,28.495,236.55,125
2020-02-08 14:40:37,3916,0.21354,0.26795,1.0133,0.054711,89.064,28.508,218.94,125.67
2020-02-08 14:40:38,3917,0.21201,0.266,0.94317,0.054711,89.132,28.507,212.61,125.33
2020-02-08 14:40:39,3918,0.214,0.26805,2.4987,0.054711,89.103,28.507,231.84,125
2020-02-08 14:40:40,3919,0.21329,0.26481,2.5033,0.38264,89.213,28.509,230.39,125.67
2020-02-08 14:40:41,3920,0.21444,0.26763,2.7226,0.054711,89.3,28.506,248.4,125.33
2020-02-08 14:40:42,3921,0.21311,0.26631,2.4442,0.054711,89.086,28.511,231.16,125.67
2020-02-08 14:40:43,3922,0.21455,0.26769,1.1229,-0.27322,89.183,28.513,216.58,125.33
2020-02-08 14:40:44,3923,0.21374,0.26838,2.8898,-0.27322,88.932,28.504,204.65,125
2020-02-08 14:40:45,3924,0.21384,0.26709,2.8374,0.054711,89.221,28.501,209.25,125.67
2020-02-08 14:40:46,3925,0.2151,0.26928,2.8413,0.054711,88.911,28.501,238.66,126
2020-02-08 14:40:47,3926,0.21223,0.266,2.3958,0.38264,89.184,28.508,224.91,126
2020-02-08 14:40:49,3927,0.21561,0.26907,2.9872,0.054711,88.853,28.507,237.94,125.33
2020-02-08 14:40:50,3928,0.21219,0.26554,1.3292,0.38264,88.941,28.509,209.45,125.67
2020-02-08 14:40:51,3929,0.21467,0.2678,2.8791,0.38264,89.338,28.502,228.17,126
2020-02-08 14:40:52,3930,0.21464,0.26543,2.5896,0.38264,89.152,28.501,219.91,126
2020-02-08 14:40:53,3931,0.2146,0.26839,2.6253,0.054711,89.185,28.498,227.14,126
2020-02-08 14:40:54,3932,0.21482,0.26766,2.727,0.054711,88.944,28.494,229.85,125.33
2020-02-08 14:40:55,3933,0.2144,0.26771,2.9997,0.054711,89.386,28.502,234.51,125
2020-02-08 14:40:56,3934,0.21406,0.26815,2.6472,0.054711,89.453,28.504,225.15,125.67
2020-02-08 14:40:57,3935,0.21512,0.26723,2.5848,0.054711,89.651,28.504,240.66,126
2020-02-08 14:40:58,3936,0.21103,0.2669,2.156,0.38264,89.268,28.502,227.34,125.33
2020-02-08 14:40:59,3937,0.21511,0.26695,2.0542,0.71057,89.478,28.497,208.68,125.67
2020-02-08 14:41:00,3938,0.21234,0.26589,2.1537,0.054711,89.526,28.498,232.46,125.33
2020-02-08 14:41:01,3939,0.21423,0.26829,2.6987,0.054711,89.554,28.494,225.12,125
2020-02-08 14:41:02,3940,0.21434,0.26451,3.0375,-0.27322,89.254,28.487,241.18,125.67
2020-02-08 14:41:04,3941,0.21441,0.26895,1.8307,0.054711,89.155,28.485,222.12,125.33
2020-02-08 14:41:05,3942,0.21372,0.26615,1.9051,0.71057,89.475,28.492,225.46,126.34
2020-02-08 14:41:06,3943,0.21402,0.26723,1.9162,0.054711,89.557,28.492,230.58,125.33
2020-02-08 14:41:07,3944,0.21394,0.26885,1.9126,0.054711,89.535,28.482,232.14,125.67
2020-02-08 14:41:08,3945,0.21574,0.26744,1.8536,0.054711,89.682,28.492,227.57,126
2020-02-08 14:41:09,3946,0.21131,0.26711,1.8827,0.38264,89.611,28.484,234.63,125.33
2020-02-08 14:41:10,3947,0.2157,0.26738,1.5525,0.054711,89.62,28.496,214.74,125
2020-02-08 14:41:11,3948,0.21242,0.26551,1.402,0.054711,89.562,28.496,208.08,125.67
2020-02-08 14:41:12,3949,0.21396,0.26795,2.0761,0.054711,89.668,28.489,240.66,126
2020-02-08 14:41:13,3950,0.21349,0.2643,1.9846,-0.27322,89.599,28.49,236.72,126
2020-02-08 14:41:14,3951,0.21394,0.269,1.8456,0.054711,89.444,28.479,223.8,125.33
2020-02-08 14:41:16,3952,0.21363,0.26444,2.6392,0.38264,89.573,28.488,228.66,125.67
2020-02-08 14:41:17,3953,0.21464,0.26722,1.972,0.054711,89.552,28.475,242.93,125.33
2020-02-08 14:41:18,3954,0.21405,0.26709,1.5928,0.38264,89.478,28.474,205.15,125
2020-02-08 14:41:19,3955,0.21537,0.2676,1.8315,0.38264,89.709,28.476,229.88,125.33
2020-02-08 14:41:20,3956,0.21313,0.26793,1.5653,0.054711,89.547,28.471,204.36,125
2020-02-08 14:41:21,3957,0.21507,0.26714,1.6642,0.054711,89.458,28.476,218.83,125
2020-02-08 14:41:22,3958,0.21194,0.26743,1.8689,0.054711,89.454,28.476,233.04,125.67
2020-02-08 14:41:23,3959,0.21464,0.26717,1.5341,0.38264,89.696,28.474,208.34,125.33
2020-02-08 14:41:24,3960,0.21259,0.26614,2.4853,0.38264,89.755,28.472,221.32,125
2020-02-08 14:41:25,3961,0.21387,0.26717,2.6186,0.054711,89.743,28.477,225.25,125.67
2020-02-08 14:41:26,3962,0.21371,0.26458,3.0742,0.38264,89.702,28.477,250.75,126
2020-02-08 14:41:27,3963,0.21383,0.26815,1.9552,0.054711,89.722,28.486,226.41,125.33
2020-02-08 14:41:28,3964,0.21354,0.26569,2.4246,0.38264,89.684,28.488,229.88,125.67
2020-02-08 14:41:30,3965,0.21368,0.26675,2.9429,0.054711,89.657,28.48,231.25,125.33
2020-02-08 14:41:31,3966,0.21395,0.26807,2.7923,0.054711,89.563,28.492,225.25,125
2020-02-08 14:41:32,3967,0.21384,0.26734,1.5728,0.054711,89.81,28.492,223.49,125.67
2020-02-08 14:41:33,3968,0.21432,0.2676,2.7597,0.054711,89.816,28.496,227.42,126
2020-02-08 14:41:34,3969,0.21508,0.26737,1.4476,0.38264,89.646,28.483,213.85,126.67
2020-02-08 14:41:35,3970,0.21242,0.26834,2.2072,0.054711,89.967,28.486,231.28,126.33
2020-02-08 14:41:36,3971,0.21469,0.26701,2.718,0.38264,89.563,28.482,229.86,125.33
2020-02-08 14:41:37,3972,0.21299,0.26606,2.8276,0.054711,89.801,28.475,237.63,125.67
2020-02-08 14:41:38,3973,0.21373,0.26758,2.2729,0.054711,89.185,28.484,224.64,126
2020-02-08 14:41:39,3974,0.21407,0.26636,2.6778,0.38264,89.762,28.484,220.94,125.33
2020-02-08 14:41:40,3975,0.21413,0.26726,2.6963,0.054711,89.728,28.477,207.78,125.67
2020-02-08 14:41:41,3976,0.21472,0.26796,2.0086,0.054711,89.715,28.482,217.26,126.67
2020-02-08 14:41:42,3977,0.21528,0.2676,2.5527,0.054711,89.609,28.482,224.78,125.66
2020-02-08 14:41:43,3978,0.21473,0.26808,3.155,0.054711,89.135,28.473,236.27,126.34
2020-02-08 14:41:45,3979,0.2143,0.26876,2.9565,0.054711,89.766,28.474,229.05,126.33
2020-02-08 14:41:46,3980,0.21516,0.2677,2.6995,0.054711,89.174,28.479,222.09,125.33
2020-02-08 14:41:47,3981,0.21277,0.268,3.1301,0.054711,89.823,28.48,242.27,126.34
2020-02-08 14:41:48,3982,0.21397,0.26764,2.5452,0.054711,89.694,28.48,227.75,126
2020-02-08 14:41:49,3983,0.21274,0.26591,2.8637,-0.27322,89.162,28.479,209.82,126
2020-02-08 14:41:50,3984,0.21406,0.26768,2.9058,0.054711,89.121,28.479,248.2,125.33
2020-02-08 14:41:51,3985,0.21415,0.26633,2.8165,0.054711,89.199,28.469,226.22,125.67
2020-02-08 14:41:52,3986,0.21448,0.26731,2.8436,0.054711,89.056,28.469,236.18,126
2020-02-08 14:41:53,3987,0.21525,0.26723,2.7473,0.054711,89.08,28.471,229.29,125.33
2020-02-08 14:41:54,3988,0.21537,0.26711,2.904,0.054711,89.386,28.471,242.15,125.67
2020-02-08 14:41:55,3989,0.21443,0.26932,2.8628,0.054711,89.007,28.468,224.12,126
2020-02-08 14:41:56,3990,0.21547,0.268,2.7038,-0.60114,89.209,28.472,218.22,126.67
2020-02-08 14:41:58,3991,0.21421,0.26902,0.93113,-0.27322,88.966,28.475,211.65,126.33
2020-02-08 14:41:59,3992,0.21363,0.26631,2.8376,0.054711,89.243,28.471,206.72,126
2020-02-08 14:42:00,3993,0.21423,0.26808,2.7027,0.38264,89.247,28.473,229.03,125.33
2020-02-08 14:42:01,3994,0.21309,0.2675,2.9277,0.38264,89.196,28.474,203.59,126.67
2020-02-08 14:42:02,3995,0.21433,0.26569,3.0347,-0.60114,89.203,28.47,251.25,125.66
2020-02-08 14:42:03,3996,0.21482,0.26766,2.6976,-0.60114,89.106,28.47,225.44,125.67
2020-02-08 14:42:04,3997,0.21434,0.26764,1.1102,0.38264,89.181,28.478,213.93,126
2020-02-08 14:42:05,3998,0.21447,0.2669,2.1442,0.38264,88.936,28.48,228.79,126
2020-02-08 14:42:06,3999,0.21416,0.26916,2.0798,0.054711,89.23,28.473,218.7,125.33
2020-02-08 14:42:07,4000,0.21453,0.26714,2.2316,0.054711,89.059,28.471,217.96,125
2020-02-08 14:42:08,4001,0.21379,0.2697,1.0353,0.054711,89.212,28.468,206.11,126.34
2020-02-08 14:42:09,4002,0.21294,0.26616,2.67,0.054711,88.834,28.477,233.88,126.33
2020-02-08 14:42:10,4003,0.21469,0.26783,2.6782,0.054711,89.165,28.471,229.22,125.33
2020-02-08 14:42:12,4004,0.21229,0.26642,1.9807,0.38264,88.931,28.475,229.37,125.67
2020-02-08 14:42:13,4005,0.21465,0.26756,1.9527,0.054711,89.032,28.469,229.22,126
2020-02-08 14:42:14,4006,0.21353,0.26505,1.7107,0.054711,88.843,28.479,220.82,126
2020-02-08 14:42:15,4007,0.21506,0.26773,2.6431,-0.60114,88.82,28.471,239.81,125.33
2020-02-08 14:42:16,4008,0.21545,0.26693,2.775,-0.60114,89.032,28.471,233.36,125.33
2020-02-08 14:42:17,4009,0.21428,0.26854,2.7341,0.054711,88.892,28.47,233.55,125.67
2020-02-08 14:42:18,4010,0.21472,0.26733,2.4214,0.054711,89.087,28.472,229.49,126
2020-02-08 14:42:19,4011,0.21424,0.26912,1.6516,-0.27322,88.776,28.482,212.93,126
2020-02-08 14:42:20,4012,0.21311,0.26642,2.4981,0.054711,89.091,28.467,228.81,125.33
2020-02-08 14:42:21,4013,0.2154,0.26744,3.0273,0.054711,89.227,28.478,251.06,125.67
2020-02-08 14:42:22,4014,0.21182,0.26628,3.0728,0.054711,88.981,28.468,244.26,126
2020-02-08 14:42:23,4015,0.2152,0.26773,2.7942,-0.60114,89.368,28.482,230.44,125.33
2020-02-08 14:42:24,4016,0.21355,0.26506,2.9095,-0.60114,88.944,28.482,239.68,125
2020-02-08 14:42:25,4017,0.21601,0.26837,2.6675,0.054711,88.884,28.476,231.24,125.67
2020-02-08 14:42:27,4018,0.21507,0.26553,3.0456,0.054711,89.365,28.472,235.17,126
2020-02-08 14:42:28,4019,0.21631,0.26797,2.1833,0.38264,88.913,28.471,235.11,126
2020-02-08 14:42:29,4020,0.21424,0.26869,0.95434,0.38264,88.926,28.477,234.07,125.33
2020-02-08 14:42:30,4021,0.21531,0.26874,0.91305,-0.27322,89.491,28.473,209.99,125.67
2020-02-08 14:42:31,4022,0.21225,0.26576,2.5892,0.054711,89.606,28.473,226.35,126
2020-02-08 14:42:32,4023,0.21569,0.2677,2.7578,0.38264,89.531,28.466,225.68,125.33
2020-02-08 14:42:33,4024,0.21203,0.26516,2.7098,0.38264,89.423,28.476,228.5,125.67
2020-02-08 14:42:34,4025,0.21537,0.26716,1.0511,0.38264,89.464,28.476,218.95,125.33
2020-02-08 14:42:35,4026,0.21444,0.26521,2.5973,0.38264,89.416,28.464,227.19,125.67
2020-02-08 14:42:36,4027,0.21613,0.26748,2.5255,0.054711,89.49,28.475,230.4,125.33
2020-02-08 14:42:37,4028,0.2141,0.2668,2.1743,-0.27322,89.322,28.478,224.43,125.67
2020-02-08 14:42:38,4029,0.21577,0.26775,2.618,0.38264,89.606,28.482,235.75,126
2020-02-08 14:42:39,4030,0.21429,0.26808,2.7676,0.054711,89.602,28.477,235.96,126
2020-02-08 14:42:40,4031,0.21444,0.26732,2.5804,0.054711,89.464,28.489,237.42,126
2020-02-08 14:42:42,4032,0.21528,0.26827,3.0109,0.054711,89.561,28.492,241.54,126
2020-02-08 14:42:43,4033,0.21198,0.26606,2.7717,0.71057,89.456,28.496,248.19,126
2020-02-08 14:42:44,4034,0.21559,0.26789,2.4611,0.054711,89.495,28.491,229.42,126
2020-02-08 14:42:45,4035,0.21205,0.26464,2.523,-0.60114,89.29,28.505,228.44,124.66
2020-02-08 14:42:46,4036,0.21485,0.26823,2.5505,-0.60114,89.566,28.505,251,126.02
2020-02-08 14:42:47,4037,0.21442,0.26803,2.6868,0.054711,89.778,28.495,217.72,125
2020-02-08 14:42:48,4038,0.21349,0.26412,2.4991,0.054711,89.579,28.497,231.08,125.67
2020-02-08 14:42:49,4039,0.21481,0.26664,2.2909,0.054711,89.735,28.512,230.88,126
2020-02-08 14:42:50,4040,0.21397,0.26694,2.4545,0.71057,89.55,28.508,228.53,125.33
2020-02-08 14:42:51,4041,0.21538,0.26701,2.4888,0.38264,89.717,28.504,224,125.67
2020-02-08 14:42:52,4042,0.21421,0.26757,2.9552,-0.27322,89.431,28.504,251.44,125.33
2020-02-08 14:42:53,4043,0.21465,0.26693,2.5937,0.38264,89.677,28.519,221.34,125.67
2020-02-08 14:42:54,4044,0.21529,0.26875,3.1006,0.054711,89.464,28.504,244.98,126
2020-02-08 14:42:55,4045,0.21264,0.26624,2.6262,-0.27322,89.347,28.508,238.78,125.33
2020-02-08 14:42:56,4046,0.21625,0.26732,3.1587,-0.27322,88.952,28.508,250.58,125.67
2020-02-08 14:42:57,4047,0.21222,0.26526,2.7226,0.054711,89.065,28.516,231.32,126
2020-02-08 14:42:59,4048,0.21574,0.26796,2.8072,0.054711,89.006,28.513,223.66,125.33
2020-02-08 14:43:00,4049,0.2141,0.26408,2.7703,0.38264,89.861,28.514,229.55,126.34
2020-02-08 14:43:01,4050,0.21556,0.26764,2.7556,0.054711,89.4,28.508,223.3,126.33
2020-02-08 14:43:02,4051,0.21464,0.26778,2.6218,0.054711,89.121,28.51,222.31,124.66
2020-02-08 14:43:03,4052,0.21419,0.26772,2.4511,0.054711,89.059,28.512,229.08,125.34
2020-02-08 14:43:04,4053,0.21515,0.26773,2.9834,0.38264,89.726,28.516,239.78,125.33
2020-02-08 14:43:05,4054,0.21598,0.26827,2.6441,0.38264,89.258,28.506,228.31,125.67
2020-02-08 14:43:06,4055,0.21224,0.26754,2.7736,0.054711,89.057,28.506,237.12,125.33
2020-02-08 14:43:07,4056,0.21597,0.26717,1.9366,0.38264,89.099,28.512,233.67,125
2020-02-08 14:43:08,4057,0.21139,0.26647,2.8018,0.054711,89.008,28.512,229.14,125.67
2020-02-08 14:43:09,4058,0.21488,0.2674,2.1831,0.054711,89.096,28.512,221.3,125.33
2020-02-08 14:43:10,4059,0.21284,0.26533,2.5931,0.054711,88.983,28.517,220.45,125.67
2020-02-08 14:43:11,4060,0.21399,0.26752,2.2815,0.054711,89.106,28.523,227.19,125.33
2020-02-08 14:43:13,4061,0.21371,0.26438,1.7226,0.054711,89.059,28.512,223.27,125.67
2020-02-08 14:43:14,4062,0.21388,0.26844,1.9531,0.38264,89.03,28.523,226.38,125.33
2020-02-08 14:43:15,4063,0.21347,0.26423,1.9989,-0.27322,89.054,28.523,231.79,125.67
2020-02-08 14:43:16,4064,0.21337,0.26559,2.1715,0.054711,89.097,28.523,235.36,125.67
2020-02-08 14:43:17,4065,0.21485,0.26762,1.9589,0.054711,89.09,28.524,227.05,125.33
2020-02-08 14:43:18,4066,0.21378,0.26496,2.1141,0.054711,89.099,28.524,234.98,125.67
2020-02-08 14:43:19,4067,0.2144,0.2687,1.7401,-0.27322,89.14,28.523,214.89,125.33
2020-02-08 14:43:20,4068,0.21493,0.26576,1.3143,0.38264,89.213,28.521,206.57,125
2020-02-08 14:43:21,4069,0.21271,0.26754,3.0526,0.054711,89.006,28.53,243.3,125.67
2020-02-08 14:43:22,4070,0.21607,0.26675,2.8894,0.38264,89.2,28.512,224.78,126
2020-02-08 14:43:23,4071,0.21218,0.26601,2.2528,-0.27322,89.038,28.53,222.59,125.33
2020-02-08 14:43:24,4072,0.21528,0.26731,1.946,0.054711,88.86,28.53,227.03,125
2020-02-08 14:43:26,4073,0.21372,0.26511,2.6885,-0.60114,89.187,28.519,228.08,126.34
2020-02-08 14:43:27,4074,0.21437,0.26684,1.3853,0.38264,88.81,28.526,203.55,125.66
2020-02-08 14:43:28,4075,0.2147,0.26423,2.5994,0.054711,89.04,28.53,224.45,125
2020-02-08 14:43:29,4076,0.21494,0.26675,2.6455,0.054711,88.941,28.53,237.28,125.66
2020-02-08 14:43:30,4077,0.2149,0.2682,2.7904,0.38264,88.876,28.532,227.7,125
2020-02-08 14:43:31,4078,0.2155,0.26643,1.8197,0.38264,88.901,28.532,216.54,125.67
2020-02-08 14:43:32,4079,0.21372,0.26766,2.5922,-0.27322,89.143,28.542,233.97,126
2020-02-08 14:43:33,4080,0.21604,0.26642,1.9217,0.38264,88.929,28.536,224.6,125.33
2020-02-08 14:43:34,4081,0.21271,0.26639,2.6031,0.054711,88.865,28.534,232.72,126.34
2020-02-08 14:43:35,4082,0.21443,0.26628,2.8238,0.38264,88.926,28.536,224.44,126.33
2020-02-08 14:43:36,4083,0.21356,0.26448,2.4677,0.054711,89.494,28.542,209.55,126
2020-02-08 14:43:37,4084,0.21407,0.26772,2.5532,0.054711,88.949,28.538,226.52,126
2020-02-08 14:43:38,4085,0.21449,0.26413,2.2213,0.38264,88.808,28.536,218.11,125.33
2020-02-08 14:43:40,4086,0.21526,0.26648,1.0616,0.38264,89.165,28.544,212.43,125.67
2020-02-08 14:43:41,4087,0.21475,0.26823,2.1868,0.38264,89.013,28.544,233.87,126
2020-02-08 14:43:42,4088,0.21536,0.26717,2.6302,0.054711,89.385,28.541,226.49,125.67
2020-02-08 14:43:43,4089,0.21384,0.26736,3.065,0.054711,89.569,28.54,250.72,126
2020-02-08 14:43:44,4090,0.21601,0.26672,2.7661,0.054711,89.464,28.553,235.97,125.33
2020-02-08 14:43:45,4091,0.21287,0.26742,2.6495,0.054711,89.532,28.558,230.21,125.67
2020-02-08 14:43:46,4092,0.21489,0.26697,2.068,-0.27322,89.606,28.553,229.54,125.33
2020-02-08 14:43:47,4093,0.2136,0.26487,2.5433,0.054711,89.442,28.552,241.97,125.67
2020-02-08 14:43:48,4094,0.21371,0.26704,3.0384,-0.27322,89.554,28.561,238.09,126
2020-02-08 14:43:49,4095,0.21463,0.26525,2.5251,-0.27322,89.571,28.561,219.84,125.33
2020-02-08 14:43:50,4096,0.21419,0.26562,1.5419,0.054711,89.486,28.555,229.69,125.67
2020-02-08 14:43:51,4097,0.21529,0.26737,2.4317,-0.60114,89.485,28.543,221.22,125.33
2020-02-08 14:43:52,4098,0.21539,0.26597,2.7717,0.054711,89.441,28.558,238.98,125.67
2020-02-08 14:43:54,4099,0.21563,0.26762,2.1296,-0.27322,89.497,28.561,247.63,125.33
2020-02-08 14:43:55,4100,0.21452,0.26787,2.8181,-0.27322,89.491,28.552,232.55,125.67
2020-02-08 14:43:56,4101,0.21537,0.26672,1.9546,0.38264,89.49,28.564,226.16,125.33
2020-02-08 14:43:57,4102,0.21431,0.26539,2.9633,0.38264,89.651,28.551,233.97,125.33
2020-02-08 14:43:58,4103,0.21461,0.2668,2.1352,0.38264,89.516,28.552,233.71,125.67
2020-02-08 14:43:59,4104,0.21287,0.26578,2.7457,0.054711,89.388,28.554,222.33,126
2020-02-08 14:44:00,4105,0.21444,0.26637,2.727,0.38264,89.774,28.546,224.99,125.33
2020-02-08 14:44:01,4106,0.21451,0.26532,2.4154,0.38264,89.594,28.546,219.95,125
2020-02-08 14:44:02,4107,0.21459,0.26588,2.8717,0.054711,89.786,28.549,243.23,125.67
2020-02-08 14:44:03,4108,0.21529,0.2653,2.297,0.38264,89.533,28.55,228.48,126
2020-02-08 14:44:04,4109,0.2154,0.26683,3.0055,0.054711,89.808,28.556,212.09,125.33
2020-02-08 14:44:05,4110,0.21451,0.26728,2.4677,-0.27322,89.627,28.549,226.34,125.67
2020-02-08 14:44:06,4111,0.21564,0.26705,2.4127,0.054711,89.464,28.54,228.77,125.33
2020-02-08 14:44:08,4112,0.21426,0.26802,2.979,0.054711,89.659,28.54,206.51,125.67
2020-02-08 14:44:09,4113,0.21522,0.26605,2.7748,0.054711,89.715,28.543,209.38,126
2020-02-08 14:44:10,4114,0.21416,0.26726,0.97456,0.054711,89.632,28.547,213.34,126.67
2020-02-08 14:44:11,4115,0.21468,0.26643,3.0017,-0.27322,88.989,28.547,232.01,126.34
2020-02-08 14:44:12,4116,0.2143,0.26604,2.9285,0.054711,89.161,28.548,225.32,126.33
2020-02-08 14:44:13,4117,0.2158,0.26654,2.7523,0.38264,89.048,28.546,227.7,126
2020-02-08 14:44:14,4118,0.21533,0.26468,1.1382,0.38264,89.281,28.546,215.93,125.33
2020-02-08 14:44:15,4119,0.21622,0.26668,3.0735,-0.27322,89.401,28.539,250.69,125.67
2020-02-08 14:44:16,4120,0.21323,0.26747,1.2702,-0.27322,89.043,28.539,217.52,125.33
2020-02-08 14:44:17,4121,0.2148,0.26753,2.1773,-0.27322,89.25,28.551,229.35,125.67
2020-02-08 14:44:18,4122,0.21319,0.2673,1.0388,0.38264,89.114,28.548,212.37,125.33
2020-02-08 14:44:19,4123,0.21291,0.26639,2.7457,0.054711,89.221,28.54,228.25,125.67
2020-02-08 14:44:20,4124,0.21385,0.26639,2.6256,-0.27322,89.081,28.547,224.03,126
2020-02-08 14:44:22,4125,0.21243,0.26541,2.2667,0.38264,89.009,28.545,222.91,126
2020-02-08 14:44:23,4126,0.21479,0.26698,2.7546,0.054711,89.099,28.556,222.34,125.33
2020-02-08 14:44:24,4127,0.21392,0.26341,2.7703,0.38264,89.082,28.551,214.92,125.67
2020-02-08 14:44:25,4128,0.21379,0.26748,2.8531,0.38264,89.16,28.552,209.34,125
2020-02-08 14:44:26,4129,0.2149,0.26775,2.6238,0.38264,88.999,28.552,228.93,125.67
2020-02-08 14:44:27,4130,0.21386,0.26783,2.6084,0.054711,89.079,28.543,240.03,126
2020-02-08 14:44:28,4131,0.21202,0.26496,3.0207,0.38264,89.017,28.552,244.63,126
2020-02-08 14:44:29,4132,0.21471,0.26712,2.5806,-0.27322,89.057,28.545,230.81,125.33
2020-02-08 14:44:30,4133,0.21217,0.26462,2.6162,0.054711,89.151,28.543,236.7,125.67
2020-02-08 14:44:31,4134,0.21453,0.26673,2.2476,0.054711,88.979,28.562,226.32,125.33
2020-02-08 14:44:32,4135,0.21369,0.26452,2.4434,-0.27322,88.989,28.558,220.85,125.67
2020-02-08 14:44:33,4136,0.21546,0.26676,2.4191,-0.27322,89.14,28.556,230.12,125.33
2020-02-08 14:44:34,4137,0.21326,0.26781,2.8981,0.054711,88.742,28.556,245.71,126.34
2020-02-08 14:44:35,4138,0.21442,0.26684,2.6711,-0.60114,88.903,28.565,201.86,125.66
2020-02-08 14:44:36,4139,0.21394,0.26769,1.0134,0.054711,89.113,28.562,220.13,125.67
2020-02-08 14:44:37,4140,0.21188,0.26517,2.8107,0.38264,89.088,28.566,231.12,126
2020-02-08 14:44:38,4141,0.21469,0.26647,2.8004,0.38264,89.035,28.567,225.33,125.33
2020-02-08 14:44:39,4142,0.21067,0.26526,2.7439,0.054711,89.132,28.573,225.01,125.67
2020-02-08 14:44:41,4143,0.21423,0.2667,2.4692,0.38264,88.924,28.564,231.7,125.33
2020-02-08 14:44:42,4144,0.21279,0.26429,2.6955,0.38264,88.961,28.568,236.47,125
2020-02-08 14:44:43,4145,0.2146,0.26731,2.5297,0.054711,88.921,28.565,224.87,125.67
2020-02-08 14:44:44,4146,0.2146,0.26583,2.6989,0.054711,88.96,28.565,227.55,125.33
2020-02-08 14:44:45,4147,0.21304,0.26712,2.4432,0.054711,88.921,28.576,226.85,125
2020-02-08 14:44:46,4148,0.2143,0.26641,2.3906,0.71057,89.416,28.567,232.72,125.67
2020-02-08 14:44:47,4149,0.21337,0.26734,2.8752,0.054711,88.965,28.585,251.17,126
2020-02-08 14:44:48,4150,0.21229,0.2656,2.7738,0.054711,89.172,28.57,228.78,126
2020-02-08 14:44:49,4151,0.21459,0.267,3.1363,0.054711,89.302,28.569,228.64,125.33
2020-02-08 14:44:50,4152,0.21088,0.26484,2.4272,0.054711,89.411,28.582,231.47,125
2020-02-08 14:44:51,4153,0.21463,0.2671,2.6399,0.38264,88.901,28.579,235.05,125
2020-02-08 14:44:52,4154,0.21308,0.26399,2.6903,0.054711,88.778,28.576,228.23,125.67
2020-02-08 14:44:53,4155,0.21518,0.26714,2.3471,0.38264,89.337,28.579,215.47,125.33
2020-02-08 14:44:55,4156,0.21357,0.26528,2.8684,0.38264,88.978,28.579,247.64,125.67
2020-02-08 14:44:56,4157,0.21523,0.26659,2.4429,0.054711,88.915,28.577,224.68,125.33
2020-02-08 14:44:57,4158,0.21426,0.26782,2.7809,0.054711,88.992,28.586,234.83,125
2020-02-08 14:44:58,4159,0.21523,0.26764,2.8585,0.054711,89.274,28.584,219.93,126
2020-02-08 14:44:59,4160,0.21163,0.2646,2.5054,0.054711,89.489,28.59,219,126
2020-02-08 14:45:00,4161,0.21483,0.26707,2.5871,-0.27322,88.835,28.591,229.32,126
2020-02-08 14:45:01,4162,0.21307,0.26443,2.4783,0.054711,89.514,28.578,235.17,126
2020-02-08 14:45:02,4163,0.21471,0.26663,2.7187,0.054711,89.445,28.586,229.41,125.33
2020-02-08 14:45:03,4164,0.21399,0.26538,2.9817,0.054711,89.408,28.586,230.52,125.67
2020-02-08 14:45:04,4165,0.21473,0.26632,2.6588,0.054711,89.341,28.586,233,126
2020-02-08 14:45:05,4166,0.21401,0.26758,1.9758,0.38264,89.607,28.588,224.65,125.33
2020-02-08 14:45:06,4167,0.21396,0.26642,3.0435,-0.27322,89.45,28.588,237.15,126.34
2020-02-08 14:45:07,4168,0.21476,0.26781,2.6521,-0.27322,89.523,28.588,232.76,126.33
2020-02-08 14:45:09,4169,0.21171,0.26511,2.133,0.054711,89.57,28.59,227.35,126
2020-02-08 14:45:10,4170,0.21522,0.26745,2.7817,0.38264,89.475,28.583,226.87,125.33
2020-02-08 14:45:11,4171,0.21189,0.26447,2.35,0.054711,89.424,28.583,232.4,125
2020-02-08 14:45:12,4172,0.21411,0.26421,2.3726,0.054711,89.434,28.581,224.94,126
2020-02-08 14:45:13,4173,0.21518,0.26694,2.763,0.054711,89.598,28.573,247.68,126
2020-02-08 14:45:14,4174,0.21414,0.26661,2.7775,0.71057,89.52,28.573,249.65,126
2020-02-08 14:45:15,4175,0.21486,0.26691,2.4913,0.054711,89.481,28.569,238.5,126
2020-02-08 14:45:16,4176,0.21417,0.26705,2.9286,0.054711,89.427,28.571,246.41,126
2020-02-08 14:45:17,4177,0.21356,0.26723,2.2068,0.054711,89.672,28.57,228.21,125.33
2020-02-08 14:45:18,4178,0.21532,0.26617,3.2135,0.38264,89.581,28.58,248.88,125
2020-02-08 14:45:19,4179,0.21127,0.26646,2.6283,0.38264,89.342,28.573,220.49,125.67
2020-02-08 14:45:20,4180,0.21469,0.26687,2.6824,0.38264,89.4,28.573,222.97,126
2020-02-08 14:45:21,4181,0.21338,0.26488,1.9573,-0.60114,89.758,28.568,235.28,126
2020-02-08 14:45:23,4182,0.21486,0.26778,2.0764,-0.27322,89.369,28.573,251.09,126
2020-02-08 14:45:24,4183,0.21417,0.26473,3.1518,0.054711,89.422,28.57,245.51,126
2020-02-08 14:45:25,4184,0.21512,0.26812,1.9947,0.054711,89.609,28.576,223.6,125.33
2020-02-08 14:45:26,4185,0.21311,0.26751,2.987,0.38264,89.512,28.577,239.28,125.67
2020-02-08 14:45:27,4186,0.216,0.26735,1.9397,0.054711,89.585,28.575,222.33,126
2020-02-08 14:45:28,4187,0.2111,0.2651,2.4793,0.054711,89.546,28.581,243.43,126
2020-02-08 14:45:29,4188,0.21467,0.26772,0.97866,-0.60114,89.543,28.586,206.46,126
2020-02-08 14:45:30,4189,0.21371,0.26459,2.6256,0.38264,89.376,28.587,230.65,126
2020-02-08 14:45:31,4190,0.2136,0.26744,0.93048,0.38264,89.698,28.587,211.11,126
2020-02-08 14:45:32,4191,0.21451,0.26498,2.8083,0.054711,89.76,28.576,218.07,125.33
2020-02-08 14:45:33,4192,0.21466,0.26696,2.6267,0.71057,89.76,28.58,234.49,125.67
2020-02-08 14:45:34,4193,0.21424,0.26648,2.0984,0.38264,89.698,28.583,231,126
2020-02-08 14:45:35,4194,0.21379,0.26811,1.489,-0.60114,89.754,28.588,224.04,125.33
2020-02-08 14:45:37,4195,0.21502,0.26614,1.9832,0.38264,89.424,28.584,215.77,125.67
2020-02-08 14:45:38,4196,0.2124,0.26738,3.1846,0.38264,89.483,28.584,243.74,126
2020-02-08 14:45:39,4197,0.21472,0.26557,2.9238,0.38264,89.612,28.59,238.47,126
2020-02-08 14:45:40,4198,0.21312,0.26662,2.6644,0.054711,89.599,28.58,234.59,126
2020-02-08 14:45:41,4199,0.21205,0.26399,2.6127,0.054711,89.34,28.58,218.56,126
2020-02-08 14:45:42,4200,0.21159,0.26573,3.1367,0.71057,89.461,28.575,247.77,126
2020-02-08 14:45:43,4201,0.21164,0.26372,2.9591,0.054711,89.183,28.58,240.64,125.33
2020-02-08 14:45:44,4202,0.21193,0.26563,2.0011,0.054711,89.232,28.585,231.26,125
2020-02-08 14:45:45,4203,0.21242,0.26415,1.5941,0.054711,89.703,28.576,209.58,125
2020-02-08 14:45:46,4204,0.21306,0.26754,2.3877,0.054711,89.001,28.58,229.65,125.67
2020-02-08 14:45:47,4205,0.21337,0.26371,1.0041,0.38264,88.877,28.574,204.08,125.33
2020-02-08 14:45:48,4206,0.21335,0.26595,2.7941,-0.27322,89.186,28.572,229.8,125
2020-02-08 14:45:49,4207,0.21359,0.26637,1.4418,0.38264,89.041,28.57,224.28,125
2020-02-08 14:45:51,4208,0.2136,0.26595,2.6112,0.38264,89.072,28.567,228.88,125
2020-02-08 14:45:52,4209,0.21446,0.26697,2.048,0.38264,89.151,28.567,227.47,125.67
2020-02-08 14:45:53,4210,0.21336,0.26703,2.1151,0.054711,88.885,28.572,231.91,124.66
2020-02-08 14:45:54,4211,0.21232,0.26649,2.7076,0.38264,88.955,28.582,222.48,124
2020-02-08 14:45:55,4212,0.2138,0.26638,1.2843,0.054711,89.112,28.571,213.1,124.67
2020-02-08 14:45:56,4213,0.21355,0.26512,2.3675,0.054711,89.005,28.575,236.08,125
2020-02-08 14:45:57,4214,0.21295,0.26583,1.8776,0.054711,88.946,28.578,228.74,124.33
2020-02-08 14:45:58,4215,0.21491,0.26605,2.5012,0.054711,89.007,28.574,227.13,124.67
2020-02-08 14:45:59,4216,0.21493,0.26522,2.6115,0.71057,88.931,28.579,228.65,125
2020-02-08 14:46:00,4217,0.21543,0.2674,2.7057,0.38264,88.981,28.593,226.55,124.33
2020-02-08 14:46:01,4218,0.21483,0.26828,1.8378,0.38264,89.047,28.593,228.22,124.67
2020-02-08 14:46:02,4219,0.21534,0.26705,2.9104,0.054711,89.048,28.582,225.62,125
2020-02-08 14:46:03,4220,0.21316,0.26775,2.5355,0.054711,89.105,28.592,233.27,125
2020-02-08 14:46:05,4221,0.21358,0.26561,1.9646,0.054711,89.116,28.591,225.82,125.67
2020-02-08 14:46:06,4222,0.21417,0.26623,3.0676,0.38264,89.045,28.593,250.86,126
2020-02-08 14:46:07,4223,0.21356,0.26518,2.3618,-0.27322,89.111,28.587,228.99,126
2020-02-08 14:46:08,4224,0.21405,0.26645,2.6349,0.054711,89.081,28.583,235.76,124.66
2020-02-08 14:46:09,4225,0.21412,0.26643,2.7242,0.054711,88.831,28.59,226.64,125
2020-02-08 14:46:10,4226,0.21383,0.26796,2.6165,-0.60114,89.024,28.579,226.7,124.33
2020-02-08 14:46:11,4227,0.21426,0.26658,2.628,-0.60114,89.099,28.579,229.35,124.67
2020-02-08 14:46:12,4228,0.21304,0.26824,2.5593,0.054711,88.937,28.593,229.39,124.33
2020-02-08 14:46:13,4229,0.21426,0.26611,2.3868,0.054711,89.07,28.582,223.8,124
2020-02-08 14:46:14,4230,0.21309,0.26704,3.0143,0.054711,88.931,28.567,240.11,124
2020-02-08 14:46:15,4231,0.21254,0.26449,2.2609,0.054711,89.12,28.593,227.85,124
2020-02-08 14:46:16,4232,0.21359,0.26651,0.94158,0.054711,88.965,28.581,214.21,124
2020-02-08 14:46:17,4233,0.21358,0.26543,2.5249,0.054711,88.886,28.583,243.49,124
2020-02-08 14:46:18,4234,0.21466,0.26585,2.4401,0.054711,88.958,28.576,241.04,123.33
2020-02-08 14:46:20,4235,0.21499,0.26476,2.4413,0.38264,89.36,28.577,235.33,123.67
2020-02-08 14:46:21,4236,0.2153,0.2666,2.5277,0.38264,89.102,28.577,227.9,124
2020-02-08 14:46:22,4237,0.21403,0.26743,2.5693,0.38264,89.437,28.584,224.45,124
2020-02-08 14:46:23,4238,0.21343,0.26704,3.1101,0.054711,88.986,28.585,251.65,124
2020-02-08 14:46:24,4239,0.213,0.26552,2.5278,-0.27322,89.472,28.578,232.11,124.67
2020-02-08 14:46:25,4240,0.2141,0.26574,2.5902,0.38264,89.467,28.589,222.03,124.33
2020-02-08 14:46:26,4241,0.21356,0.2657,2.3763,0.054711,89.257,28.593,235.48,124.67
2020-02-08 14:46:27,4242,0.21491,0.2664,2.8831,0.38264,89.347,28.569,236.24,124.33
2020-02-08 14:46:28,4243,0.21436,0.26387,2.5549,0.054711,89.429,28.581,226.34,123.33
2020-02-08 14:46:29,4244,0.21543,0.26688,2.5056,0.38264,89.391,28.579,215.76,123
2020-02-08 14:46:30,4245,0.21433,0.26737,2.5626,0.38264,89.443,28.579,220.9,123.67
2020-02-08 14:46:31,4246,0.21537,0.26708,2.6974,0.054711,89.374,28.584,228.95,124
2020-02-08 14:46:32,4247,0.21346,0.26698,2.4978,0.054711,89.408,28.575,222.04,123.33
2020-02-08 14:46:33,4248,0.21267,0.26525,2.9284,0.38264,89.421,28.578,228.5,122.33
2020-02-08 14:46:34,4249,0.21405,0.26673,2.852,0.054711,89.419,28.578,246.5,122.67
2020-02-08 14:46:35,4250,0.21243,0.26439,2.0532,-0.27322,89.496,28.578,246.28,123.67
2020-02-08 14:46:36,4251,0.21446,0.26621,1.7323,0.054711,89.451,28.579,225.08,123.33
2020-02-08 14:46:37,4252,0.21371,0.26415,1.7843,0.054711,89.553,28.579,221.13,123
2020-02-08 14:46:39,4253,0.21528,0.26637,1.2008,0.054711,89.492,28.585,211.18,122.33
2020-02-08 14:46:40,4254,0.21416,0.26632,2.6096,0.054711,89.429,28.589,227.5,122.67
2020-02-08 14:46:41,4255,0.21523,0.26703,1.3233,-0.27322,89.403,28.587,217.95,123
2020-02-08 14:46:42,4256,0.21431,0.26652,1.6344,0.054711,89.485,28.587,205.67,123
2020-02-08 14:46:43,4257,0.2147,0.26707,2.8358,0.38264,89.555,28.585,241.37,123
2020-02-08 14:46:44,4258,0.21187,0.26478,2.0197,0.054711,89.494,28.585,225.54,123
2020-02-08 14:46:45,4259,0.21455,0.26669,2.8103,0.054711,89.478,28.586,229.15,123.67
2020-02-08 14:46:46,4260,0.21342,0.26398,2.0845,0.054711,89.388,28.586,233.76,123.33
2020-02-08 14:46:47,4261,0.21519,0.26664,2.7427,0.054711,89.503,28.584,226.86,123
2020-02-08 14:46:48,4262,0.21441,0.26616,1.3624,-0.27322,89.516,28.581,207.5,122.33
2020-02-08 14:46:49,4263,0.21484,0.26628,1.7439,0.054711,89.498,28.598,218.84,123.34
2020-02-08 14:46:50,4264,0.21381,0.26813,1.6154,0.71057,89.367,28.582,218.81,122.66
2020-02-08 14:46:51,4265,0.21395,0.26606,1.7435,0.38264,89.577,28.59,232.14,122.67
2020-02-08 14:46:53,4266,0.21463,0.26752,2.6595,0.054711,89.598,28.591,224.37,122.33
2020-02-08 14:46:54,4267,0.21112,0.2651,2.8886,0.38264,89.556,28.59,238.38,123.34
2020-02-08 14:46:55,4268,0.21407,0.26684,2.5903,0.054711,89.548,28.593,232.51,122.66
2020-02-08 14:46:56,4269,0.2143,0.26651,2.0128,0.054711,89.489,28.593,206.01,123
2020-02-08 14:46:57,4270,0.21418,0.26415,3.1158,0.38264,89.698,28.586,245.23,122.33
2020-02-08 14:46:58,4271,0.21475,0.26652,1.7056,0.38264,89.694,28.586,217.94,122
2020-02-08 14:46:59,4272,0.21367,0.26715,2.9815,0.054711,89.415,28.591,246.43,122.67
2020-02-08 14:47:00,4273,0.21486,0.26723,2.6993,0.054711,89.604,28.591,223.1,122.33
2020-02-08 14:47:01,4274,0.21417,0.26842,2.7482,0.054711,89.734,28.59,227.78,122.67
2020-02-08 14:47:02,4275,0.21291,0.26567,2.7241,-0.27322,89.523,28.588,231.35,123
2020-02-08 14:47:03,4276,0.21453,0.26784,2.8309,0.054711,89.23,28.589,234.86,123
2020-02-08 14:47:04,4277,0.21147,0.26443,1.3425,-0.27322,89.51,28.589,209.25,123
2020-02-08 14:47:05,4278,0.21447,0.26793,2.7413,0.054711,89.668,28.589,227.91,123
2020-02-08 14:47:07,4279,0.21365,0.26436,2.6348,0.054711,88.923,28.589,234.22,123
2020-02-08 14:47:08,4280,0.21489,0.26655,2.8706,0.054711,89.045,28.591,238.52,123.67
2020-02-08 14:47:09,4281,0.21433,0.26629,2.8104,-0.27322,89.178,28.583,207.23,123.33
2020-02-08 14:47:10,4282,0.21459,0.26855,2.6988,0.054711,88.953,28.581,220.24,123
2020-02-08 14:47:11,4283,0.21403,0.26669,3.1207,0.054711,89.019,28.587,236.79,122.33
2020-02-08 14:47:12,4284,0.21481,0.26805,2.4769,0.054711,89.022,28.587,234.76,122.67
2020-02-08 14:47:13,4285,0.21204,0.26453,2.7747,-0.27322,88.954,28.583,228.26,123
2020-02-08 14:47:14,4286,0.21474,0.26699,2.6606,0.054711,89.129,28.579,235.64,123
2020-02-08 14:47:15,4287,0.21282,0.26449,2.4725,0.38264,89.101,28.581,233.44,123
2020-02-08 14:47:16,4288,0.21413,0.26678,2.5128,-0.27322,89.066,28.584,216.59,123
2020-02-08 14:47:17,4289,0.21382,0.26402,2.4858,0.054711,88.974,28.586,227.46,123
2020-02-08 14:47:18,4290,0.21468,0.26588,2.7926,-0.27322,89.047,28.588,228.67,123.67
2020-02-08 14:47:19,4291,0.21372,0.26722,0.89506,0.054711,89.078,28.587,208.94,123.33
2020-02-08 14:47:21,4292,0.21446,0.26618,2.864,0.38264,89.09,28.589,237.07,123
2020-02-08 14:47:22,4293,0.21413,0.2679,2.5265,0.38264,88.956,28.593,224.36,123
2020-02-08 14:47:23,4294,0.21357,0.26615,2.6782,0.38264,88.951,28.593,241.86,123.67
2020-02-08 14:47:24,4295,0.21144,0.26551,2.6496,0.054711,88.942,28.589,225.45,123.67
2020-02-08 14:47:25,4296,0.21466,0.26599,2.7802,0.054711,88.99,28.592,239.52,123.33
2020-02-08 14:47:26,4297,0.21316,0.26438,2.0749,0.38264,88.979,28.604,232.48,123.67
2020-02-08 14:47:27,4298,0.21438,0.26686,2.7168,0.38264,89.036,28.598,207.83,124
2020-02-08 14:47:28,4299,0.21458,0.26473,2.193,0.054711,88.868,28.599,229.11,124
2020-02-08 14:47:29,4300,0.2148,0.26732,2.9009,-0.27322,88.762,28.585,231.29,123.33
2020-02-08 14:47:30,4301,0.21416,0.26634,2.6265,0.38264,89.218,28.592,228.11,123.67
2020-02-08 14:47:31,4302,0.21421,0.26715,1.8947,0.054711,89.231,28.598,221.02,123.33
2020-02-08 14:47:32,4303,0.21525,0.26658,2.6914,0.054711,88.872,28.598,228.95,123.67
2020-02-08 14:47:33,4304,0.21172,0.26609,2.6434,-0.27322,88.805,28.597,223.02,123.33
2020-02-08 14:47:35,4305,0.2152,0.26599,2.4219,0.054711,88.985,28.609,233,123.67
2020-02-08 14:47:36,4306,0.21264,0.26512,2.5929,0.054711,88.9,28.603,240.35,123.33
2020-02-08 14:47:37,4307,0.21381,0.26651,3.0434,-0.27322,89.133,28.611,251.21,123.67
2020-02-08 14:47:38,4308,0.21461,0.26711,2.504,0.38264,89.345,28.618,229.93,124.67
2020-02-08 14:47:39,4309,0.21402,0.26475,2.6525,0.054711,89.194,28.619,238.47,123.66
2020-02-08 14:47:40,4310,0.21476,0.2676,0.98517,0.38264,88.944,28.615,209.03,123.67
2020-02-08 14:47:41,4311,0.21483,0.26608,2.5616,0.054711,89.241,28.63,218.31,124
2020-02-08 14:47:42,4312,0.21359,0.26717,1.4687,-0.27322,88.942,28.62,218.44,124
2020-02-08 14:47:43,4313,0.21548,0.26596,2.6433,-0.27322,89.361,28.62,230.62,124
2020-02-08 14:47:44,4314,0.21232,0.26593,2.6529,0.71057,89.489,28.637,232.39,124
2020-02-08 14:47:45,4315,0.21413,0.26587,2.4003,0.38264,89.59,28.634,232.2,124
2020-02-08 14:47:46,4316,0.21335,0.26525,2.7472,0.38264,89.538,28.632,233.77,124
2020-02-08 14:47:47,4317,0.21349,0.26634,2.1851,0.054711,89.27,28.637,228.55,124
2020-02-08 14:47:49,4318,0.21449,0.26398,3.0231,0.38264,89.584,28.642,235.44,123.33
2020-02-08 14:47:50,4319,0.21468,0.26685,2.097,0.054711,89.442,28.639,233.23,124.34
2020-02-08 14:47:51,4320,0.21434,0.26603,1.9992,0.054711,89.478,28.637,212.18,124.33
2020-02-08 14:47:52,4321,0.21442,0.26716,2.0292,0.054711,89.402,28.636,229.52,124
2020-02-08 14:47:53,4322,0.21327,0.26758,1.9735,0.38264,89.341,28.64,221.59,124.67
2020-02-08 14:47:54,4323,0.21483,0.2658,1.028,0.38264,89.412,28.64,205.5,125.67
2020-02-08 14:47:55,4324,0.21246,0.2671,1.6661,0.054711,89.525,28.64,224.1,124.66
2020-02-08 14:47:56,4325,0.21392,0.26537,2.7011,0.054711,89.381,28.633,214.78,124.67
2020-02-08 14:47:57,4326,0.21253,0.2651,2.078,0.054711,89.546,28.636,227.87,123.66
2020-02-08 14:47:58,4327,0.21345,0.26625,2.803,0.71057,89.578,28.641,219.28,124.34
2020-02-08 14:47:59,4328,0.21393,0.26448,2.7211,-0.27322,89.509,28.643,220.24,124.33
2020-02-08 14:48:00,4329,0.21456,0.2665,2.8323,0.38264,89.448,28.641,225.52,124
2020-02-08 14:48:01,4330,0.21445,0.26687,3.1559,-0.27322,89.496,28.646,252.24,124.67
2020-02-08 14:48:03,4331,0.21488,0.26622,2.961,-0.27322,89.392,28.645,236.59,124.33
2020-02-08 14:48:04,4332,0.2147,0.26674,2.5442,-0.27322,89.691,28.645,221.69,124
2020-02-08 14:48:05,4333,0.21465,0.26843,2.5161,0.054711,89.498,28.635,231.26,125.34
2020-02-08 14:48:06,4334,0.21516,0.26704,2.4838,0.38264,89.593,28.648,250.91,124.33
2020-02-08 14:48:07,4335,0.21388,0.26598,2.5369,0.054711,89.626,28.635,241.71,124.67
2020-02-08 14:48:08,4336,0.21329,0.26633,3.0126,0.38264,89.51,28.637,251.71,125
2020-02-08 14:48:09,4337,0.21339,0.2662,2.115,0.054711,89.447,28.646,229.94,125.67
2020-02-08 14:48:10,4338,0.21426,0.26565,2.4148,0.054711,89.546,28.63,222.55,126
2020-02-08 14:48:11,4339,0.21491,0.26512,1.975,0.054711,89.626,28.633,220.15,125.33
2020-02-08 14:48:12,4340,0.21489,0.2667,2.2794,0.054711,89.673,28.641,214.27,125
2020-02-08 14:48:13,4341,0.21491,0.26815,2.5545,0.054711,89.538,28.63,219.85,125
2020-02-08 14:48:14,4342,0.21517,0.26656,2.3535,0.054711,89.722,28.63,213.7,125
2020-02-08 14:48:15,4343,0.21305,0.26764,2.6113,0.38264,89.567,28.628,245.35,125.67
2020-02-08 14:48:17,4344,0.2147,0.26608,2.5525,0.054711,89.574,28.629,238.78,125.33
2020-02-08 14:48:18,4345,0.21227,0.26606,2.391,-0.27322,89.64,28.624,219.09,125
2020-02-08 14:48:19,4346,0.21302,0.26529,2.6851,0.054711,89.556,28.627,231.35,125
2020-02-08 14:48:20,4347,0.21252,0.26449,2.7655,0.38264,89.409,28.635,221.74,124.67
2020-02-08 14:48:21,4348,0.21348,0.266,2.5597,0.38264,89.374,28.633,231.19,125
2020-02-08 14:48:22,4349,0.21371,0.26507,2.8667,0.054711,89.653,28.642,248.61,125
2020-02-08 14:48:23,4350,0.21455,0.26602,2.983,0.38264,89.467,28.639,230.15,125
2020-02-08 14:48:24,4351,0.21468,0.26525,2.9957,0.054711,89.559,28.638,249.01,126.34
2020-02-08 14:48:25,4352,0.215,0.26622,1.9419,-0.27322,89.56,28.643,225.93,125.66
2020-02-08 14:48:26,4353,0.21352,0.26673,2.9574,-0.27322,89.531,28.643,211.2,125
2020-02-08 14:48:27,4354,0.21521,0.26716,2.6871,0.054711,89.721,28.64,227.44,125
2020-02-08 14:48:28,4355,0.21286,0.26645,2.8516,0.054711,89.043,28.638,210.82,125.67
2020-02-08 14:48:29,4356,0.21464,0.26622,3.1149,0.38264,89.747,28.635,242.34,124.66
2020-02-08 14:48:30,4357,0.21338,0.26691,1.1425,0.054711,89.094,28.63,210.59,124.67
2020-02-08 14:48:31,4358,0.21264,0.26467,1.9693,0.054711,89.062,28.627,224.8,125
2020-02-08 14:48:32,4359,0.21413,0.26616,2.7585,0.054711,89.099,28.635,233,125.67
2020-02-08 14:48:34,4360,0.21351,0.26564,2.2039,0.054711,88.947,28.635,250.19,125.33
2020-02-08 14:48:35,4361,0.21507,0.26653,2.7855,0.38264,88.995,28.632,230.7,125
2020-02-08 14:48:36,4362,0.215,0.26432,1.7062,-0.27322,89.032,28.627,218.4,125.67
2020-02-08 14:48:37,4363,0.21566,0.26681,1.8387,-0.27322,89.04,28.626,230.85,126
2020-02-08 14:48:38,4364,0.21434,0.26713,1.3114,0.71057,88.971,28.62,202.32,125.33
2020-02-08 14:48:39,4365,0.21544,0.26735,2.1692,0.38264,89.067,28.617,249.05,125.33
2020-02-08 14:48:40,4366,0.21361,0.26575,1.7756,0.38264,89.021,28.621,229.48,125
2020-02-08 14:48:41,4367,0.21425,0.26613,1.862,0.38264,88.979,28.622,223.03,125
2020-02-08 14:48:42,4368,0.21298,0.26518,2.7153,0.054711,89.031,28.614,231.95,126.34
2020-02-08 14:48:43,4369,0.21479,0.2665,1.7956,0.054711,88.944,28.614,228.09,126.33
2020-02-08 14:48:44,4370,0.21374,0.26397,1.8663,0.054711,88.938,28.609,225.1,125.33
2020-02-08 14:48:45,4371,0.21531,0.26632,2.1511,0.054711,89.012,28.61,242.78,125.67
2020-02-08 14:48:46,4372,0.21432,0.26548,1.6968,0.38264,88.753,28.605,220.5,126
2020-02-08 14:48:47,4373,0.21502,0.26664,2.1352,0.054711,89.068,28.599,242.53,125.33
2020-02-08 14:48:48,4374,0.21321,0.26671,2.2064,0.054711,88.99,28.589,233.75,125.67
2020-02-08 14:48:50,4375,0.21395,0.26612,2.7237,0.38264,88.827,28.601,229.44,125.33
2020-02-08 14:48:51,4376,0.21253,0.26624,2.8243,0.054711,88.778,28.583,234.66,125
2020-02-08 14:48:52,4377,0.21441,0.266,1.8513,0.054711,88.871,28.599,204.69,125
2020-02-08 14:48:53,4378,0.21352,0.26489,2.4608,0.054711,88.939,28.585,220.41,126
2020-02-08 14:48:54,4379,0.21509,0.26655,2.1355,0.054711,89.055,28.585,220.74,126
2020-02-08 14:48:55,4380,0.21267,0.26503,2.7102,0.38264,88.712,28.59,227.41,126
2020-02-08 14:48:56,4381,0.21532,0.26646,2.0343,0.38264,89.012,28.583,228.12,125.33
2020-02-08 14:48:57,4382,0.21454,0.26438,3.0053,-0.27322,89,28.593,242.46,126.34
2020-02-08 14:48:58,4383,0.2163,0.2671,2.6816,0.054711,89.041,28.586,226.22,126.33
2020-02-08 14:48:59,4384,0.21472,0.26603,1.5167,0.054711,89.031,28.588,242.52,126
2020-02-08 14:49:00,4385,0.21605,0.26806,2.3553,-0.27322,88.775,28.579,227.2,125.33
2020-02-08 14:49:01,4386,0.21467,0.26749,2.5237,0.054711,89.219,28.58,235.04,125.67
2020-02-08 14:49:03,4387,0.2149,0.26709,2.5511,0.054711,88.933,28.573,238.9,125.33
2020-02-08 14:49:04,4388,0.21554,0.26732,2.8222,0.054711,88.82,28.586,242.3,125.67
2020-02-08 14:49:05,4389,0.21225,0.26514,3.0073,0.38264,88.775,28.575,247.82,126
2020-02-08 14:49:06,4390,0.21595,0.2672,2.6492,0.38264,88.88,28.575,228.18,125.33
2020-02-08 14:49:07,4391,0.21645,0.26702,2.5292,0.054711,88.927,28.579,239.35,126.33
2020-02-08 14:49:08,4392,0.21456,0.2666,2.5218,0.38264,89.019,28.579,220.73,126
2020-02-08 14:49:09,4393,0.21597,0.26673,2.6599,0.054711,88.919,28.58,237.5,125.33
2020-02-08 14:49:10,4394,0.21509,0.26828,2.6287,0.054711,88.891,28.588,229.43,125.67
2020-02-08 14:49:11,4395,0.21411,0.26611,2.7969,0.054711,89.438,28.584,246.39,126
2020-02-08 14:49:12,4396,0.21588,0.26729,1.5015,0.054711,89.253,28.585,222.93,126
2020-02-08 14:49:13,4397,0.21175,0.26483,2.6233,-0.27322,89.419,28.589,227.44,126.67
2020-02-08 14:49:14,4398,0.21545,0.26692,2.5499,0.054711,89.522,28.592,234.02,126.33
2020-02-08 14:49:15,4399,0.21324,0.26433,2.9415,0.054711,89.472,28.592,245.76,126
2020-02-08 14:49:17,4400,0.21505,0.26741,2.738,-0.27322,88.858,28.594,224.98,126
2020-02-08 14:49:18,4401,0.21463,0.26404,2.9583,0.054711,89.51,28.602,210.23,126
2020-02-08 14:49:19,4402,0.21581,0.26627,2.7932,-0.27322,89.547,28.606,228.24,126
2020-02-08 14:49:20,4403,0.21469,0.26822,2.9113,0.054711,88.921,28.606,204.48,126
2020-02-08 14:49:21,4404,0.21527,0.26903,2.9278,0.054711,89.364,28.605,218.86,126
2020-02-08 14:49:22,4405,0.21327,0.26542,2.5388,0.38264,89.186,28.596,220.83,126
2020-02-08 14:49:23,4406,0.21596,0.26721,1.713,0.71057,89.137,28.602,221.34,126
2020-02-08 14:49:24,4407,0.21208,0.26479,2.5689,0.71057,89.332,28.602,225.35,126
2020-02-08 14:49:25,4408,0.21466,0.26718,2.6677,0.71057,89.386,28.608,223.81,126
2020-02-08 14:49:26,4409,0.21342,0.26488,2.3499,0.38264,89,28.605,217.54,126
2020-02-08 14:49:27,4410,0.21439,0.26702,2.6203,0.054711,89.406,28.612,225.82,125.33
2020-02-08 14:49:28,4411,0.2148,0.26477,2.5901,0.38264,89.428,28.61,226.18,125.67
2020-02-08 14:49:29,4412,0.21557,0.26666,2.7566,0.054711,89.38,28.6,215.15,125.33
2020-02-08 14:49:31,4413,0.21504,0.2672,2.7155,0.054711,89.48,28.6,230.55,125.67
2020-02-08 14:49:32,4414,0.21568,0.26658,2.5788,-0.27322,89.249,28.6,208.16,126
2020-02-08 14:49:33,4415,0.21502,0.26726,2.4819,-0.27322,89.393,28.594,229.18,126.67
2020-02-08 14:49:34,4416,0.21624,0.26738,2.3903,-0.27322,89.386,28.594,230.24,125.33
2020-02-08 14:49:35,4417,0.2123,0.26543,2.5816,0.38264,89.409,28.589,240.4,125.67
2020-02-08 14:49:36,4418,0.2159,0.26603,2.3839,0.054711,89.404,28.594,240.61,126.67
2020-02-08 14:49:37,4419,0.21375,0.26587,2.8505,-0.27322,89.433,28.599,227.25,126.33
2020-02-08 14:49:38,4420,0.21566,0.26686,1.1234,0.38264,89.536,28.597,228.6,126
2020-02-08 14:49:39,4421,0.21567,0.26417,2.895,0.054711,89.337,28.592,234.67,126
2020-02-08 14:49:40,4422,0.21633,0.26821,1.1851,0.054711,89.498,28.584,217.39,126
2020-02-08 14:49:41,4423,0.21506,0.26666,1.9956,0.054711,89.46,28.591,232.91,126
2020-02-08 14:49:42,4424,0.21608,0.26859,1.5466,0.38264,89.444,28.588,218.45,125.33
2020-02-08 14:49:44,4425,0.21654,0.26677,3.1876,0.38264,89.609,28.588,249.14,126.34
2020-02-08 14:49:45,4426,0.21283,0.26686,2.7483,0.71057,89.579,28.594,231.77,126.33
2020-02-08 14:49:46,4427,0.21672,0.26605,1.9142,0.38264,89.563,28.594,233.71,126.67
2020-02-08 14:49:47,4428,0.21186,0.26461,2.6677,0.38264,89.573,28.591,222.41,126.33
2020-02-08 14:49:48,4429,0.21095,0.26402,3.1098,0.71057,89.497,28.587,246.68,126
2020-02-08 14:49:49,4430,0.21422,0.26696,2.3267,0.38264,89.386,28.597,233.4,125.33
2020-02-08 14:49:50,4431,0.212,0.26387,2.4028,0.054711,89.777,28.589,220.93,125.67
2020-02-08 14:49:51,4432,0.21349,0.26686,1.7777,0.054711,89.725,28.583,211.67,126
2020-02-08 14:49:52,4433,0.2137,0.2652,1.6694,0.054711,89.543,28.59,245.88,126
2020-02-08 14:49:53,4434,0.21328,0.26643,3.015,0.054711,88.95,28.59,245.79,125.33
2020-02-08 14:49:54,4435,0.21479,0.26452,2.6289,0.38264,89.615,28.584,235.07,125
2020-02-08 14:49:55,4436,0.21458,0.26724,2.7656,-0.60114,89.572,28.589,229.51,125.67
2020-02-08 14:49:56,4437,0.21487,0.2651,3.0621,0.054711,89.25,28.587,239.51,125.33
2020-02-08 14:49:57,4438,0.21505,0.26769,2.8332,0.054711,89.09,28.579,238.73,125
2020-02-08 14:49:59,4439,0.21515,0.26654,2.6506,0.054711,89.665,28.578,227.17,125.67
2020-02-08 14:50:00,4440,0.2143,0.26797,1.1125,-0.27322,88.806,28.587,216.5,126.67
2020-02-08 14:50:01,4441,0.21601,0.26692,2.4237,-0.27322,88.803,28.582,234.77,127
2020-02-08 14:50:02,4442,0.21334,0.26679,2.9549,0.38264,88.988,28.583,247.27,126.33
2020-02-08 14:50:03,4443,0.21402,0.26615,2.6326,0.38264,89.099,28.583,228.79,125.66
2020-02-08 14:50:04,4444,0.21467,0.26696,2.9958,0.054711,89.087,28.575,223.08,125.67
2020-02-08 14:50:05,4445,0.21498,0.26425,2.8408,0.054711,89,28.587,247.81,126
2020-02-08 14:50:06,4446,0.21542,0.26727,2.7025,0.054711,88.855,28.576,227.77,125.33
2020-02-08 14:50:07,4447,0.21522,0.2667,2.4256,0.38264,88.933,28.587,230.12,126.34
2020-02-08 14:50:08,4448,0.21505,0.26775,2.5167,-0.27322,89.125,28.583,229.59,126.33
2020-02-08 14:50:09,4449,0.21624,0.26695,3.1445,0.054711,88.865,28.584,233.32,126
2020-02-08 14:50:10,4450,0.21329,0.26765,2.5788,0.054711,88.867,28.58,231.71,126
2020-02-08 14:50:11,4451,0.21516,0.26589,2.9649,0.71057,88.984,28.584,245.05,126
2020-02-08 14:50:13,4452,0.21314,0.26412,2.5702,0.38264,88.997,28.589,231.49,126
2020-02-08 14:50:14,4453,0.21436,0.26673,2.7208,0.38264,88.928,28.584,225.87,126
2020-02-08 14:50:15,4454,0.21511,0.26452,2.5055,0.38264,88.86,28.59,244.73,126
2020-02-08 14:50:16,4455,0.21536,0.26602,2.2914,0.054711,88.932,28.59,229.57,126
2020-02-08 14:50:17,4456,0.21536,0.26655,2.3791,0.054711,88.977,28.591,234.31,125.33
2020-02-08 14:50:18,4457,0.21634,0.26772,2.6429,0.054711,89.089,28.6,229.91,125.67
2020-02-08 14:50:19,4458,0.21388,0.26796,2.6345,0.054711,88.987,28.59,226.28,126
2020-02-08 14:50:20,4459,0.21586,0.26673,2.266,0.38264,89.095,28.59,228.11,126
2020-02-08 14:50:21,4460,0.21316,0.26556,2.483,0.38264,88.999,28.596,223.63,126
2020-02-08 14:50:22,4461,0.21416,0.26673,2.9741,0.054711,88.86,28.597,222.24,126.67
2020-02-08 14:50:23,4462,0.21432,0.26578,2.4579,0.38264,88.913,28.597,241.88,126.33
2020-02-08 14:50:24,4463,0.21378,0.26535,3.0154,0.054711,88.969,28.592,250.84,126
2020-02-08 14:50:25,4464,0.21456,0.26613,2.8687,0.054711,88.903,28.592,210.01,126.67
2020-02-08 14:50:26,4465,0.21479,0.26394,2.9347,0.38264,89.102,28.598,245.15,125.66
2020-02-08 14:50:27,4466,0.21507,0.26745,2.9228,0.38264,88.892,28.594,240.56,125.67
2020-02-08 14:50:29,4467,0.21447,0.26663,2.3033,-0.27322,88.769,28.61,231.53,126.67
2020-02-08 14:50:30,4468,0.21568,0.26761,2.4945,0.054711,88.82,28.608,215.27,126.33
2020-02-08 14:50:31,4469,0.2131,0.26722,2.8443,0.38264,88.957,28.601,224.01,125.33
2020-02-08 14:50:32,4470,0.21584,0.26655,3.1153,0.38264,88.866,28.609,249.22,125.67
2020-02-08 14:50:33,4471,0.21359,0.26645,2.5604,0.38264,88.978,28.609,235.1,126
2020-02-08 14:50:34,4472,0.21374,0.26559,2.8349,0.054711,89.047,28.615,223.56,126
2020-02-08 14:50:35,4473,0.21331,0.26491,1.1743,0.38264,89.141,28.615,215.96,126.33
2020-02-08 14:50:36,4474,0.21516,0.26666,3.1377,0.054711,88.755,28.605,247.36,126
2020-02-08 14:50:37,4475,0.21521,0.26553,3.1057,-0.27322,88.829,28.611,240.82,126
2020-02-08 14:50:38,4476,0.21557,0.26692,2.677,0.054711,89.019,28.613,228.72,126
2020-02-08 14:50:39,4477,0.21429,0.26633,2.8212,0.38264,89.023,28.616,229.65,126
2020-02-08 14:50:40,4478,0.21584,0.2674,2.5764,0.38264,88.901,28.616,226.63,126.67
2020-02-08 14:50:41,4479,0.21359,0.26719,2.7359,0.71057,88.728,28.617,222.92,126.33
2020-02-08 14:50:42,4480,0.2158,0.26709,2.9121,0.38264,89.234,28.621,203.31,126
2020-02-08 14:50:43,4481,0.21414,0.26754,2.6844,0.054711,89.448,28.623,230.62,125.33
2020-02-08 14:50:44,4482,0.21332,0.26555,3.0139,0.054711,89.034,28.636,239.51,126.34
2020-02-08 14:50:45,4483,0.21482,0.2666,2.7795,0.054711,89.524,28.621,237.24,125.66
2020-02-08 14:50:47,4484,0.21326,0.26542,2.7885,0.054711,89.315,28.623,227.98,126.34
2020-02-08 14:50:48,4485,0.21568,0.26685,2.8966,0.38264,89.285,28.635,205.82,125.66
2020-02-08 14:50:49,4486,0.2147,0.26452,2.7998,0.054711,89.316,28.634,233.92,125.67
2020-02-08 14:50:50,4487,0.21463,0.26626,2.7444,0.054711,89.456,28.634,228.8,126
2020-02-08 14:50:51,4488,0.21569,0.26673,2.5444,0.054711,89.325,28.626,224.42,126
2020-02-08 14:50:52,4489,0.21411,0.26759,2.6043,0.38264,89.4,28.638,229.62,126
2020-02-08 14:50:53,4490,0.21493,0.26612,0.94519,0.38264,89.342,28.642,213.39,126
2020-02-08 14:50:54,4491,0.21461,0.26734,2.5387,0.054711,89.501,28.641,228.17,126
2020-02-08 14:50:55,4492,0.21294,0.26514,2.5951,0.054711,89.409,28.648,234.81,126
2020-02-08 14:50:56,4493,0.21554,0.26641,3.0983,0.38264,89.387,28.64,251.16,125.33
2020-02-08 14:50:57,4494,0.21243,0.26445,2.4032,0.054711,89.455,28.647,212.28,125
2020-02-08 14:50:58,4495,0.21503,0.26724,2.4554,0.054711,89.377,28.65,239.23,125.67
2020-02-08 14:50:59,4496,0.21359,0.26336,2.7861,0.054711,89.419,28.643,221.48,126
2020-02-08 14:51:01,4497,0.21517,0.26739,2.3068,0.054711,89.447,28.643,205.73,125.33
2020-02-08 14:51:02,4498,0.21471,0.26491,2.1745,0.054711,89.47,28.643,227.2,125
2020-02-08 14:51:03,4499,0.21573,0.26549,1.0803,0.054711,89.434,28.643,211.81,125.67
2020-02-08 14:51:04,4500,0.2146,0.26782,2.0656,0.38264,89.383,28.641,229.41,125.33
2020-02-08 14:51:05,4501,0.21464,0.26851,2.1807,0.71057,89.487,28.641,235.25,125.67
2020-02-08 14:51:06,4502,0.21436,0.26567,1.177,0.054711,89.365,28.645,210.58,126
2020-02-08 14:51:07,4503,0.2154,0.26785,1.8999,0.38264,89.324,28.633,244.77,126
2020-02-08 14:51:08,4504,0.21218,0.26481,1.3892,0.054711,89.636,28.647,206.22,126
2020-02-08 14:51:09,4505,0.21494,0.26694,2.6464,0.054711,89.56,28.636,227.92,126
2020-02-08 14:51:11,4506,0.2127,0.26526,2.899,0.054711,89.458,28.632,234.19,126.67
2020-02-08 14:51:12,4507,0.21439,0.26425,2.5907,0.054711,89.565,28.634,227.19,125.33
2020-02-08 14:51:13,4508,0.21565,0.26631,1.9004,0.71057,89.674,28.645,232.17,125.67
2020-02-08 14:51:14,4509,0.21468,0.26534,1.8557,0.38264,89.629,28.641,215.09,125.33
2020-02-08 14:51:15,4510,0.2158,0.26654,2.6778,0.054711,89.521,28.632,226.94,126.34
2020-02-08 14:51:16,4511,0.2144,0.2676,2.3694,-0.27322,89.638,28.642,251.02,125.66
2020-02-08 14:51:17,4512,0.21559,0.26685,2.0131,-0.27322,89.467,28.642,225.55,125.67
2020-02-08 14:51:18,4513,0.2153,0.26782,2.363,0.054711,89.439,28.653,219.78,126
2020-02-08 14:51:19,4514,0.21284,0.26584,2.2301,0.054711,89.678,28.647,227.88,126
2020-02-08 14:51:20,4515,0.21608,0.26703,0.95901,-0.60114,89.678,28.651,216.36,126
2020-02-08 14:51:22,4516,0.21329,0.26551,2.7062,0.054711,89.526,28.647,223.73,126.67
2020-02-08 14:51:23,4517,0.21602,0.26669,2.445,0.054711,89.451,28.643,215.6,125.66
2020-02-08 14:51:24,4518,0.21486,0.264,2.6031,0.38264,89.126,28.652,210.3,125.67
2020-02-08 14:51:25,4519,0.21621,0.26679,3.0199,0.054711,89.15,28.652,251.73,126
2020-02-08 14:51:26,4520,0.21578,0.26682,2.6981,0.38264,88.907,28.645,228.13,126
2020-02-08 14:51:27,4521,0.21563,0.26851,2.9172,0.38264,88.91,28.648,206.35,126
2020-02-08 14:51:28,4522,0.21377,0.26526,3.1035,0.71057,89.149,28.643,247.95,126
2020-02-08 14:51:29,4523,0.21654,0.26823,3.101,0.054711,89.281,28.64,250.98,126
2020-02-08 14:51:30,4524,0.21255,0.26393,2.6812,0.054711,89.073,28.64,227.37,126
2020-02-08 14:51:31,4525,0.21574,0.26803,2.3226,0.054711,88.933,28.643,222,126
2020-02-08 14:51:32,4526,0.21451,0.26405,3.0493,0.38264,89.047,28.638,247.83,126
2020-02-08 14:51:33,4527,0.21586,0.26657,2.5789,0.054711,88.904,28.645,224.16,126
2020-02-08 14:51:35,4528,0.21558,0.26522,2.8831,0.38264,89.007,28.636,213.62,125.33
2020-02-08 14:51:36,4529,0.21585,0.26622,2.3559,-0.27322,88.902,28.633,217.97,125.67
2020-02-08 14:51:37,4530,0.21484,0.26722,0.98925,0.054711,88.881,28.637,211.52,126
2020-02-08 14:51:38,4531,0.21542,0.26737,2.6348,0.38264,88.94,28.63,236.52,127
2020-02-08 14:51:39,4532,0.2136,0.26574,2.9686,0.38264,88.938,28.63,238.14,125.66
2020-02-08 14:51:40,4533,0.2158,0.26594,2.5843,0.38264,88.934,28.628,251.67,125.67
2020-02-08 14:51:41,4534,0.21275,0.2649,3.2302,0.38264,88.91,28.64,251.47,126
2020-02-08 14:51:42,4535,0.21547,0.26655,2.1151,-0.27322,89.02,28.626,228.5,126
2020-02-08 14:51:43,4536,0.21372,0.2639,2.3664,0.71057,88.972,28.63,245.15,125.33
2020-02-08 14:51:44,4537,0.2154,0.26733,2.548,0.38264,89.075,28.632,232.64,126.34
2020-02-08 14:51:45,4538,0.21452,0.26424,3.1885,0.054711,89.118,28.626,251.56,126.33
2020-02-08 14:51:46,4539,0.2157,0.26664,1.6918,-0.27322,88.953,28.631,217.98,126
2020-02-08 14:51:47,4540,0.2146,0.26712,2.4415,-0.27322,89.002,28.62,229.78,126
2020-02-08 14:51:48,4541,0.21556,0.26731,1.8424,0.054711,89.013,28.616,229.11,126
2020-02-08 14:51:50,4542,0.21613,0.26763,2.687,-0.27322,88.84,28.627,227.48,126
2020-02-08 14:51:51,4543,0.21289,0.26615,2.1375,0.38264,88.858,28.629,234.61,126
2020-02-08 14:51:52,4544,0.21685,0.26562,2.5754,0.38264,89.013,28.629,220.32,126
2020-02-08 14:51:53,4545,0.21567,0.26737,1.9044,0.054711,88.971,28.623,215.15,126.33
2020-02-08 14:51:54,4546,0.21512,0.26381,1.8297,0.054711,88.921,28.621,219.36,126
2020-02-08 14:51:55,4547,0.21501,0.26741,2.1541,0.054711,88.885,28.619,241.37,125.33
2020-02-08 14:51:56,4548,0.21514,0.26533,2.3988,0.38264,89.097,28.62,230.85,125.67
2020-02-08 14:51:57,4549,0.21533,0.26721,2.1871,-0.27322,89.04,28.631,227.85,126.67
2020-02-08 14:51:58,4550,0.21573,0.26695,2.4354,-0.27322,88.947,28.63,212.68,126.33
2020-02-08 14:51:59,4551,0.21401,0.26692,2.0916,-0.27322,88.76,28.633,225.48,126
2020-02-08 14:52:00,4552,0.2166,0.26714,0.9038,0.054711,88.943,28.629,228.82,126.67
2020-02-08 14:52:01,4553,0.21248,0.26571,2.596,0.054711,88.885,28.628,237.37,126.33
2020-02-08 14:52:02,4554,0.21554,0.26672,2.7076,0.054711,89.009,28.628,202.8,126
2020-02-08 14:52:04,4555,0.21404,0.26482,0.9241,0.054711,88.884,28.623,206.51,126
2020-02-08 14:52:05,4556,0.21412,0.26559,2.8291,0.054711,88.788,28.633,211.59,125.33
2020-02-08 14:52:06,4557,0.21518,0.26388,2.2762,0.71057,88.809,28.623,226.69,125.67
2020-02-08 14:52:07,4558,0.21509,0.26491,2.289,0.054711,88.804,28.634,230.34,126
2020-02-08 14:52:08,4559,0.2156,0.26761,3.1995,0.38264,88.959,28.633,252.12,126
2020-02-08 14:52:09,4560,0.21559,0.26561,2.7755,0.054711,88.833,28.629,228.39,125.33
2020-02-08 14:52:10,4561,0.2143,0.26735,1.9336,0.054711,88.944,28.633,222.38,125
2020-02-08 14:52:11,4562,0.21588,0.26601,2.9832,-0.27322,88.983,28.643,244.54,126.34
2020-02-08 14:52:12,4563,0.21311,0.26606,2.6401,0.054711,88.824,28.635,229.88,125.66
2020-02-08 14:52:13,4564,0.21524,0.26569,2.8628,0.054711,88.859,28.635,226.5,125.67
2020-02-08 14:52:14,4565,0.2137,0.26528,2.7558,0.054711,89.109,28.646,228.64,126
2020-02-08 14:52:15,4566,0.21478,0.26587,2.7983,-0.27322,88.961,28.639,220.77,126
2020-02-08 14:52:16,4567,0.21511,0.26317,3.1161,0.054711,88.933,28.643,234.77,126
2020-02-08 14:52:18,4568,0.21513,0.2659,2.7382,-0.27322,88.94,28.643,226.1,126
2020-02-08 14:52:19,4569,0.2153,0.26718,2.4804,0.38264,89.37,28.654,203.18,126
2020-02-08 14:52:20,4570,0.21443,0.26585,2.2226,0.054711,89.217,28.66,230.26,126.33
2020-02-08 14:52:21,4571,0.21389,0.26607,2.8569,0.38264,89.461,28.662,243.88,126
2020-02-08 14:52:22,4572,0.2152,0.26642,2.6683,0.38264,89.017,28.662,231.5,126
2020-02-08 14:52:23,4573,0.21319,0.26692,2.7857,0.38264,89.214,28.659,222.1,126
2020-02-08 14:52:24,4574,0.21556,0.26615,1.8639,0.38264,89.341,28.661,223.83,126
2020-02-08 14:52:25,4575,0.21273,0.26592,2.1497,0.054711,89.452,28.667,221.05,126
2020-02-08 14:52:26,4576,0.21424,0.26626,1.8617,0.38264,89.385,28.655,228.5,126
2020-02-08 14:52:27,4577,0.21467,0.26531,1.729,0.38264,89.427,28.663,221.01,126
2020-02-08 14:52:28,4578,0.21383,0.26561,1.798,0.054711,89.311,28.65,228.69,126
2020-02-08 14:52:29,4579,0.21552,0.26494,3.091,0.054711,89.356,28.65,249.12,126
2020-02-08 14:52:30,4580,0.21333,0.26465,2.6561,-0.27322,89.477,28.645,233.62,126
2020-02-08 14:52:31,4581,0.21135,0.26493,2.68,0.054711,89.432,28.643,228.9,126
2020-02-08 14:52:32,4582,0.21093,0.26344,2.5545,0.38264,89.438,28.64,224.98,124.66
2020-02-08 14:52:33,4583,0.21268,0.26441,1.911,0.054711,89.421,28.644,228.89,124.67
2020-02-08 14:52:34,4584,0.21182,0.26396,1.2019,-0.27322,89.395,28.638,212.95,125
2020-02-08 14:52:36,4585,0.21341,0.26463,2.6989,0.054711,89.395,28.645,232,125.67
2020-02-08 14:52:37,4586,0.21248,0.26346,2.7758,0.38264,89.429,28.645,234.42,126
2020-02-08 14:52:38,4587,0.21371,0.26432,1.9871,0.054711,89.389,28.646,234.24,125.33
2020-02-08 14:52:39,4588,0.21344,0.26288,2.7825,0.054711,89.38,28.646,235.1,125
2020-02-08 14:52:40,4589,0.21491,0.26379,1.9141,0.38264,89.419,28.636,223.6,125.33
2020-02-08 14:52:41,4590,0.21503,0.26535,3.0297,0.38264,89.439,28.647,246.5,125.67
2020-02-08 14:52:42,4591,0.2147,0.26621,2.2539,0.38264,89.391,28.64,231.79,126.67
2020-02-08 14:52:43,4592,0.21541,0.26518,1.0985,0.054711,89.387,28.645,205.38,127
2020-02-08 14:52:44,4593,0.21449,0.26802,2.2445,0.054711,89.651,28.651,231.37,126.33
2020-02-08 14:52:45,4594,0.21555,0.26548,2.8521,-0.27322,89.376,28.652,237.66,126
2020-02-08 14:52:46,4595,0.21463,0.26673,2.8637,0.054711,89.515,28.647,234.56,126
2020-02-08 14:52:47,4596,0.21332,0.26435,2.2438,0.054711,89.6,28.647,232.62,126
2020-02-08 14:52:48,4597,0.21492,0.26664,2.2002,0.054711,89.573,28.652,210.47,125.33
2020-02-08 14:52:49,4598,0.21401,0.26491,2.0077,0.38264,89.648,28.652,223.48,125.67
2020-02-08 14:52:50,4599,0.21533,0.26528,2.3395,0.054711,88.912,28.652,222.13,126.67
2020-02-08 14:52:51,4600,0.21568,0.26415,2.5993,0.054711,89.329,28.66,227.74,126.33
2020-02-08 14:52:52,4601,0.21605,0.26604,2.5274,0.38264,89.305,28.652,248.17,126.67
2020-02-08 14:52:53,4602,0.2152,0.26685,2.5739,0.054711,89.522,28.645,224.49,125.66
2020-02-08 14:52:54,4603,0.21585,0.26551,2.5459,0.054711,89.073,28.657,240.78,126.34
2020-02-08 14:52:56,4604,0.21452,0.26741,2.6171,0.054711,88.937,28.649,230.05,126.33
2020-02-08 14:52:57,4605,0.21428,0.26421,2.8008,0.054711,89.374,28.643,231.46,126
2020-02-08 14:52:58,4606,0.214,0.26628,2.9181,0.054711,89.374,28.643,232.83,126
2020-02-08 14:52:59,4607,0.21432,0.26567,1.8443,0.054711,89.273,28.646,227.92,126
2020-02-08 14:53:00,4608,0.21342,0.26398,1.9024,0.054711,89.184,28.646,225.9,126
2020-02-08 14:53:01,4609,0.21495,0.26601,1.3807,0.054711,89.054,28.642,217.06,126
2020-02-08 14:53:02,4610,0.21424,0.26354,1.2948,0.054711,89.099,28.638,204.74,126
2020-02-08 14:53:03,4611,0.21537,0.26606,2.3236,0.054711,88.935,28.647,226.55,126
2020-02-08 14:53:04,4612,0.21468,0.26394,2.5526,0.054711,89.592,28.651,230.83,125.33
2020-02-08 14:53:05,4613,0.21532,0.26515,2.5736,-0.27322,89.585,28.651,235.46,125.67
2020-02-08 14:53:06,4614,0.21424,0.26586,1.5003,0.054711,88.928,28.653,229.07,126
2020-02-08 14:53:07,4615,0.21465,0.26511,2.9138,-0.27322,88.99,28.647,231.91,126
2020-02-08 14:53:08,4616,0.21279,0.26616,1.8912,0.054711,88.84,28.645,226.45,125.33
2020-02-08 14:53:10,4617,0.21449,0.26457,2.3607,0.054711,89.007,28.64,227.61,125.67
2020-02-08 14:53:11,4618,0.21304,0.26589,2.9049,0.38264,88.905,28.642,244.08,125.33
2020-02-08 14:53:12,4619,0.21399,0.26486,1.1293,0.38264,88.847,28.64,218.51,125.67
2020-02-08 14:53:13,4620,0.21266,0.26497,1.9969,0.38264,89.039,28.64,204.88,125.67
2020-02-08 14:53:14,4621,0.21488,0.26518,2.7552,0.38264,88.975,28.638,234.22,125.33
2020-02-08 14:53:15,4622,0.2121,0.26471,1.9375,0.054711,89.023,28.643,224.46,125.67
2020-02-08 14:53:16,4623,0.21474,0.26518,2.4779,0.054711,88.949,28.647,227.5,126
2020-02-08 14:53:17,4624,0.21296,0.26437,2.673,0.054711,88.954,28.641,228.67,126
2020-02-08 14:53:18,4625,0.21546,0.26627,2.8727,0.38264,88.853,28.636,243.17,126
2020-02-08 14:53:19,4626,0.21425,0.26248,2.6108,0.054711,88.911,28.64,223.7,126
2020-02-08 14:53:20,4627,0.21297,0.2656,2.5332,0.054711,88.922,28.636,238.83,126
2020-02-08 14:53:21,4628,0.21307,0.26496,2.917,-0.27322,88.942,28.647,239.04,125.33
2020-02-08 14:53:22,4629,0.21495,0.26643,2.9855,0.054711,88.673,28.646,235.42,126.34
2020-02-08 14:53:24,4630,0.21422,0.26671,2.044,0.054711,88.907,28.634,216.58,126.33
2020-02-08 14:53:25,4631,0.21511,0.26607,2.0986,0.38264,88.867,28.638,231.59,126
2020-02-08 14:53:26,4632,0.21354,0.26572,2.455,0.38264,88.913,28.638,216.35,126
2020-02-08 14:53:27,4633,0.21452,0.26639,2.0934,0.054711,88.864,28.641,226.76,126
2020-02-08 14:53:28,4634,0.21212,0.26509,1.9821,-0.27322,89.065,28.642,223.73,126
2020-02-08 14:53:29,4635,0.21594,0.26679,2.6916,0.054711,88.996,28.642,229.98,126
2020-02-08 14:53:30,4636,0.21515,0.26533,3.0581,0.054711,88.933,28.655,209.67,126.67
2020-02-08 14:53:31,4637,0.2165,0.26642,2.7897,-0.27322,88.886,28.645,224.44,125.66
2020-02-08 14:53:32,4638,0.21532,0.26444,2.5844,-0.27322,88.796,28.643,230.74,125.67
2020-02-08 14:53:33,4639,0.21654,0.26697,2.4642,0.38264,89.094,28.639,216.85,126
2020-02-08 14:53:35,4640,0.21526,0.26519,2.3985,0.38264,89.371,28.635,243.71,125.33
2020-02-08 14:53:36,4641,0.21682,0.26591,2.1363,0.054711,89.549,28.642,224.76,125.67
2020-02-08 14:53:37,4642,0.21516,0.26723,1.9427,-0.27322,89.324,28.64,219.73,126
2020-02-08 14:53:38,4643,0.21668,0.26709,2.388,0.38264,88.717,28.638,251.8,126
2020-02-08 14:53:39,4644,0.21531,0.26716,2.0079,0.38264,89.445,28.638,224.7,126
2020-02-08 14:53:40,4645,0.21651,0.26708,2.9683,0.054711,89.456,28.642,239.69,126.33
2020-02-08 14:53:41,4646,0.21398,0.26599,1.9897,0.054711,89.055,28.642,223.1,126
2020-02-08 14:53:42,4647,0.21712,0.26694,2.1853,0.054711,89.458,28.64,234.75,126
2020-02-08 14:53:43,4648,0.21416,0.2652,2.5388,0.054711,89.484,28.643,223.86,126
2020-02-08 14:53:44,4649,0.21709,0.26712,2.7052,0.054711,89.3,28.649,233.41,126
2020-02-08 14:53:45,4650,0.2155,0.26439,2.0306,0.054711,89.413,28.637,235.76,126
2020-02-08 14:53:46,4651,0.21593,0.26731,2.586,0.054711,89.237,28.642,235.92,126
2020-02-08 14:53:47,4652,0.21479,0.26475,2.2056,0.054711,89.288,28.635,245.54,126
2020-02-08 14:53:48,4653,0.21633,0.26653,1.328,0.054711,89.342,28.637,205.01,126
2020-02-08 14:53:49,4654,0.21506,0.26699,2.5686,0.38264,89.463,28.642,230.17,126.67
2020-02-08 14:53:51,4655,0.21601,0.26704,2.613,0.38264,89.201,28.642,221.63,126.33
2020-02-08 14:53:52,4656,0.21519,0.26676,1.8875,0.38264,89.527,28.641,230.04,125.33
2020-02-08 14:53:53,4657,0.21526,0.26745,2.087,0.71057,89.323,28.644,237.69,125.67
2020-02-08 14:53:54,4658,0.21712,0.26683,2.7271,0.38264,89.334,28.643,223.94,126
2020-02-08 14:53:55,4659,0.21305,0.26692,2.6411,0.38264,89.504,28.638,213.28,127
2020-02-08 14:53:56,4660,0.21325,0.26451,2.5024,-0.27322,89.566,28.648,221.34,126.33
2020-02-08 14:53:57,4661,0.21654,0.2669,2.8476,0.054711,89.385,28.642,243.41,125.33
2020-02-08 14:53:58,4662,0.21561,0.26402,1.8759,0.054711,89.484,28.633,228.92,125
2020-02-08 14:53:59,4663,0.21663,0.2681,1.7288,0.054711,89.285,28.633,220.72,125.67
2020-02-08 14:54:00,4664,0.21601,0.26512,1.6753,0.054711,89.701,28.634,216.51,126
2020-02-08 14:54:01,4665,0.21661,0.26694,2.6764,0.054711,89.485,28.639,229.14,126.67
2020-02-08 14:54:02,4666,0.21522,0.26623,2.5624,0.38264,89.453,28.644,227.3,126.33
2020-02-08 14:54:03,4667,0.21532,0.26654,3.0308,0.054711,89.177,28.64,237,126
2020-02-08 14:54:04,4668,0.21562,0.26555,1.93,-0.60114,89.554,28.637,229.23,126
2020-02-08 14:54:05,4669,0.21389,0.26696,2.0434,0.054711,89.376,28.641,238.49,126
2020-02-08 14:54:06,4670,0.21689,0.26563,1.8091,0.71057,89.397,28.636,220.69,126
2020-02-08 14:54:08,4671,0.21168,0.26593,1.8981,0.71057,89.473,28.636,226.72,126
2020-02-08 14:54:09,4672,0.2176,0.26577,1.8578,-0.27322,89.562,28.624,230.51,126
2020-02-08 14:54:10,4673,0.21209,0.26483,2.3905,-0.27322,89.576,28.63,216.38,126
2020-02-08 14:54:11,4674,0.2166,0.26754,1.8821,0.054711,89.035,28.632,217.26,126
2020-02-08 14:54:12,4675,0.21531,0.26684,1.7511,0.054711,88.786,28.633,213.49,125.33
2020-02-08 14:54:13,4676,0.21544,0.26409,2.7001,0.71057,88.907,28.638,242.96,125.67
2020-02-08 14:54:14,4677,0.21595,0.26759,2.6785,0.71057,88.887,28.625,238.53,126.67
2020-02-08 14:54:15,4678,0.2159,0.26498,3.0583,-0.27322,89.551,28.628,250.05,126.33
2020-02-08 14:54:16,4679,0.21611,0.26703,2.4898,0.054711,88.979,28.631,243.55,126.67
2020-02-08 14:54:17,4680,0.21572,0.26567,2.1522,0.38264,89.639,28.633,224.42,126.33
2020-02-08 14:54:18,4681,0.21511,0.26709,2.2651,0.38264,89.757,28.633,227.07,125.33
2020-02-08 14:54:19,4682,0.21659,0.26698,2.4056,0.054711,88.939,28.632,241.72,125.67
2020-02-08 14:54:20,4683,0.21422,0.26709,2.3882,0.38264,89.543,28.632,228.33,126.67
2020-02-08 14:54:21,4684,0.21716,0.2672,2.4974,0.38264,89.326,28.628,224.54,126.33
2020-02-08 14:54:22,4685,0.21342,0.26584,2.9031,-0.27322,88.849,28.626,231.54,126
2020-02-08 14:54:23,4686,0.21609,0.26702,2.4731,0.38264,89.077,28.624,236.86,126
2020-02-08 14:54:24,4687,0.21445,0.26521,2.4675,0.054711,89.069,28.623,218.31,125.33
2020-02-08 14:54:26,4688,0.21521,0.26616,2.8665,0.71057,88.836,28.618,234.89,126.34
2020-02-08 14:54:27,4689,0.21557,0.26459,2.6545,0.054711,88.874,28.626,236.43,125.66
2020-02-08 14:54:28,4690,0.21553,0.26651,1.2243,0.054711,88.993,28.632,214.55,125.67
2020-02-08 14:54:29,4691,0.21575,0.26636,2.7585,0.054711,88.972,28.632,236.33,126
2020-02-08 14:54:30,4692,0.21452,0.26529,2.1739,0.054711,88.885,28.62,234.96,125.33
2020-02-08 14:54:31,4693,0.21501,0.26574,1.9913,0.054711,88.823,28.624,228.5,126
2020-02-08 14:54:32,4694,0.21562,0.26736,2.0143,0.38264,88.917,28.616,229.17,126
2020-02-08 14:54:33,4695,0.21488,0.26653,2.5998,-0.27322,88.715,28.618,228.43,126
2020-02-08 14:54:34,4696,0.2165,0.26726,2.6319,-0.27322,88.955,28.626,224.81,126
2020-02-08 14:54:35,4697,0.21379,0.26705,1.9852,-0.27322,88.879,28.626,225.8,126
2020-02-08 14:54:36,4698,0.21561,0.2668,1.9439,0.054711,88.639,28.615,228.4,126.67
2020-02-08 14:54:37,4699,0.21248,0.26541,2.6477,0.054711,89.063,28.618,223.1,126.33
2020-02-08 14:54:38,4700,0.21433,0.2665,2.8641,0.054711,88.919,28.616,233.57,126
2020-02-08 14:54:39,4701,0.21474,0.26553,1.7891,0.054711,88.926,28.629,218.11,126
2020-02-08 14:54:40,4702,0.21401,0.26654,3.2116,0.054711,88.733,28.625,248.56,126
2020-02-08 14:54:41,4703,0.21547,0.26573,1.9832,0.054711,89.086,28.62,225.48,126.67
2020-02-08 14:54:42,4704,0.21462,0.26482,2.6547,0.054711,88.935,28.62,222.81,127
2020-02-08 14:54:43,4705,0.21508,0.26626,2.0556,0.054711,88.881,28.628,229.28,125.66
2020-02-08 14:54:44,4706,0.21481,0.26584,2.8983,-0.27322,88.979,28.626,215.17,126.34
2020-02-08 14:54:45,4707,0.21477,0.26635,1.9715,0.054711,88.903,28.616,232.69,126.33
2020-02-08 14:54:46,4708,0.21396,0.26673,2.0957,0.054711,88.928,28.623,240.63,126
2020-02-08 14:54:47,4709,0.21481,0.26576,2.5875,0.054711,88.967,28.62,229.1,126
2020-02-08 14:54:49,4710,0.21304,0.26694,2.706,-0.27322,88.908,28.631,229.83,126
2020-02-08 14:54:50,4711,0.21571,0.26651,3.1839,0.054711,89.056,28.613,236,126
2020-02-08 14:54:51,4712,0.21313,0.26676,1.8605,0.054711,88.725,28.613,222.43,126
2020-02-08 14:54:52,4713,0.21409,0.26556,1.8905,0.054711,88.997,28.618,228.34,126
2020-02-08 14:54:53,4714,0.21448,0.26644,2.6862,0.38264,88.964,28.618,229.46,126
2020-02-08 14:54:54,4715,0.21503,0.26662,1.9274,0.054711,88.983,28.621,234.28,126
2020-02-08 14:54:55,4716,0.21307,0.26511,2.7077,0.054711,88.91,28.628,234.79,126
2020-02-08 14:54:56,4717,0.21536,0.26567,2.7286,0.054711,88.991,28.622,230.13,126
2020-02-08 14:54:57,4718,0.21443,0.26506,1.9669,-0.27322,88.973,28.625,239.81,125.33
2020-02-08 14:54:58,4719,0.2158,0.26757,1.9105,0.054711,88.82,28.621,230.01,125.67
2020-02-08 14:54:59,4720,0.21468,0.26577,1.9141,0.054711,88.749,28.623,231.66,126
2020-02-08 14:55:00,4721,0.21575,0.26705,2.6766,0.054711,89.264,28.622,243.37,126
2020-02-08 14:55:01,4722,0.21402,0.26687,2.7276,0.054711,88.897,28.624,229.75,126.67
2020-02-08 14:55:02,4723,0.21563,0.26659,2.683,0.38264,88.685,28.624,237.16,125.66
2020-02-08 14:55:03,4724,0.21436,0.26818,2.7654,0.38264,88.677,28.618,233.99,125.67
2020-02-08 14:55:04,4725,0.21399,0.26518,1.5206,0.054711,88.726,28.627,216.96,125.33
2020-02-08 14:55:05,4726,0.21524,0.2665,1.8055,0.054711,89.17,28.628,232.04,125.67
2020-02-08 14:55:06,4727,0.21291,0.26565,2.6034,0.054711,88.849,28.628,243.46,126
2020-02-08 14:55:07,4728,0.21541,0.26636,1.8931,0.38264,89.213,28.625,226.31,126
2020-02-08 14:55:09,4729,0.2143,0.26507,2.7749,0.054711,88.785,28.625,204.12,126
2020-02-08 14:55:10,4730,0.21603,0.26701,3.0698,-0.27322,88.696,28.627,249.67,126
2020-02-08 14:55:11,4731,0.21442,0.26426,3.0742,0.054711,89.219,28.623,236.76,126.67
2020-02-08 14:55:12,4732,0.21549,0.26552,3.1621,0.054711,88.89,28.623,251.2,125.66
2020-02-08 14:55:13,4733,0.21408,0.26681,2.7141,0.054711,89.343,28.624,231.92,125.67
2020-02-08 14:55:14,4734,0.21382,0.26709,2.6709,0.054711,88.912,28.629,225.81,126.33
2020-02-08 14:55:15,4735,0.21423,0.26689,2.7074,0.38264,89.217,28.632,215.92,126
2020-02-08 14:55:16,4736,0.21373,0.26638,2.8334,0.71057,89.24,28.62,240.96,126
2020-02-08 14:55:17,4737,0.21223,0.2649,2.6174,0.054711,89.15,28.618,221.22,126
2020-02-08 14:55:18,4738,0.21498,0.26677,3.0591,-0.60114,89.383,28.619,251.41,126
2020-02-08 14:55:19,4739,0.21221,0.26438,2.967,0.38264,89.298,28.623,203.54,126
2020-02-08 14:55:20,4740,0.21489,0.26717,2.716,0.38264,89.328,28.623,229.48,126
2020-02-08 14:55:21,4741,0.21324,0.264,2.254,0.054711,89.357,28.619,230.52,125.33
2020-02-08 14:55:22,4742,0.21522,0.26635,2.5059,0.054711,89.448,28.625,220.99,125.67
2020-02-08 14:55:23,4743,0.21402,0.26473,2.779,-0.27322,89.399,28.625,235.97,126
2020-02-08 14:55:24,4744,0.21437,0.26565,2.0075,0.054711,89.398,28.623,230.21,126
2020-02-08 14:55:25,4745,0.21239,0.26509,1.1366,0.71057,89.454,28.622,206.09,126
2020-02-08 14:55:27,4746,0.21431,0.26608,1.7949,-0.27322,89.38,28.624,205.47,126
2020-02-08 14:55:28,4747,0.21315,0.26612,1.2344,-0.27322,89.463,28.624,209.65,126
2020-02-08 14:55:29,4748,0.21484,0.26644,1.9722,0.054711,89.289,28.625,214.29,125.33
2020-02-08 14:55:30,4749,0.21391,0.26741,1.7622,0.054711,89.533,28.618,215.29,126.34
2020-02-08 14:55:31,4750,0.2136,0.26475,1.7933,-0.27322,89.307,28.628,228.67,125.66
2020-02-08 14:55:32,4751,0.21178,0.26438,2.8986,-0.27322,89.433,28.624,221.17,126
2020-02-08 14:55:33,4752,0.21505,0.26664,3.0878,0.054711,89.35,28.619,231.03,126
2020-02-08 14:55:34,4753,0.2142,0.26496,2.695,0.054711,89.354,28.626,229.36,126
2020-02-08 14:55:35,4754,0.21529,0.26611,2.1703,0.054711,89.301,28.634,251.12,125.33
2020-02-08 14:55:36,4755,0.21508,0.26581,1.4889,0.054711,89.324,28.634,220.89,126.34
2020-02-08 14:55:37,4756,0.21559,0.266,1.8976,0.054711,89.587,28.619,233.46,125.66
2020-02-08 14:55:38,4757,0.21466,0.26767,2.9401,0.054711,89.463,28.63,234.41,125.67
2020-02-08 14:55:39,4758,0.21496,0.26649,2.5492,0.38264,89.521,28.629,227.79,126
2020-02-08 14:55:40,4759,0.21527,0.26774,2.3895,0.054711,89.519,28.621,224.25,126
2020-02-08 14:55:41,4760,0.21232,0.26466,2.9626,0.054711,89.531,28.628,245.32,126
2020-02-08 14:55:42,4761,0.21512,0.26714,1.8266,0.38264,89.329,28.628,226.26,126
2020-02-08 14:55:43,4762,0.21277,0.26435,2.4622,-0.27322,89.465,28.631,229.27,126
2020-02-08 14:55:44,4763,0.21393,0.26693,2.7224,-0.27322,89.144,28.631,229.01,126
2020-02-08 14:55:45,4764,0.21321,0.26372,2.7693,0.054711,89.105,28.628,207.2,126
2020-02-08 14:55:47,4765,0.21399,0.26637,3.1236,0.054711,89.592,28.634,251.5,126
2020-02-08 14:55:48,4766,0.21379,0.26331,1.8732,-0.27322,89.177,28.631,230.3,126
2020-02-08 14:55:49,4767,0.21369,0.26625,2.562,0.054711,89.541,28.64,228.49,126
2020-02-08 14:55:50,4768,0.21357,0.26614,2.4804,0.38264,89.549,28.629,225.45,125.33
2020-02-08 14:55:51,4769,0.2135,0.26676,1.8361,0.054711,89.572,28.638,223.84,126
2020-02-08 14:55:52,4770,0.21432,0.2656,2.1366,0.38264,89.44,28.636,218.67,126
2020-02-08 14:55:53,4771,0.21352,0.26756,2.7038,-0.27322,89.165,28.636,228.78,126
2020-02-08 14:55:54,4772,0.2136,0.26538,2.8182,-0.27322,89.181,28.636,233.13,126
2020-02-08 14:55:55,4773,0.21425,0.26788,1.9841,-0.60114,88.826,28.628,241.39,126
2020-02-08 14:55:56,4774,0.2124,0.26368,2.6865,-0.27322,89.38,28.637,238.79,125.33
2020-02-08 14:55:57,4775,0.21492,0.26756,2.7277,0.054711,88.955,28.642,228.89,125.67
2020-02-08 14:55:58,4776,0.2116,0.26419,2.7209,0.054711,88.833,28.631,210.32,126
2020-02-08 14:55:59,4777,0.215,0.26667,1.2055,0.38264,88.828,28.635,216.45,126
2020-02-08 14:56:00,4778,0.21235,0.2646,2.7245,0.054711,89.244,28.627,230.14,126.67
2020-02-08 14:56:01,4779,0.21463,0.26648,2.6908,0.38264,88.9,28.632,206.25,126.33
2020-02-08 14:56:02,4780,0.2136,0.26413,2.3376,0.38264,88.97,28.632,218.7,126
2020-02-08 14:56:04,4781,0.21438,0.26639,2.6133,0.054711,88.806,28.627,211.45,125.33
2020-02-08 14:56:05,4782,0.21426,0.26445,2.2239,0.38264,88.986,28.633,227.46,125.67
2020-02-08 14:56:06,4783,0.2146,0.2658,2.5297,0.054711,88.861,28.625,231.74,126
2020-02-08 14:56:07,4784,0.21413,0.2662,2.1591,0.054711,88.899,28.636,223.3,126
2020-02-08 14:56:08,4785,0.21405,0.2659,1.0445,0.054711,88.925,28.64,217.55,125.67
2020-02-08 14:56:09,4786,0.21359,0.26658,2.4298,0.38264,88.88,28.631,239.15,126
2020-02-08 14:56:10,4787,0.21537,0.26581,2.3545,0.054711,88.953,28.635,239.94,125.33
2020-02-08 14:56:11,4788,0.21135,0.26615,2.016,0.054711,89.048,28.635,231.9,125.67
2020-02-08 14:56:12,4789,0.21559,0.26539,2.147,0.054711,88.857,28.635,226.45,126.67
2020-02-08 14:56:13,4790,0.21197,0.26504,1.825,-0.27322,88.876,28.634,225.79,126.33
2020-02-08 14:56:14,4791,0.21466,0.2666,1.3908,0.054711,88.974,28.636,204.21,125.33
2020-02-08 14:56:15,4792,0.21348,0.26381,1.8766,-0.27322,89.006,28.632,230.83,125.67
2020-02-08 14:56:16,4793,0.21413,0.26756,2.0797,0.38264,88.887,28.631,251.19,126
2020-02-08 14:56:17,4794,0.21414,0.26221,2.6367,0.054711,88.935,28.634,234.87,125.33
2020-02-08 14:56:18,4795,0.21459,0.26702,1.9684,-0.27322,88.967,28.631,216.93,125.67
2020-02-08 14:56:19,4796,0.21338,0.26539,2.2376,0.38264,88.984,28.64,248.92,125.33
2020-02-08 14:56:21,4797,0.21429,0.26623,2.156,0.054711,88.954,28.631,227.83,125.67
2020-02-08 14:56:22,4798,0.21479,0.26659,0.96445,0.054711,88.811,28.631,208.11,125.33
2020-02-08 14:56:23,4799,0.2136,0.26608,2.7251,0.38264,88.845,28.638,229.16,125
2020-02-08 14:56:24,4800,0.21609,0.26771,2.3077,-0.27322,88.978,28.631,228.21,125.67
2020-02-08 14:56:25,4801,0.21254,0.26579,2.8987,0.054711,88.93,28.64,247.68,125.33
2020-02-08 14:56:26,4802,0.21621,0.26638,2.4978,0.38264,88.814,28.639,232.48,125.33
2020-02-08 14:56:27,4803,0.21411,0.26565,2.5963,0.38264,88.767,28.635,226.29,125.67
2020-02-08 14:56:28,4804,0.21427,0.26592,2.5932,-0.27322,88.723,28.639,229.41,126.67
2020-02-08 14:56:29,4805,0.21372,0.266,2.3728,-0.27322,88.779,28.639,221.24,126.33
2020-02-08 14:56:30,4806,0.21475,0.26341,2.5711,-0.27322,88.786,28.634,251.39,126
2020-02-08 14:56:31,4807,0.21468,0.26701,1.3442,0.054711,89.071,28.64,222.93,126
2020-02-08 14:56:32,4808,0.2142,0.26469,2.8012,0.054711,89.014,28.639,234.65,126.67
2020-02-08 14:56:33,4809,0.2149,0.26717,3.0688,0.38264,88.704,28.64,248.5,126.33
2020-02-08 14:56:34,4810,0.21478,0.26581,2.799,0.054711,88.627,28.631,230.71,126
2020-02-08 14:56:35,4811,0.21442,0.26699,2.6852,0.054711,88.645,28.635,211.29,126
2020-02-08 14:56:36,4812,0.2151,0.26593,2.8154,-0.27322,88.781,28.636,224.85,126.67
2020-02-08 14:56:37,4813,0.21377,0.26742,2.4557,0.054711,88.815,28.642,220.6,126.33
2020-02-08 14:56:38,4814,0.21544,0.26525,2.5447,0.054711,88.789,28.642,222.13,126
2020-02-08 14:56:40,4815,0.21276,0.26755,1.9374,0.38264,88.794,28.643,232.53,126
2020-02-08 14:56:41,4816,0.21532,0.2656,2.3379,0.38264,89.317,28.64,216.42,126
2020-02-08 14:56:42,4817,0.21294,0.26477,1.9514,0.054711,89.157,28.644,216.84,126
2020-02-08 14:56:43,4818,0.21396,0.26703,2.3336,0.38264,89.009,28.645,227.88,126.67
2020-02-08 14:56:44,4819,0.21432,0.26734,2.1149,0.054711,89.297,28.638,229.51,126
2020-02-08 14:56:45,4820,0.21487,0.26623,2.625,0.054711,89.25,28.639,228.13,126.67
2020-02-08 14:56:46,4821,0.21458,0.26413,2.5907,0.054711,89.238,28.643,227.58,126.33
2020-02-08 14:56:47,4822,0.21616,0.26732,2.0762,0.054711,89.232,28.643,244.36,126.67
2020-02-08 14:56:48,4823,0.21633,0.26574,1.3569,-0.27322,88.997,28.637,203.62,126.33
2020-02-08 14:56:49,4824,0.21649,0.26639,2.6803,0.054711,89.404,28.647,229.62,126
2020-02-08 14:56:50,4825,0.21524,0.2676,2.6259,0.38264,88.813,28.649,228.75,126
2020-02-08 14:56:51,4826,0.21617,0.2658,3.1179,0.054711,89.103,28.644,251.08,126.67
2020-02-08 14:56:52,4827,0.21421,0.26627,2.5555,0.054711,89.507,28.65,219.61,125.66
2020-02-08 14:56:53,4828,0.21474,0.26531,3.0337,-0.27322,89.397,28.637,238.15,126.35
2020-02-08 14:56:54,4829,0.21547,0.26644,2.9287,0.054711,89.376,28.643,212.53,126.33
2020-02-08 14:56:55,4830,0.21439,0.2649,2.6819,0.054711,89.236,28.644,225.68,126.67
2020-02-08 14:56:57,4831,0.21541,0.26587,2.5263,0.054711,89.381,28.644,222.12,126.33
2020-02-08 14:56:58,4832,0.2158,0.26465,2.4927,0.054711,89.406,28.636,231.12,126.67
2020-02-08 14:56:59,4833,0.21529,0.26621,2.7177,-0.60114,89.481,28.641,237.12,127
2020-02-08 14:57:00,4834,0.21601,0.26592,2.1487,0.054711,89.072,28.646,222.43,126.67
2020-02-08 14:57:01,4835,0.21485,0.26746,2.589,-0.60114,89.256,28.64,230.37,125.66
2020-02-08 14:57:02,4836,0.21638,0.26614,2.9274,0.054711,89.386,28.647,240.68,125.67
2020-02-08 14:57:03,4837,0.21431,0.26676,2.873,0.054711,89.449,28.65,233.32,126.67
2020-02-08 14:57:04,4838,0.21459,0.26494,2.5949,0.38264,89.502,28.644,238.75,126.33
2020-02-08 14:57:05,4839,0.21482,0.2661,0.89378,0.054711,89.294,28.646,207.85,125.33
2020-02-08 14:57:06,4840,0.21384,0.26397,2.5872,0.054711,89.228,28.641,233.58,126.35
2020-02-08 14:57:07,4841,0.21486,0.26594,2.426,0.054711,89.373,28.641,228.63,125.66
2020-02-08 14:57:08,4842,0.21496,0.26461,2.7838,0.054711,89.367,28.641,234.52,126.35
2020-02-08 14:57:09,4843,0.21542,0.26591,2.8531,0.054711,89.316,28.651,234.66,126.33
2020-02-08 14:57:10,4844,0.21527,0.26435,2.472,0.054711,89.318,28.647,228.09,126
2020-02-08 14:57:11,4845,0.21598,0.26587,2.5787,0.054711,89.324,28.647,234.51,126
2020-02-08 14:57:13,4846,0.21497,0.26697,2.5719,-0.27322,89.3,28.647,229.76,126
2020-02-08 14:57:14,4847,0.21613,0.26676,2.229,0.71057,89.491,28.64,220.3,126.67
2020-02-08 14:57:15,4848,0.21485,0.26733,2.8866,0.38264,89.56,28.638,252.4,125.66
2020-02-08 14:57:16,4849,0.21528,0.26597,2.7645,0.38264,89.554,28.638,230.69,125.67
2020-02-08 14:57:17,4850,0.21497,0.26504,2.4064,-0.27322,89.444,28.645,232.25,126.67
2020-02-08 14:57:18,4851,0.21517,0.26637,2.8937,0.054711,89.548,28.647,252.45,126.33
2020-02-08 14:57:19,4852,0.21482,0.2651,3.2415,0.054711,89.464,28.645,237.34,126
2020-02-08 14:57:20,4853,0.21567,0.26602,2.6797,0.054711,89.268,28.642,235.55,126
2020-02-08 14:57:21,4854,0.2154,0.26347,2.8085,0.054711,89.073,28.633,219.26,126
2020-02-08 14:57:22,4855,0.21629,0.26602,2.798,0.054711,89.712,28.643,204.46,126
2020-02-08 14:57:23,4856,0.21454,0.26543,2.7521,0.054711,89.45,28.643,227.7,125.33
2020-02-08 14:57:24,4857,0.21601,0.26634,2.9121,0.38264,89.486,28.643,221.97,125.67
2020-02-08 14:57:25,4858,0.21435,0.26723,2.3072,0.38264,89.583,28.643,229.4,125.33
2020-02-08 14:57:26,4859,0.21556,0.2662,2.2066,0.38264,89.528,28.647,230.13,126.35
2020-02-08 14:57:27,4860,0.21483,0.2663,2.7713,0.054711,89.207,28.654,233.87,126.33
2020-02-08 14:57:28,4861,0.21391,0.26575,2.3253,0.054711,89.267,28.652,234.96,126
2020-02-08 14:57:29,4862,0.2158,0.26626,2.6848,0.38264,89.535,28.645,237.12,126
2020-02-08 14:57:30,4863,0.21326,0.26425,2.6525,0.38264,89.637,28.647,220.83,126.67
2020-02-08 14:57:31,4864,0.21615,0.26707,1.8156,0.054711,89.396,28.647,219.04,125.66
2020-02-08 14:57:33,4865,0.21402,0.26442,2.681,0.054711,89.479,28.642,230.9,125.67
2020-02-08 14:57:34,4866,0.21632,0.26697,2.8112,0.38264,89.421,28.647,205.16,126.67
2020-02-08 14:57:35,4867,0.21472,0.26495,2.3642,-0.27322,89.411,28.64,220.02,126.33
2020-02-08 14:57:36,4868,0.21608,0.26663,2.7784,0.054711,89.691,28.651,221.71,126
2020-02-08 14:57:37,4869,0.21471,0.26774,2.7085,0.38264,88.797,28.648,228.97,126.67
2020-02-08 14:57:38,4870,0.21567,0.26821,2.3044,0.054711,89.179,28.643,231.3,126
2020-02-08 14:57:39,4871,0.21281,0.26485,2.7908,0.054711,89.58,28.648,234.78,126.67
2020-02-08 14:57:40,4872,0.2159,0.26753,1.9758,0.054711,89.583,28.648,221.8,126.33
2020-02-08 14:57:41,4873,0.21307,0.26493,2.7246,-0.27322,89.462,28.649,221.47,125.33
2020-02-08 14:57:42,4874,0.21547,0.26673,1.9372,0.054711,88.926,28.657,205.94,125.67
2020-02-08 14:57:43,4875,0.21513,0.26414,2.5622,-0.27322,88.782,28.65,234.4,125.33
2020-02-08 14:57:44,4876,0.21569,0.26681,2.6183,0.054711,88.908,28.649,228.39,125
2020-02-08 14:57:45,4877,0.21393,0.26502,2.563,0.054711,89.107,28.646,219.93,125.67
2020-02-08 14:57:46,4878,0.21115,0.26343,2.8082,-0.27322,88.823,28.646,229.33,126
2020-02-08 14:57:47,4879,0.21132,0.26466,2.25,0.38264,88.884,28.654,222.94,126
2020-02-08 14:57:48,4880,0.21286,0.26587,2.8528,0.38264,88.734,28.655,222.77,125.33
2020-02-08 14:57:49,4881,0.2121,0.26451,1.1246,-0.27322,88.982,28.652,204.86,125
2020-02-08 14:57:51,4882,0.21382,0.26649,2.9206,0.38264,88.827,28.647,241.25,125.67
2020-02-08 14:57:52,4883,0.21222,0.26474,2.2161,0.38264,88.969,28.647,231.77,125.33
2020-02-08 14:57:53,4884,0.21432,0.26531,2.3964,0.054711,88.921,28.65,208.32,125.67
2020-02-08 14:57:54,4885,0.21426,0.26604,3.0093,0.054711,89.006,28.653,251.01,125.33
2020-02-08 14:57:55,4886,0.21256,0.26589,2.3435,0.38264,89.006,28.655,223.02,125.67
2020-02-08 14:57:56,4887,0.21423,0.26501,2.48,0.38264,88.96,28.649,233.26,126
2020-02-08 14:57:57,4888,0.21293,0.26549,2.5894,0.054711,88.879,28.655,230.22,126
2020-02-08 14:57:58,4889,0.21381,0.26538,2.4556,0.054711,88.926,28.652,230.5,125.33
2020-02-08 14:57:59,4890,0.21378,0.26683,3.0867,0.054711,88.756,28.652,244.47,127.02
2020-02-08 14:58:00,4891,0.21413,0.26402,2.3562,0.38264,89.188,28.645,228.37,126.66
2020-02-08 14:58:01,4892,0.21627,0.26655,2.0459,0.054711,88.885,28.652,227.33,125.33
2020-02-08 14:58:02,4893,0.21411,0.26378,2.6356,0.054711,88.79,28.657,222.49,125.67
2020-02-08 14:58:03,4894,0.21651,0.26764,1.8604,-0.27322,88.943,28.648,222.9,126.67
2020-02-08 14:58:04,4895,0.21256,0.26368,2.9187,0.38264,88.867,28.651,237.16,125.66
2020-02-08 14:58:05,4896,0.21575,0.2662,2.3693,0.054711,88.646,28.654,226.83,125.67
2020-02-08 14:58:06,4897,0.21212,0.26438,2.6837,0.38264,89.344,28.668,239.67,126
2020-02-08 14:58:08,4898,0.21506,0.2662,2.1683,0.38264,89.166,28.668,252.32,126
2020-02-08 14:58:09,4899,0.21286,0.26476,2.6122,-0.27322,88.823,28.66,231.49,126
2020-02-08 14:58:10,4900,0.21515,0.26523,2.909,0.71057,88.758,28.66,232.61,126.67
2020-02-08 14:58:11,4901,0.21371,0.26423,2.6861,0.054711,88.936,28.661,232.51,126.33
2020-02-08 14:58:12,4902,0.21536,0.26649,2.2934,0.054711,89.039,28.672,231.41,126
2020-02-08 14:58:13,4903,0.21611,0.26647,2.8293,0.054711,88.871,28.674,231.99,126
2020-02-08 14:58:14,4904,0.2146,0.26692,2.4651,0.054711,88.81,28.673,230.1,126
2020-02-08 14:58:15,4905,0.21593,0.26753,2.4398,0.054711,88.821,28.68,228.57,126
2020-02-08 14:58:16,4906,0.21563,0.26679,2.4808,0.38264,88.764,28.675,216.7,125.33
2020-02-08 14:58:17,4907,0.21403,0.26581,2.2833,0.054711,88.798,28.677,214.69,125.67
2020-02-08 14:58:18,4908,0.21721,0.26637,2.3033,0.054711,89.092,28.661,230.63,126.67
2020-02-08 14:58:19,4909,0.21178,0.26504,2.9509,0.054711,88.845,28.661,243.07,126.33
2020-02-08 14:58:20,4910,0.21632,0.26624,2.8665,0.054711,88.657,28.673,231.88,126
2020-02-08 14:58:21,4911,0.21442,0.26393,2.7647,0.054711,89.032,28.663,237.55,126
2020-02-08 14:58:23,4912,0.21543,0.26574,3.1341,0.38264,88.71,28.675,239.21,126
2020-02-08 14:58:24,4913,0.21526,0.26323,2.5993,0.054711,89.006,28.672,231.7,126
2020-02-08 14:58:25,4914,0.2157,0.26642,2.519,0.054711,88.872,28.666,219.4,125.33
2020-02-08 14:58:26,4915,0.21707,0.2648,2.5965,0.054711,88.733,28.667,224.5,125
2020-02-08 14:58:27,4916,0.21562,0.26619,2.6235,0.054711,88.742,28.667,229.31,126.35
2020-02-08 14:58:28,4917,0.21515,0.26648,2.6513,0.38264,89.239,28.676,229.37,126
2020-02-08 14:58:29,4918,0.216,0.26619,2.7405,0.054711,89.377,28.669,227.33,126
2020-02-08 14:58:30,4919,0.21316,0.26576,2.6364,0.38264,89.342,28.664,231.99,126
2020-02-08 14:58:31,4920,0.21599,0.26564,2.4391,0.38264,89.043,28.665,218.02,126
2020-02-08 14:58:32,4921,0.21207,0.26537,1.366,0.054711,89.264,28.671,216.22,126
2020-02-08 14:58:33,4922,0.21549,0.26577,2.4837,0.054711,89.026,28.667,229.03,126
2020-02-08 14:58:34,4923,0.21294,0.26484,2.6834,-0.27322,88.879,28.669,230.1,125.33
2020-02-08 14:58:35,4924,0.2142,0.26534,2.55,-0.27322,89.358,28.669,235.47,125.67
2020-02-08 14:58:36,4925,0.21436,0.26499,2.3717,0.054711,89.362,28.672,234.05,125.33
2020-02-08 14:58:37,4926,0.21421,0.26516,2.2304,0.38264,89.407,28.667,227.18,125.67
2020-02-08 14:58:38,4927,0.21547,0.26371,2.2769,0.054711,89.399,28.678,229.63,125.33
2020-02-08 14:58:39,4928,0.21526,0.26708,2.3511,0.054711,89.466,28.667,237.34,125.67
2020-02-08 14:58:40,4929,0.21523,0.26494,2.4845,0.38264,89.417,28.66,251.88,126
2020-02-08 14:58:41,4930,0.21554,0.26758,2.0899,0.054711,89.367,28.672,227.82,126
2020-02-08 14:58:42,4931,0.21587,0.2664,2.0322,0.054711,89.373,28.672,229.29,126
2020-02-08 14:58:44,4932,0.21453,0.26737,3.0991,0.054711,89.251,28.672,241.37,126
2020-02-08 14:58:45,4933,0.21602,0.26631,1.3514,0.054711,89.335,28.682,212.74,126
2020-02-08 14:58:46,4934,0.21293,0.26682,2.003,0.054711,89.407,28.674,231.08,126
2020-02-08 14:58:47,4935,0.21543,0.26491,2.7611,0.054711,89.367,28.662,231.03,126.67
2020-02-08 14:58:48,4936,0.21235,0.26633,1.658,0.054711,89.411,28.662,220.03,126.33
2020-02-08 14:58:49,4937,0.21431,0.26524,1.8071,0.054711,89.355,28.675,231.28,125.33
2020-02-08 14:58:50,4938,0.21433,0.26592,1.9039,0.38264,89.42,28.673,223.96,126
2020-02-08 14:58:51,4939,0.21512,0.26428,1.8985,0.054711,89.737,28.671,220.85,126
2020-02-08 14:58:52,4940,0.21517,0.26674,2.0087,0.054711,89.345,28.671,228.12,126
2020-02-08 14:58:53,4941,0.21582,0.26588,2.2525,-0.60114,89.317,28.67,250.86,126
2020-02-08 14:58:54,4942,0.21573,0.26636,2.2215,-0.27322,89.339,28.666,245.72,126
2020-02-08 14:58:55,4943,0.21651,0.26734,2.1008,0.054711,89.503,28.655,230.93,126
2020-02-08 14:58:56,4944,0.21476,0.26746,2.6666,-0.27322,89.358,28.666,222.84,126.67
2020-02-08 14:58:57,4945,0.21623,0.26719,0.90868,0.054711,89.309,28.66,215.12,126.33
2020-02-08 14:58:58,4946,0.21345,0.26523,2.69,-0.27322,89.4,28.658,227.33,126.67
2020-02-08 14:58:59,4947,0.21477,0.26628,2.3338,0.054711,89.508,28.665,230.84,126.33
2020-02-08 14:59:00,4948,0.21579,0.2656,2.556,0.054711,89.674,28.659,215.33,126
2020-02-08 14:59:01,4949,0.21488,0.26525,2.39,0.054711,89.526,28.666,236.93,125.33
2020-02-08 14:59:02,4950,0.21624,0.26658,2.5356,0.054711,89.144,28.666,234.8,125
2020-02-08 14:59:03,4951,0.21621,0.26382,2.3228,0.38264,89.442,28.661,230.85,125
2020-02-08 14:59:04,4952,0.21564,0.26592,2.9569,-0.27322,89.507,28.67,237.57,126.35
2020-02-08 14:59:05,4953,0.21546,0.26711,2.6056,-0.27322,88.945,28.67,251.17,126.33
2020-02-08 14:59:07,4954,0.21563,0.26532,2.7433,0.38264,89.537,28.669,231.78,125.33
2020-02-08 14:59:08,4955,0.21445,0.26744,2.6652,-0.27322,88.778,28.669,230.33,125.67
2020-02-08 14:59:09,4956,0.21633,0.26527,2.6952,0.054711,89.079,28.673,228.91,125.33
2020-02-08 14:59:10,4957,0.21453,0.26617,3.0491,0.38264,89.353,28.666,247.54,125
2020-02-08 14:59:11,4958,0.21477,0.26476,2.63,0.38264,88.992,28.666,235.74,125
2020-02-08 14:59:12,4959,0.21326,0.26399,1.02,0.38264,88.873,28.66,207.23,125.67
2020-02-08 14:59:13,4960,0.21504,0.26581,2.6705,0.054711,89.503,28.674,230.43,126
2020-02-08 14:59:14,4961,0.21478,0.26502,2.5819,0.054711,88.925,28.677,229.46,125.33
2020-02-08 14:59:15,4962,0.21574,0.26562,2.0834,0.054711,88.885,28.672,219.61,125
2020-02-08 14:59:16,4963,0.21592,0.26446,2.6012,0.054711,88.913,28.665,251.47,125.67
2020-02-08 14:59:17,4964,0.21549,0.26621,2.5335,0.054711,88.635,28.666,222.86,125.33
2020-02-08 14:59:18,4965,0.21513,0.26565,2.7796,0.054711,88.835,28.67,220.36,125
2020-02-08 14:59:19,4966,0.21613,0.26581,2.4486,0.38264,88.966,28.669,232.98,125.67
2020-02-08 14:59:20,4967,0.21498,0.26789,2.7281,0.38264,88.878,28.669,244.5,125.33
2020-02-08 14:59:21,4968,0.2156,0.26592,2.867,0.054711,88.959,28.674,240.28,126.35
2020-02-08 14:59:22,4969,0.21462,0.26669,2.4248,0.054711,88.873,28.664,245.1,126.33
2020-02-08 14:59:23,4970,0.21367,0.26492,2.4139,0.38264,88.914,28.673,229.84,125.33
2020-02-08 14:59:24,4971,0.21484,0.26577,2.5882,-0.27322,88.724,28.669,214.75,124.33
2020-02-08 14:59:25,4972,0.214,0.2648,2.926,-0.27322,88.994,28.665,247.09,125.35
2020-02-08 14:59:26,4973,0.21566,0.26544,2.576,0.054711,88.889,28.669,228.08,125.33
2020-02-08 14:59:28,4974,0.21481,0.26355,2.7215,0.054711,88.931,28.669,232.07,125
2020-02-08 14:59:29,4975,0.21621,0.26645,2.1602,0.054711,88.954,28.668,221.97,125.67
2020-02-08 14:59:30,4976,0.21573,0.26451,3.1269,0.054711,88.982,28.67,252.26,125.33
2020-02-08 14:59:31,4977,0.21773,0.26693,2.0831,0.054711,88.819,28.675,213.33,125.67
2020-02-08 14:59:32,4978,0.21586,0.26599,2.7349,0.054711,88.914,28.669,229.51,125.33
2020-02-08 14:59:33,4979,0.21692,0.26663,2.8974,0.38264,88.802,28.67,203.41,125.67
2020-02-08 14:59:34,4980,0.21487,0.26545,2.2743,0.054711,88.867,28.673,235.79,125
2020-02-08 14:59:35,4981,0.2163,0.26553,1.872,0.054711,88.801,28.673,230.45,125.67
2020-02-08 14:59:36,4982,0.21369,0.26473,2.8289,0.054711,88.83,28.667,244.88,125.33
2020-02-08 14:59:37,4983,0.21612,0.26615,2.7744,0.054711,88.961,28.664,228.21,125
2020-02-08 14:59:38,4984,0.21433,0.26382,2.6395,0.38264,88.888,28.669,232.22,125.67
2020-02-08 14:59:39,4985,0.21668,0.26664,2.4463,0.71057,88.908,28.665,218.5,126
2020-02-08 14:59:40,4986,0.21506,0.26216,2.4638,0.054711,88.729,28.667,214.69,126
2020-02-08 14:59:41,4987,0.21678,0.26636,2.7723,0.38264,88.78,28.671,230.35,125.33
2020-02-08 14:59:42,4988,0.21548,0.26538,2.0461,-0.27322,88.926,28.677,237.01,125
2020-02-08 14:59:43,4989,0.21608,0.26523,1.9629,-0.27322,88.926,28.677,229.33,126.35
2020-02-08 14:59:44,4990,0.21565,0.26772,1.9224,0.38264,89.342,28.681,227.24,125.66
2020-02-08 14:59:45,4991,0.21567,0.26475,2.6017,0.054711,88.595,28.674,229.83,125
2020-02-08 14:59:46,4992,0.21627,0.26764,2.2725,0.38264,89.074,28.679,225.46,125.67
2020-02-08 14:59:47,4993,0.21343,0.26433,2.5852,0.38264,89.142,28.676,228.88,125.33
2020-02-08 14:59:48,4994,0.21614,0.26677,2.7017,0.054711,89.114,28.676,225.26,125.67
2020-02-08 14:59:49,4995,0.21361,0.2645,1.7506,-0.27322,89.096,28.658,216.56,126
2020-02-08 14:59:51,4996,0.21627,0.26611,2.1426,0.38264,89.409,28.684,233.93,126
2020-02-08 14:59:52,4997,0.21563,0.26409,2.4472,0.38264,89.205,28.684,224.86,125.33
2020-02-08 14:59:53,4998,0.21634,0.26593,2.9745,-0.27322,89.253,28.664,248.5,125.67
2020-02-08 14:59:54,4999,0.21549,0.26454,2.5897,0.054711,89.288,28.668,237.43,125.33
2020-02-08 14:59:55,5000,0.21635,0.26565,2.9222,0.054711,88.745,28.674,223.34,126.35
2020-02-08 14:59:56,5001,0.21479,0.26597,1.1891,0.054711,89.169,28.674,212.06,125.66
2020-02-08 14:59:57,5002,0.21473,0.26596,2.6027,-0.27322,88.944,28.67,228.87,125.33
2020-02-08 14:59:58,5003,0.21448,0.26555,2.7011,0.71057,89.282,28.676,229.07,125.67
2020-02-08 14:59:59,5004,0.21414,0.26671,2.0231,0.71057,89.312,28.67,238.37,125.33
2020-02-08 15:00:00,5005,0.21195,0.2647,2.6426,0.054711,89.3,28.672,224.59,126.35
2020-02-08 15:00:01,5006,0.21529,0.26671,2.7617,0.054711,89.355,28.672,228.94,126.33
2020-02-08 15:00:02,5007,0.21251,0.26488,3.1293,0.054711,89.173,28.669,233.41,125.33
2020-02-08 15:00:03,5008,0.21505,0.26633,2.7962,0.054711,89.387,28.669,233.79,125
2020-02-08 15:00:04,5009,0.21326,0.26358,2.5618,0.38264,89.431,28.674,230.66,125.67
2020-02-08 15:00:05,5010,0.21492,0.26686,2.7856,0.054711,89.27,28.669,229.53,126
2020-02-08 15:00:06,5011,0.21332,0.26413,2.6977,-0.27322,89.385,28.677,239.59,125.33
2020-02-08 15:00:07,5012,0.21527,0.26581,2.0846,0.054711,89.397,28.673,228.86,125.67
2020-02-08 15:00:08,5013,0.21347,0.26664,2.5817,0.38264,89.52,28.674,231.71,125.33
2020-02-08 15:00:09,5014,0.2143,0.26466,2.4477,0.38264,89.43,28.674,227.19,125.67
2020-02-08 15:00:10,5015,0.21296,0.26689,2.6232,0.054711,89.347,28.669,242.32,126
2020-02-08 15:00:12,5016,0.21386,0.26432,2.6619,0.38264,89.305,28.677,226.03,125.33
2020-02-08 15:00:13,5017,0.21344,0.26585,2.6683,-0.27322,89.367,28.677,230.41,125.67
2020-02-08 15:00:14,5018,0.21276,0.26471,2.5105,0.38264,89.34,28.67,240.2,125.33
2020-02-08 15:00:15,5019,0.21475,0.2658,2.2593,0.71057,89.399,28.672,221.03,125.67
2020-02-08 15:00:16,5020,0.21151,0.26451,2.29,0.054711,89.288,28.679,229.92,126
2020-02-08 15:00:17,5021,0.21572,0.26573,3.0307,0.054711,89.345,28.679,236.06,126
2020-02-08 15:00:18,5022,0.21515,0.26579,2.4112,0.054711,89.422,28.679,216.38,125
2020-02-08 15:00:19,5023,0.21212,0.26377,2.941,0.38264,89.429,28.671,220.52,125.67
2020-02-08 15:00:20,5024,0.21478,0.26555,0.97045,0.38264,89.393,28.68,210.62,126
2020-02-08 15:00:21,5025,0.21402,0.26355,1.0346,0.054711,89.648,28.669,214.61,126.67
2020-02-08 15:00:22,5026,0.21497,0.26615,2.8201,0.054711,89.6,28.689,223.98,126.33
2020-02-08 15:00:23,5027,0.21434,0.2648,2.5235,0.054711,89.489,28.678,232.13,125.33
2020-02-08 15:00:24,5028,0.21466,0.26573,2.3715,0.054711,89.487,28.688,227.14,125.67
2020-02-08 15:00:25,5029,0.21381,0.266,2.355,0.054711,89.654,28.688,249.54,126
2020-02-08 15:00:26,5030,0.21444,0.26619,2.6662,0.38264,89.312,28.688,225.89,126
2020-02-08 15:00:27,5031,0.21505,0.26675,3.1032,-0.27322,89.531,28.696,240.83,125.33
2020-02-08 15:00:28,5032,0.21238,0.265,2.7793,0.054711,89.51,28.682,230.92,125
2020-02-08 15:00:29,5033,0.21596,0.26582,2.9905,0.054711,89.493,28.689,246.6,125.67
2020-02-08 15:00:30,5034,0.21055,0.26437,2.8506,0.054711,89.304,28.69,238.83,126.67
2020-02-08 15:00:31,5035,0.21562,0.26593,2.6102,-0.27322,89.544,28.687,224.84,126.33
2020-02-08 15:00:32,5036,0.21222,0.26397,2.9091,0.38264,88.935,28.691,226.91,126
2020-02-08 15:00:34,5037,0.21446,0.26626,2.8333,0.38264,89.672,28.691,230.18,125.33
2020-02-08 15:00:35,5038,0.21433,0.26337,2.6048,0.054711,89.483,28.693,233.04,126.35
2020-02-08 15:00:36,5039,0.21431,0.26665,2.1394,0.054711,89.606,28.7,223.18,126.33
2020-02-08 15:00:37,5040,0.2143,0.26519,3.0869,-0.27322,89.542,28.68,251.54,126
2020-02-08 15:00:38,5041,0.21483,0.26585,1.9769,0.38264,89.13,28.7,220.21,126
2020-02-08 15:00:39,5042,0.21416,0.26518,3.179,0.054711,88.896,28.689,248.31,126
2020-02-08 15:00:40,5043,0.21582,0.26632,2.6915,0.054711,89.422,28.694,228.35,126
2020-02-08 15:00:41,5044,0.21185,0.26555,1.0663,0.054711,89.388,28.694,203.42,126
2020-02-08 15:00:42,5045,0.21659,0.26638,2.8933,0.054711,88.965,28.7,213.39,125.33
2020-02-08 15:00:43,5046,0.21326,0.265,3.1967,0.054711,88.732,28.69,235.34,125.67
2020-02-08 15:00:44,5047,0.21649,0.26594,2.9086,-0.27322,88.958,28.696,243.43,126
2020-02-08 15:00:45,5048,0.21533,0.26371,2.7432,0.054711,89.011,28.695,232.44,126
2020-02-08 15:00:46,5049,0.21497,0.26541,2.7545,0.054711,89.627,28.699,229.81,126.67
2020-02-08 15:00:47,5050,0.21698,0.26325,2.7447,0.054711,89.292,28.695,229.21,126.33
2020-02-08 15:00:48,5051,0.21628,0.26572,2.6597,0.054711,88.849,28.692,217.86,126
2020-02-08 15:00:49,5052,0.21655,0.26486,2.5716,0.054711,88.94,28.689,233.14,126
2020-02-08 15:00:50,5053,0.21708,0.26533,0.9545,0.38264,88.907,28.69,219.02,126
2020-02-08 15:00:51,5054,0.21686,0.26466,2.5765,0.38264,88.801,28.69,209.28,126
2020-02-08 15:00:52,5055,0.21634,0.26714,2.4103,-0.27322,88.986,28.705,229.92,126
2020-02-08 15:00:54,5056,0.21781,0.26488,2.3351,0.38264,88.853,28.694,228.82,125.33
2020-02-08 15:00:55,5057,0.21641,0.26642,2.1586,0.054711,88.806,28.697,219.81,125.67
2020-02-08 15:00:56,5058,0.21891,0.26487,2.2317,0.38264,88.89,28.7,209.31,126
2020-02-08 15:00:57,5059,0.21645,0.266,2.8815,0.38264,88.85,28.697,242.96,126
2020-02-08 15:00:58,5060,0.21682,0.26547,2.3948,0.054711,88.87,28.698,227.09,125.33
2020-02-08 15:00:59,5061,0.21677,0.26636,2.6282,0.38264,89.032,28.69,228.71,126.33
2020-02-08 15:01:00,5062,0.21625,0.26489,2.0874,0.054711,88.931,28.692,245.68,125.33
2020-02-08 15:01:01,5063,0.2166,0.26629,2.1481,0.054711,89.061,28.694,242.54,125.67
2020-02-08 15:01:02,5064,0.21561,0.26605,1.9005,0.054711,88.947,28.694,229.54,126
2020-02-08 15:01:03,5065,0.21541,0.26702,2.5081,-0.27322,88.87,28.706,227.12,125.33
2020-02-08 15:01:04,5066,0.21631,0.26665,2.7173,0.38264,88.954,28.699,230.88,125.67
2020-02-08 15:01:05,5067,0.21361,0.26678,1.8599,0.054711,89.061,28.696,228.29,125.33
2020-02-08 15:01:06,5068,0.21542,0.26554,3.0352,0.38264,88.893,28.696,244.12,125
2020-02-08 15:01:07,5069,0.21414,0.26442,3.0961,0.38264,88.965,28.701,246.79,125.67
2020-02-08 15:01:08,5070,0.21608,0.26604,2.6478,0.38264,89.018,28.703,235.2,125.33
2020-02-08 15:01:09,5071,0.21727,0.26526,2.0593,0.38264,88.81,28.696,228.79,125.67
2020-02-08 15:01:10,5072,0.21666,0.26502,2.0488,0.38264,88.71,28.696,221.8,126
2020-02-08 15:01:11,5073,0.21778,0.26601,2.1893,-0.60114,88.986,28.708,220.3,126
2020-02-08 15:01:13,5074,0.21729,0.26517,2.6002,0.38264,88.806,28.694,251.35,125.33
2020-02-08 15:01:14,5075,0.21776,0.26691,2.4623,0.054711,88.954,28.699,234.67,125
2020-02-08 15:01:15,5076,0.21609,0.26643,2.1769,0.054711,88.971,28.701,219.69,125.67
2020-02-08 15:01:16,5077,0.21738,0.26661,2.6203,0.054711,88.88,28.697,227.43,125.33
2020-02-08 15:01:17,5078,0.21489,0.26632,2.4533,-0.27322,88.897,28.699,228.46,125.67
2020-02-08 15:01:18,5079,0.21612,0.26606,2.533,0.054711,88.861,28.702,219.79,126
2020-02-08 15:01:19,5080,0.21451,0.26317,2.5614,0.054711,89.037,28.702,232.62,126
2020-02-08 15:01:20,5081,0.21631,0.26564,2.2903,-0.60114,88.847,28.701,210.24,126
2020-02-08 15:01:21,5082,0.21722,0.26374,2.8062,-0.27322,88.914,28.702,233.41,126
2020-02-08 15:01:22,5083,0.21682,0.26562,2.1697,0.054711,89.013,28.707,225.55,125.33
2020-02-08 15:01:23,5084,0.21707,0.26615,2.0084,0.38264,89.025,28.709,229.26,126.35
2020-02-08 15:01:24,5085,0.21653,0.26547,2.2189,0.054711,88.752,28.708,234.36,126.33
2020-02-08 15:01:25,5086,0.21552,0.26679,1.9014,0.38264,88.882,28.706,229.33,126
2020-02-08 15:01:26,5087,0.21674,0.26591,1.9357,0.38264,89.011,28.706,229.92,126
2020-02-08 15:01:27,5088,0.21519,0.26649,1.8898,0.38264,88.964,28.703,229.33,126
2020-02-08 15:01:28,5089,0.216,0.2648,2.7063,-0.27322,88.779,28.717,229.57,125.33
2020-02-08 15:01:29,5090,0.21575,0.26515,1.9196,0.054711,88.981,28.721,223.21,125.67
2020-02-08 15:01:30,5091,0.21429,0.26424,1.8318,0.054711,89.016,28.723,226.13,126
2020-02-08 15:01:31,5092,0.21603,0.26484,2.1216,-0.27322,88.912,28.718,232.57,126
2020-02-08 15:01:33,5093,0.2158,0.26418,1.9437,-0.27322,88.829,28.73,225.64,126.67
2020-02-08 15:01:34,5094,0.2167,0.26635,1.1329,0.054711,88.939,28.727,206.84,125.66
2020-02-08 15:01:35,5095,0.21574,0.26295,2.6507,0.054711,89.063,28.727,231.1,125.67
2020-02-08 15:01:36,5096,0.21671,0.26588,2.4019,0.054711,88.822,28.722,227.7,126
2020-02-08 15:01:37,5097,0.2154,0.26625,2.0367,0.054711,88.974,28.724,221.93,126
2020-02-08 15:01:38,5098,0.21556,0.26693,2.0052,0.38264,88.855,28.716,228.36,125.33
2020-02-08 15:01:39,5099,0.21683,0.26619,2.9693,0.054711,88.777,28.717,240.66,125.67
2020-02-08 15:01:40,5100,0.21618,0.26654,2.9114,0.38264,88.86,28.721,240.04,126.67
2020-02-08 15:01:41,5101,0.21574,0.26556,2.1768,0.054711,89.069,28.721,228.38,125.66
2020-02-08 15:01:42,5102,0.21663,0.26609,2.3459,0.054711,88.708,28.719,243.96,126.35
2020-02-08 15:01:43,5103,0.21301,0.266,2.1852,0.054711,89.264,28.719,230.3,127
2020-02-08 15:01:44,5104,0.21587,0.26628,2.6229,0.71057,89.12,28.717,227.63,127
2020-02-08 15:01:45,5105,0.2133,0.26508,2.643,-0.27322,88.91,28.716,251.9,126.33
2020-02-08 15:01:46,5106,0.21559,0.26673,2.3915,0.054711,88.786,28.717,231.96,126
2020-02-08 15:01:47,5107,0.21449,0.26376,2.6461,0.054711,89.29,28.728,213.27,126
2020-02-08 15:01:48,5108,0.21566,0.26681,2.2093,0.054711,89.273,28.715,216.24,126
2020-02-08 15:01:49,5109,0.21457,0.26671,2.6012,0.38264,89.425,28.717,212.45,125.33
2020-02-08 15:01:50,5110,0.21592,0.26665,2.7262,0.38264,89.146,28.708,221.56,125.67
2020-02-08 15:01:51,5111,0.2139,0.26754,2.6337,0.38264,89.195,28.708,231.71,126
2020-02-08 15:01:53,5112,0.2151,0.26625,2.8481,0.054711,88.752,28.72,234.35,126
2020-02-08 15:01:54,5113,0.21471,0.26731,1.4982,0.054711,88.91,28.711,223.02,126
2020-02-08 15:01:55,5114,0.21284,0.26504,3.162,0.38264,88.931,28.722,242.98,126
2020-02-08 15:01:56,5115,0.21719,0.26598,2.6757,-0.27322,89.337,28.714,219.31,126
2020-02-08 15:01:57,5116,0.21789,0.26608,2.4249,-0.27322,89.281,28.704,221.55,126
2020-02-08 15:01:58,5117,0.2164,0.26316,2.8192,0.054711,89.596,28.705,246.83,126
2020-02-08 15:01:59,5118,0.21816,0.2666,2.8672,0.054711,89.338,28.718,225.45,126.67
2020-02-08 15:02:00,5119,0.21654,0.26389,2.6698,-0.27322,89.397,28.716,211.48,125.66
2020-02-08 15:02:01,5120,0.21787,0.26486,2.818,-0.27322,89.42,28.716,228.86,127.02
2020-02-08 15:02:02,5121,0.21642,0.26621,2.5982,0.054711,89.314,28.713,230.72,126.66
2020-02-08 15:02:03,5122,0.21728,0.26526,3.1359,0.054711,89.407,28.715,251.7,126
2020-02-08 15:02:04,5123,0.21724,0.26725,1.3295,-0.27322,89.402,28.721,212.2,125.33
2020-02-08 15:02:05,5124,0.21572,0.26455,2.9152,0.38264,89.264,28.714,223.93,125.67
2020-02-08 15:02:06,5125,0.21814,0.26703,2.7958,0.38264,89.109,28.721,228.46,126
2020-02-08 15:02:07,5126,0.21397,0.26358,2.7605,0.38264,89.457,28.719,231.03,126
2020-02-08 15:02:08,5127,0.21788,0.26605,1.8503,0.38264,89.355,28.718,213.13,126.67
2020-02-08 15:02:09,5128,0.21557,0.26392,1.8361,0.38264,89.493,28.72,222.22,125.66
2020-02-08 15:02:11,5129,0.21744,0.26605,1.7458,0.38264,89.379,28.72,214.19,125
2020-02-08 15:02:12,5130,0.21684,0.2628,2.7375,0.38264,89.363,28.714,229.77,125.67
2020-02-08 15:02:13,5131,0.21768,0.26643,2.7213,0.38264,89.495,28.719,229.41,125.33
2020-02-08 15:02:14,5132,0.21581,0.26496,3.0674,0.38264,89.528,28.718,247.32,125
2020-02-08 15:02:15,5133,0.21747,0.26538,1.8321,0.054711,89.419,28.726,230.52,125
2020-02-08 15:02:16,5134,0.21699,0.2654,1.311,0.38264,89.47,28.721,208.68,125.67
2020-02-08 15:02:17,5135,0.218,0.26742,1.8438,0.054711,89.438,28.726,229.85,126
2020-02-08 15:02:18,5136,0.21456,0.26438,1.8998,0.054711,89.305,28.729,230.76,125.33
2020-02-08 15:02:19,5137,0.21809,0.26588,2.6369,0.054711,89.733,28.729,228.47,125
2020-02-08 15:02:20,5138,0.2145,0.26405,1.7914,0.054711,89.615,28.724,229.38,125.67
2020-02-08 15:02:21,5139,0.21751,0.26604,2.3819,0.054711,89.385,28.721,228.8,126.67
2020-02-08 15:02:22,5140,0.21609,0.26322,1.9707,-0.27322,89.612,28.729,233.66,125.66
2020-02-08 15:02:23,5141,0.21802,0.2661,2.478,-0.27322,89.797,28.722,222.56,125.67
2020-02-08 15:02:24,5142,0.2168,0.26452,1.3733,-0.27322,89.303,28.721,209.05,126
2020-02-08 15:02:25,5143,0.21811,0.26599,2.5554,0.054711,89.52,28.737,219.53,125.33
2020-02-08 15:02:26,5144,0.21641,0.26613,2.0416,0.054711,89.542,28.733,241.25,125.67
2020-02-08 15:02:27,5145,0.21685,0.26566,2.0164,-0.27322,89.368,28.737,234.31,126
2020-02-08 15:02:28,5146,0.21771,0.26588,2.54,-0.27322,89.415,28.737,227.7,126
2020-02-08 15:02:29,5147,0.2145,0.26518,2.8051,0.054711,89.799,28.733,244.69,126
2020-02-08 15:02:31,5148,0.21752,0.2659,2.6976,-0.27322,89.428,28.729,230.66,126
2020-02-08 15:02:32,5149,0.21431,0.26428,2.9737,0.054711,89.314,28.73,232.18,126
2020-02-08 15:02:33,5150,0.21716,0.26543,2.7034,0.054711,89.32,28.728,231.31,125.33
2020-02-08 15:02:34,5151,0.2161,0.26293,2.6743,0.054711,88.911,28.731,233.17,125
2020-02-08 15:02:35,5152,0.21703,0.26425,2.6271,0.38264,88.845,28.735,231,125.66
2020-02-08 15:02:36,5153,0.21775,0.26575,2.6633,0.054711,88.975,28.729,230.56,125
2020-02-08 15:02:37,5154,0.21647,0.26483,3.133,0.054711,88.937,28.755,252.53,125.67
2020-02-08 15:02:38,5155,0.21735,0.26582,2.6366,0.054711,88.889,28.755,237.33,125.33
2020-02-08 15:02:39,5156,0.21757,0.26588,2.4858,0.054711,88.874,28.745,227.58,125.67
2020-02-08 15:02:40,5157,0.21455,0.26535,2.5545,0.71057,89.488,28.743,240.08,125.33
2020-02-08 15:02:41,5158,0.21748,0.26488,2.4876,0.054711,89.513,28.737,217.86,125.67
2020-02-08 15:02:42,5159,0.2137,0.26358,1.7746,0.38264,88.919,28.735,222.51,125.33
2020-02-08 15:02:43,5160,0.21742,0.266,2.5244,0.054711,88.897,28.744,234.72,125
2020-02-08 15:02:44,5161,0.21738,0.2631,2.145,0.054711,89.025,28.747,252.2,125
2020-02-08 15:02:45,5162,0.21768,0.26599,2.1398,0.054711,88.932,28.744,243.56,125.67
2020-02-08 15:02:46,5163,0.21777,0.26408,3.022,0.054711,88.861,28.744,244.38,125.33
2020-02-08 15:02:47,5164,0.2171,0.26542,1.298,0.054711,88.843,28.739,207.33,125.67
2020-02-08 15:02:49,5165,0.21643,0.26558,2.6693,0.054711,88.985,28.735,237.98,125.33
2020-02-08 15:02:50,5166,0.2161,0.26668,3.2148,0.054711,89.079,28.743,251.96,125.67
2020-02-08 15:02:51,5167,0.21748,0.26584,2.9849,0.054711,89.062,28.741,239.99,125.33
2020-02-08 15:02:52,5168,0.21389,0.2656,3.0125,0.71057,89.065,28.754,247.73,126.35
2020-02-08 15:02:53,5169,0.21786,0.2658,1.9857,0.71057,89.055,28.742,229.28,125.66
2020-02-08 15:02:54,5170,0.21576,0.26569,2.0364,0.71057,88.908,28.742,232.74,125
2020-02-08 15:02:55,5171,0.2156,0.26326,1.8656,0.054711,89.042,28.746,224.94,125.67
2020-02-08 15:02:56,5172,0.21531,0.26669,2.0874,0.054711,88.842,28.753,229.6,125.33
2020-02-08 15:02:57,5173,0.21653,0.26274,2.7805,0.054711,88.876,28.754,231.73,125.67
2020-02-08 15:02:58,5174,0.21669,0.2653,2.4713,0.054711,88.811,28.745,231.4,126
2020-02-08 15:02:59,5175,0.21663,0.26589,2.9519,0.38264,88.967,28.753,225.78,125.33
2020-02-08 15:03:00,5176,0.21591,0.26567,3.0712,0.38264,88.812,28.75,251.55,125
2020-02-08 15:03:01,5177,0.21734,0.26593,2.3576,0.054711,88.911,28.751,222.42,125.67
2020-02-08 15:03:02,5178,0.21472,0.26562,3.0268,0.38264,88.944,28.745,249.11,126
2020-02-08 15:03:03,5179,0.21777,0.2655,2.9784,0.054711,88.837,28.752,232.3,124.66
2020-02-08 15:03:04,5180,0.21413,0.26492,2.8862,0.054711,89.004,28.749,220.54,125.35
2020-02-08 15:03:05,5181,0.21603,0.26469,2.6602,0.38264,88.737,28.747,228.88,126
2020-02-08 15:03:06,5182,0.21526,0.263,2.6573,0.38264,88.817,28.747,227.89,126
2020-02-08 15:03:07,5183,0.21602,0.26637,2.6669,0.054711,88.719,28.752,228.54,125.33
2020-02-08 15:03:09,5184,0.2167,0.26287,2.7132,0.054711,88.761,28.748,226.7,125
2020-02-08 15:03:10,5185,0.21687,0.26482,2.719,-0.60114,89.128,28.744,223.23,125.67
2020-02-08 15:03:11,5186,0.21684,0.26594,2.8612,0.38264,89.258,28.736,230.92,126
2020-02-08 15:03:12,5187,0.21686,0.26591,2.6633,0.38264,88.813,28.742,218.21,126
2020-02-08 15:03:13,5188,0.21751,0.26641,2.5961,-0.27322,89.292,28.748,228.66,126.67
2020-02-08 15:03:14,5189,0.21707,0.26447,1.5511,0.054711,89.288,28.75,212.6,125.67
2020-02-08 15:03:15,5190,0.21495,0.26472,2.5261,0.054711,89.428,28.75,227.39,126.67
2020-02-08 15:03:16,5191,0.21603,0.26442,2.1435,0.054711,89.418,28.75,241.59,126.33
2020-02-08 15:03:17,5192,0.21616,0.26378,1.8345,0.38264,89.32,28.754,228.59,126
2020-02-08 15:03:18,5193,0.21549,0.26583,1.8099,0.054711,89.347,28.757,231.78,126
2020-02-08 15:03:19,5194,0.2122,0.26483,2.6558,0.054711,89.547,28.761,232.03,126.67
2020-02-08 15:03:20,5195,0.2136,0.26424,2.1967,-0.60114,89.427,28.773,220.18,127
2020-02-08 15:03:21,5196,0.21341,0.2643,1.3794,0.054711,89.22,28.772,214.36,126.33
2020-02-08 15:03:22,5197,0.21361,0.26549,2.4831,0.054711,89.276,28.772,222.73,126
2020-02-08 15:03:23,5198,0.21386,0.26473,1.8609,0.054711,89.3,28.766,226.82,126.67
2020-02-08 15:03:24,5199,0.21174,0.26494,1.8727,-0.27322,89.425,28.777,230.12,126.33
2020-02-08 15:03:25,5200,0.21392,0.26401,2.6613,0.38264,89.36,28.781,227.97,126
2020-02-08 15:03:26,5201,0.2119,0.26401,3.0416,-0.27322,89.363,28.786,238.94,126
2020-02-08 15:03:27,5202,0.21298,0.26344,1.8854,0.38264,89.258,28.779,231.59,126
2020-02-08 15:03:29,5203,0.21312,0.26464,2.7098,0.054711,89.313,28.798,229.12,126
2020-02-08 15:03:30,5204,0.21166,0.26212,2.6551,0.054711,89.235,28.798,216.58,125.33
2020-02-08 15:03:31,5205,0.21393,0.26427,1.7957,-0.27322,89.574,28.815,223.03,126.35
2020-02-08 15:03:32,5206,0.21399,0.26326,1.8098,0.38264,89.591,28.819,231.62,126.33
2020-02-08 15:03:33,5207,0.2139,0.26484,2.5581,0.054711,89.602,28.823,224.69,126.67
2020-02-08 15:03:34,5208,0.21369,0.26469,2.6719,0.38264,89.568,28.818,221.38,125.67
2020-02-08 15:03:35,5209,0.213,0.26619,2.1361,-0.27322,89.414,28.819,252.19,125.33
2020-02-08 15:03:36,5210,0.21424,0.26436,2.6674,-0.27322,89.501,28.818,228.1,126.35
2020-02-08 15:03:37,5211,0.21292,0.26455,2.1175,0.054711,89.415,28.829,245.93,127
2020-02-08 15:03:38,5212,0.2113,0.26278,1.8601,0.054711,89.456,28.829,230.02,126.33
2020-02-08 15:03:39,5213,0.2131,0.26341,1.7449,-0.27322,89.595,28.817,209.16,126
2020-02-08 15:03:40,5214,0.21274,0.26342,2.6976,0.054711,89.621,28.836,229.13,125.33
2020-02-08 15:03:41,5215,0.2139,0.26464,1.8642,0.054711,89.24,28.82,230.16,125.67
2020-02-08 15:03:42,5216,0.21369,0.26214,1.936,0.054711,88.937,28.821,226.4,126.67
2020-02-08 15:03:43,5217,0.21426,0.26476,2.0485,0.38264,89.335,28.826,229.64,125.66
2020-02-08 15:03:44,5218,0.21328,0.26458,2.1881,0.054711,88.945,28.822,217.84,126.35
2020-02-08 15:03:45,5219,0.21451,0.26528,2.0084,0.054711,89.605,28.819,227.66,127
2020-02-08 15:03:46,5220,0.21269,0.26569,1.9889,-0.27322,88.966,28.812,229.04,126.33
2020-02-08 15:03:47,5221,0.21341,0.26381,1.956,-0.27322,88.821,28.812,208.42,126.67
2020-02-08 15:03:49,5222,0.21322,0.2649,2.1447,0.054711,88.723,28.821,228.36,126.33
2020-02-08 15:03:50,5223,0.2116,0.26362,2.3597,0.054711,88.818,28.817,220.45,126
2020-02-08 15:03:51,5224,0.21382,0.26437,2.4121,0.38264,89.383,28.808,251.86,126
2020-02-08 15:03:52,5225,0.21281,0.26254,2.179,0.38264,89.022,28.813,231.96,126
2020-02-08 15:03:53,5226,0.21496,0.26472,2.5872,-0.27322,89.056,28.809,228.34,126.67
2020-02-08 15:03:54,5227,0.21338,0.2627,2.8538,0.054711,88.735,28.808,236.67,127.67
2020-02-08 15:03:55,5228,0.21293,0.26508,1.6902,0.054711,88.914,28.801,218.28,127
2020-02-08 15:03:56,5229,0.21431,0.26523,1.8494,-0.27322,88.699,28.804,226.44,127.67
2020-02-08 15:03:57,5230,0.21201,0.26516,2.6092,-0.27322,88.82,28.804,228.62,127.33
2020-02-08 15:03:58,5231,0.21144,0.26357,1.9308,0.054711,88.82,28.802,224.01,127
2020-02-08 15:03:59,5232,0.21426,0.26457,2.6017,-0.27322,88.754,28.8,227.68,126.33
2020-02-08 15:04:00,5233,0.21063,0.26388,2.9081,0.054711,88.886,28.804,241.63,126.67
2020-02-08 15:04:01,5234,0.21346,0.26503,2.6089,0.054711,88.827,28.804,237.85,126.33
2020-02-08 15:04:02,5235,0.21079,0.26383,1.4161,0.38264,88.891,28.8,205.66,126
2020-02-08 15:04:03,5236,0.21288,0.26409,2.3799,0.054711,89.052,28.806,219.08,126.67
2020-02-08 15:04:04,5237,0.21085,0.26309,1.9344,0.054711,88.943,28.806,239.92,126.33
2020-02-08 15:04:05,5238,0.21307,0.266,2.7126,0.054711,88.951,28.791,233.44,126
2020-02-08 15:04:06,5239,0.21241,0.26221,1.9026,0.38264,88.874,28.794,216.07,126
2020-02-08 15:04:07,5240,0.21317,0.26532,2.6982,-0.27322,88.99,28.801,228.67,126
2020-02-08 15:04:08,5241,0.21202,0.26443,2.6592,0.38264,88.555,28.792,228.49,126
2020-02-08 15:04:10,5242,0.21327,0.26447,2.8624,0.38264,88.931,28.797,225.81,126
2020-02-08 15:04:11,5243,0.21201,0.266,2.9889,0.054711,88.833,28.8,241.61,126
2020-02-08 15:04:12,5244,0.21266,0.26435,2.6791,-0.27322,88.942,28.794,228.68,126
2020-02-08 15:04:13,5245,0.21281,0.26682,2.7681,-0.27322,88.901,28.794,238.02,126
2020-02-08 15:04:14,5246,0.21225,0.26654,3.1265,0.38264,88.846,28.792,252.6,126
2020-02-08 15:04:15,5247,0.20982,0.26313,2.0397,0.054711,88.774,28.801,225.43,126
2020-02-08 15:04:16,5248,0.21402,0.26575,2.7033,0.054711,89.062,28.797,232.99,126.67
2020-02-08 15:04:17,5249,0.21062,0.26372,1.834,0.054711,89.185,28.785,222.64,126.33
2020-02-08 15:04:18,5250,0.2139,0.26587,2.6463,0.054711,88.71,28.792,227.74,126.67
2020-02-08 15:04:19,5251,0.21267,0.26266,2.4888,0.054711,89.189,28.787,219.98,127
2020-02-08 15:04:20,5252,0.21372,0.26562,2.38,0.054711,89.338,28.792,232.21,126.33
2020-02-08 15:04:21,5253,0.21277,0.26386,2.7432,-0.27322,89.246,28.792,234.55,126
2020-02-08 15:04:22,5254,0.21395,0.26467,1.7661,0.38264,89.227,28.797,215.9,126
2020-02-08 15:04:23,5255,0.21273,0.26634,2.7232,0.38264,88.741,28.784,233.77,126
2020-02-08 15:04:24,5256,0.21341,0.26466,3.0852,0.054711,89.361,28.798,248.18,126.67
2020-02-08 15:04:25,5257,0.21314,0.26674,2.4913,0.054711,89.074,28.779,217.43,126.33
2020-02-08 15:04:26,5258,0.21158,0.26407,1.0332,0.054711,89.22,28.777,206.95,125.33
2020-02-08 15:04:27,5259,0.21371,0.26597,2.4712,0.054711,89.349,28.779,206.13,125.67
2020-02-08 15:04:28,5260,0.21037,0.26328,2.933,0.054711,89.168,28.779,231.27,126.67
2020-02-08 15:04:30,5261,0.21426,0.26623,2.1345,0.054711,89.406,28.782,226.52,125.66
2020-02-08 15:04:31,5262,0.21068,0.26356,2.6053,0.054711,89.356,28.781,225.59,125.67
2020-02-08 15:04:32,5263,0.21374,0.26622,2.8931,0.054711,89.408,28.777,238.41,125.33
2020-02-08 15:04:33,5264,0.21199,0.26284,2.3953,0.38264,89.367,28.773,249.19,125
2020-02-08 15:04:34,5265,0.21344,0.26636,2.0561,0.38264,89.24,28.782,227.76,125.67
2020-02-08 15:04:35,5266,0.21307,0.26395,2.2743,0.054711,89.25,28.774,237.45,126
2020-02-08 15:04:36,5267,0.21228,0.26551,2.1042,0.054711,89.433,28.774,252.48,125.33
2020-02-08 15:04:37,5268,0.21297,0.26414,2.5487,0.054711,89.225,28.768,226.69,125.67
2020-02-08 15:04:38,5269,0.21195,0.26532,1.6595,0.054711,89.446,28.779,204.11,126
2020-02-08 15:04:39,5270,0.21264,0.26519,1.5674,0.054711,89.321,28.78,215.55,126
2020-02-08 15:04:40,5271,0.21241,0.26603,1.6043,0.054711,89.372,28.772,227.7,126
2020-02-08 15:04:41,5272,0.21185,0.26449,1.8673,0.054711,89.329,28.779,230.97,126
2020-02-08 15:04:42,5273,0.21322,0.26526,1.7968,0.054711,89.363,28.781,237.41,126
2020-02-08 15:04:43,5274,0.2104,0.26501,2.6656,0.054711,89.276,28.782,231.85,125.33
2020-02-08 15:04:44,5275,0.21368,0.26423,2.0232,0.054711,89.501,28.782,232.22,125
2020-02-08 15:04:45,5276,0.20997,0.26428,1.9196,-0.27322,89.173,28.773,221.34,125.67
2020-02-08 15:04:46,5277,0.21308,0.2652,2.041,0.054711,89.289,28.783,215.86,126
2020-02-08 15:04:47,5278,0.2111,0.26403,2.2092,0.38264,89.437,28.782,240.28,125.33
2020-02-08 15:04:48,5279,0.21259,0.26524,1.0866,0.38264,89.367,28.772,202.55,125.67
2020-02-08 15:04:49,5280,0.21261,0.26296,3.0809,0.054711,89.435,28.782,241.19,126
2020-02-08 15:04:50,5281,0.21313,0.26649,2.1606,0.38264,89.296,28.781,226.04,126.67
2020-02-08 15:04:51,5282,0.21206,0.26448,2.5873,-0.60114,89.303,28.786,225.5,126.33
2020-02-08 15:04:53,5283,0.21316,0.26671,2.2786,0.054711,89.448,28.777,230.44,126
2020-02-08 15:04:54,5284,0.21216,0.26436,2.3277,0.054711,89.415,28.777,231.4,125.33
2020-02-08 15:04:55,5285,0.21327,0.26667,0.89825,0.71057,89.282,28.768,204.91,125.67
2020-02-08 15:04:56,5286,0.21372,0.26522,2.4995,0.38264,89.541,28.782,228.3,126
2020-02-08 15:04:57,5287,0.21053,0.26544,2.563,0.38264,89.544,28.777,229.52,126.67
2020-02-08 15:04:58,5288,0.21483,0.26458,2.7367,0.38264,89.672,28.767,208,126
2020-02-08 15:04:59,5289,0.21325,0.2667,3.0866,-0.60114,89.466,28.765,251.59,126.67
2020-02-08 15:05:00,5290,0.21239,0.26238,2.6962,0.054711,89.398,28.767,229.25,125.66
2020-02-08 15:05:01,5291,0.21264,0.26679,2.2075,-0.27322,89.321,28.77,232.83,125.67
2020-02-08 15:05:02,5292,0.21286,0.26273,2.1088,0.054711,89.454,28.772,218.28,125.33
2020-02-08 15:05:03,5293,0.21311,0.26524,1.1297,0.054711,89.592,28.772,211.07,125.67
2020-02-08 15:05:04,5294,0.21228,0.26515,2.3565,0.054711,89.546,28.766,227.05,126
2020-02-08 15:05:05,5295,0.21236,0.26549,3.107,-0.27322,89.469,28.761,251.17,126
2020-02-08 15:05:06,5296,0.21266,0.26522,2.094,-0.27322,89.603,28.765,237.87,126
2020-02-08 15:05:07,5297,0.21099,0.2645,2.7084,0.38264,89.483,28.766,231.61,126.67
2020-02-08 15:05:08,5298,0.21271,0.26482,2.6227,-0.27322,89.58,28.759,246.66,126.33
2020-02-08 15:05:09,5299,0.21023,0.26528,2.5818,-0.27322,88.937,28.761,231.53,126
2020-02-08 15:05:10,5300,0.21375,0.26584,2.7883,0.38264,88.827,28.759,221.31,126
2020-02-08 15:05:11,5301,0.21048,0.26475,2.3579,0.38264,88.915,28.759,228.22,126
2020-02-08 15:05:12,5302,0.21306,0.2649,1.7604,0.054711,88.842,28.762,225.49,126
2020-02-08 15:05:13,5303,0.21155,0.26433,2.6564,0.38264,88.879,28.756,237.73,126
2020-02-08 15:05:14,5304,0.21167,0.26533,2.3393,-0.27322,88.811,28.757,229.54,126
2020-02-08 15:05:16,5305,0.21206,0.26353,1.0094,0.38264,88.623,28.757,217.14,126
2020-02-08 15:05:17,5306,0.21186,0.26562,2.8996,0.38264,88.94,28.75,249.09,126
2020-02-08 15:05:18,5307,0.21297,0.26348,2.0806,-0.27322,88.961,28.755,220.51,125.33
2020-02-08 15:05:19,5308,0.21273,0.26525,2.8002,0.054711,88.923,28.765,246.21,126.35
2020-02-08 15:05:20,5309,0.21244,0.26549,2.4268,0.054711,88.861,28.765,226.14,126.33
2020-02-08 15:05:21,5310,0.2123,0.26492,2.4314,0.38264,88.904,28.753,218.72,126
2020-02-08 15:05:22,5311,0.21243,0.26618,2.3715,0.054711,88.989,28.754,235.95,126.67
2020-02-08 15:05:23,5312,0.21283,0.26481,2.818,0.38264,88.846,28.758,222.57,126.33
2020-02-08 15:05:24,5313,0.21162,0.26663,0.96182,0.054711,88.885,28.753,204.03,126
2020-02-08 15:05:25,5314,0.21304,0.26536,2.72,0.054711,88.737,28.754,242.71,126.67
2020-02-08 15:05:26,5315,0.21078,0.26516,2.7367,-0.27322,88.871,28.759,242.71,127
2020-02-08 15:05:27,5316,0.21216,0.26428,3.0214,-0.27322,88.776,28.759,239.87,126.33
2020-02-08 15:05:28,5317,0.2115,0.2633,2.4728,0.38264,88.934,28.761,233.18,126
2020-02-08 15:05:29,5318,0.21087,0.26465,2.7331,0.38264,89.104,28.749,234.44,125.33
2020-02-08 15:05:30,5319,0.21229,0.26453,2.7976,0.38264,88.978,28.749,204.59,125.67
2020-02-08 15:05:31,5320,0.21116,0.26441,2.7073,0.054711,88.698,28.754,236.18,126
2020-02-08 15:05:32,5321,0.21279,0.26382,2.5612,0.054711,88.908,28.76,234.8,126
2020-02-08 15:05:33,5322,0.21194,0.26383,2.9085,0.71057,88.801,28.76,244.3,125.33
2020-02-08 15:05:34,5323,0.21275,0.26572,2.8261,0.38264,88.717,28.763,204.32,126.35
2020-02-08 15:05:35,5324,0.21296,0.26434,2.4605,0.38264,88.697,28.763,227.8,126.33
2020-02-08 15:05:36,5325,0.21294,0.26503,2.3629,-0.60114,88.627,28.76,214.07,126.67
2020-02-08 15:05:37,5326,0.21246,0.26613,2.7894,0.054711,88.913,28.757,236.96,127
2020-02-08 15:05:39,5327,0.21329,0.26517,2.5783,1.3664,88.547,28.758,236.45,126.33
2020-02-08 15:05:40,5328,0.21151,0.26592,2.3369,0.054711,88.693,28.755,228.5,126.67
2020-02-08 15:05:41,5329,0.21294,0.26436,2.9016,0.054711,88.76,28.753,243.83,127.67
2020-02-08 15:05:42,5330,0.21243,0.26623,3.0611,0.38264,88.759,28.747,248.53,126.66
2020-02-08 15:05:43,5331,0.21072,0.26353,2.6939,0.054711,88.975,28.759,228.84,126.67
2020-02-08 15:05:44,5332,0.2122,0.26554,2.2748,0.054711,88.931,28.759,224.51,127
2020-02-08 15:05:45,5333,0.2128,0.26563,2.6903,0.054711,88.593,28.762,229.37,126
2020-02-08 15:05:46,5334,0.21299,0.26473,2.7505,0.054711,88.933,28.761,211.1,126.67
2020-02-08 15:05:47,5335,0.21304,0.26481,2.4769,0.38264,89.17,28.755,227.69,126.33
2020-02-08 15:05:48,5336,0.21193,0.26719,2.8938,0.054711,89.508,28.761,229.43,126
2020-02-08 15:05:49,5337,0.21292,0.26594,0.93436,0.054711,89.289,28.764,205.16,126.67
2020-02-08 15:05:50,5338,0.21158,0.26684,2.7151,-0.27322,88.702,28.751,228.93,127
2020-02-08 15:05:51,5339,0.21196,0.2647,2.4237,0.38264,89.406,28.757,223.49,125.66
2020-02-08 15:05:52,5340,0.21148,0.26638,2.6039,-0.27322,89.24,28.75,229.17,126.35
2020-02-08 15:05:53,5341,0.2101,0.2638,2.6246,-0.27322,89.322,28.75,241.2,125.66
2020-02-08 15:05:54,5342,0.21158,0.26475,0.91002,0.054711,89.04,28.75,214.1,126.35
2020-02-08 15:05:55,5343,0.20994,0.26398,2.3186,-0.27322,89.073,28.756,231.42,125.66
2020-02-08 15:05:56,5344,0.21173,0.2652,2.4015,0.054711,89.29,28.751,227.94,125.67
2020-02-08 15:05:57,5345,0.21037,0.26409,2.4353,0.054711,89.311,28.763,233.42,126
2020-02-08 15:05:58,5346,0.21148,0.26536,2.5227,0.054711,89.218,28.774,232.31,125.33
2020-02-08 15:05:59,5347,0.21058,0.26439,2.3026,0.71057,89.262,28.763,233.56,126.35
2020-02-08 15:06:00,5348,0.21149,0.2657,2.2043,0.71057,89.456,28.763,234.47,125.66
2020-02-08 15:06:01,5349,0.21069,0.26329,1.1513,0.054711,89.326,28.765,217.86,126.35
2020-02-08 15:06:03,5350,0.21121,0.26614,2.044,0.054711,89.138,28.784,221.25,125.66
2020-02-08 15:06:04,5351,0.21005,0.26314,2.501,0.054711,89.311,28.779,222.16,125.67
2020-02-08 15:06:05,5352,0.21243,0.26715,1.91,-0.27322,89.355,28.771,252.24,126
2020-02-08 15:06:06,5353,0.21078,0.26504,2.4958,-0.27322,89.235,28.776,237.26,126
2020-02-08 15:06:07,5354,0.21225,0.26603,1.9253,0.71057,89.368,28.777,228.94,126
2020-02-08 15:06:08,5355,0.21067,0.26585,2.0072,0.054711,89.244,28.78,225.14,126
2020-02-08 15:06:09,5356,0.21087,0.26693,1.9027,0.054711,89.257,28.78,227.93,125.33
2020-02-08 15:06:10,5357,0.21186,0.26601,1.7897,0.054711,89.341,28.777,224.26,126.35
2020-02-08 15:06:11,5358,0.21176,0.26654,1.85,0.38264,89.323,28.785,230.48,126.33
2020-02-08 15:06:12,5359,0.20993,0.26492,2.5968,0.054711,89.345,28.784,221.9,126
2020-02-08 15:06:13,5360,0.21276,0.2658,3.0579,0.71057,89.36,28.776,240.3,126
2020-02-08 15:06:14,5361,0.20895,0.26519,2.7396,0.38264,89.322,28.774,234.7,127.35
2020-02-08 15:06:15,5362,0.21333,0.26648,3.0171,0.38264,89.46,28.774,248.52,126.66
2020-02-08 15:06:16,5363,0.2104,0.26435,2.0718,0.38264,89.288,28.772,230.03,126
2020-02-08 15:06:17,5364,0.21302,0.26669,2.7572,0.054711,89.215,28.777,230.09,126
2020-02-08 15:06:18,5365,0.2124,0.26377,2.5334,0.054711,89.37,28.79,231.88,126.67
2020-02-08 15:06:19,5366,0.21344,0.26644,1.8637,0.054711,89.611,28.788,233.88,126.33
2020-02-08 15:06:20,5367,0.21211,0.26561,1.9415,0.38264,89.332,28.787,227.38,126.67
2020-02-08 15:06:21,5368,0.21274,0.26564,1.9396,0.054711,89.31,28.79,231.87,126.33
2020-02-08 15:06:22,5369,0.21147,0.26661,2.1027,0.054711,89.443,28.79,222.17,126.67
2020-02-08 15:06:23,5370,0.21176,0.26526,1.9959,0.38264,89.386,28.793,228.92,126.33
2020-02-08 15:06:24,5371,0.21162,0.26649,2.2004,-0.27322,89.54,28.787,221.16,126
2020-02-08 15:06:26,5372,0.21118,0.26467,2.2177,0.054711,89.356,28.782,230.15,126
2020-02-08 15:06:27,5373,0.21207,0.26724,2.1689,0.38264,88.837,28.784,232.56,126.67
2020-02-08 15:06:28,5374,0.2102,0.26415,2.5783,0.38264,89.353,28.785,227.82,126.33
2020-02-08 15:06:29,5375,0.21237,0.26715,2.2077,0.38264,89.416,28.782,225.6,126
2020-02-08 15:06:30,5376,0.20939,0.26432,2.5218,0.054711,89.507,28.79,209.03,126
2020-02-08 15:06:31,5377,0.20857,0.26407,1.5626,-0.27322,88.712,28.791,209.36,126.33
2020-02-08 15:06:32,5378,0.21201,0.26678,2.612,0.054711,88.673,28.794,230.13,126
2020-02-08 15:06:33,5379,0.20998,0.26382,2.538,0.054711,88.825,28.794,232.47,126
2020-02-08 15:06:34,5380,0.21157,0.26627,2.6145,0.054711,88.875,28.794,223.19,126.67
2020-02-08 15:06:35,5381,0.21102,0.26486,2.0547,0.054711,88.993,28.794,232.73,125.66
2020-02-08 15:06:36,5382,0.21233,0.26722,2.9434,0.38264,88.954,28.79,229.23,126.35
2020-02-08 15:06:37,5383,0.21165,0.26377,2.699,0.054711,88.764,28.79,222.59,127
2020-02-08 15:06:38,5384,0.21294,0.26683,2.9019,0.054711,88.802,28.794,243.5,127
2020-02-08 15:06:39,5385,0.21117,0.26582,2.654,0.054711,88.703,28.784,230.59,126.33
2020-02-08 15:06:40,5386,0.21233,0.26658,2.2374,0.054711,88.885,28.784,229.2,126.67
2020-02-08 15:06:41,5387,0.21077,0.26655,2.5819,-0.60114,89.004,28.794,228.62,127
2020-02-08 15:06:42,5388,0.21185,0.26586,0.92568,0.054711,89.007,28.794,211.19,126.33
2020-02-08 15:06:43,5389,0.21184,0.26698,2.4146,0.38264,88.842,28.79,228.99,126.67
2020-02-08 15:06:44,5390,0.21015,0.26445,2.2547,0.054711,88.87,28.785,223.07,126.33
2020-02-08 15:06:45,5391,0.21342,0.26675,2.4334,0.054711,88.934,28.779,228,126
2020-02-08 15:06:46,5392,0.20899,0.26436,2.8629,0.38264,88.827,28.79,217.59,126
2020-02-08 15:06:48,5393,0.21289,0.26648,2.1298,0.054711,88.747,28.794,226.43,126.67
2020-02-08 15:06:49,5394,0.21024,0.26476,2.6889,0.054711,88.851,28.794,229.27,126.33
2020-02-08 15:06:50,5395,0.21206,0.26657,2.8711,0.38264,88.907,28.783,241.55,127.35
2020-02-08 15:06:51,5396,0.21159,0.26343,1.7204,0.054711,88.864,28.795,231.27,126.66
2020-02-08 15:06:52,5397,0.21186,0.2666,2.8968,0.054711,88.854,28.795,237.6,126
2020-02-08 15:06:53,5398,0.21179,0.26483,1.9525,0.054711,88.684,28.789,229.27,126.67
2020-02-08 15:06:54,5399,0.21124,0.26618,2.0484,0.38264,89.095,28.796,236.09,126
2020-02-08 15:06:55,5400,0.21159,0.26461,2.2433,0.38264,88.752,28.791,252.81,126.67
2020-02-08 15:06:56,5401,0.2112,0.26678,2.5548,0.38264,88.61,28.791,233.02,126.33
2020-02-08 15:06:57,5402,0.21084,0.26456,2.5523,0.054711,88.626,28.797,235.43,126
2020-02-08 15:06:58,5403,0.21198,0.26591,1.7952,0.054711,88.784,28.797,219.23,126
2020-02-08 15:06:59,5404,0.21112,0.26593,2.6954,0.38264,88.683,28.81,203.96,126
2020-02-08 15:07:00,5405,0.21338,0.26645,2.9753,0.054711,88.78,28.812,244.86,126.67
2020-02-08 15:07:01,5406,0.20899,0.2653,1.6833,0.054711,88.659,28.806,217.41,126.33
2020-02-08 15:07:02,5407,0.2128,0.26576,1.7635,0.71057,88.75,28.813,231.33,126
2020-02-08 15:07:03,5408,0.20965,0.26397,1.7306,0.054711,88.668,28.818,217.94,126
2020-02-08 15:07:04,5409,0.21197,0.26664,2.468,0.054711,88.819,28.818,235.79,126
2020-02-08 15:07:05,5410,0.21151,0.26468,2.7166,0.054711,88.585,28.811,224.78,126
2020-02-08 15:07:06,5411,0.2111,0.26649,2.7035,0.054711,88.954,28.817,228.47,126.67
2020-02-08 15:07:07,5412,0.21224,0.26426,2.1322,0.054711,88.877,28.826,249.62,126.33
2020-02-08 15:07:08,5413,0.21168,0.26758,1.9837,0.38264,88.702,28.822,221.94,126.67
2020-02-08 15:07:09,5414,0.2122,0.26537,2.7257,0.38264,88.714,28.822,238.35,126.33
2020-02-08 15:07:11,5415,0.21328,0.26641,2.1868,0.054711,88.763,28.835,234.58,126
2020-02-08 15:07:12,5416,0.21216,0.26582,2.5406,-0.27322,88.715,28.824,213.91,126
2020-02-08 15:07:13,5417,0.21279,0.26754,2.3339,0.054711,88.645,28.825,223.9,126.67
2020-02-08 15:07:14,5418,0.21316,0.26626,2.8396,0.054711,89.236,28.828,243.15,127
2020-02-08 15:07:15,5419,0.21167,0.2679,2.0157,-0.27322,88.685,28.821,217.44,125.66
2020-02-08 15:07:16,5420,0.21354,0.26606,3.0079,0.054711,88.867,28.822,244.08,126.35
2020-02-08 15:07:17,5421,0.21299,0.26604,2.317,0.054711,89.259,28.822,204.61,127.33
2020-02-08 15:07:18,5422,0.21094,0.26637,2.6764,0.38264,89.267,28.826,229.94,126.33
2020-02-08 15:07:19,5423,0.21202,0.26586,2.2371,-0.60114,89.376,28.819,236.9,126.67
2020-02-08 15:07:20,5424,0.21177,0.26565,2.496,0.054711,89.171,28.819,232.93,126.33
2020-02-08 15:07:21,5425,0.21195,0.26609,2.5884,0.054711,89.208,28.82,229.99,126
2020-02-08 15:07:22,5426,0.21202,0.2644,2.647,0.38264,89.393,28.824,226,126
2020-02-08 15:07:23,5427,0.21228,0.2671,2.7074,0.38264,89.569,28.828,233.72,126
2020-02-08 15:07:24,5428,0.21248,0.26354,1.9173,0.38264,89.379,28.828,219.77,126
2020-02-08 15:07:25,5429,0.21301,0.26764,2.256,0.38264,89.251,28.822,236.43,126
2020-02-08 15:07:26,5430,0.2125,0.26527,2.3323,-0.27322,89.235,28.812,239.97,126
2020-02-08 15:07:27,5431,0.21291,0.26715,2.3826,0.71057,89.379,28.817,241.86,126
2020-02-08 15:07:28,5432,0.21284,0.26605,2.4147,0.054711,89.365,28.828,242.39,126
2020-02-08 15:07:29,5433,0.21306,0.26741,2.6397,0.054711,89.32,28.814,228.29,125.33
2020-02-08 15:07:30,5434,0.21302,0.26624,2.3279,0.38264,89.388,28.815,234.01,125.67
2020-02-08 15:07:31,5435,0.2122,0.268,1.1254,0.71057,89.216,28.818,216.97,126
2020-02-08 15:07:32,5436,0.21306,0.26544,1.1213,0.054711,89.385,28.827,213.65,126
2020-02-08 15:07:34,5437,0.21112,0.26673,2.3816,0.054711,89.437,28.827,236.02,125.33
2020-02-08 15:07:35,5438,0.21221,0.26479,2.4131,0.054711,89.3,28.816,237.49,125.67
2020-02-08 15:07:36,5439,0.21138,0.26588,2.6486,0.054711,89.281,28.825,225.62,126
2020-02-08 15:07:37,5440,0.2116,0.26569,2.7747,-0.27322,89.444,28.824,235.73,126
2020-02-08 15:07:38,5441,0.21195,0.26556,2.1318,0.054711,89.342,28.825,225.34,126
2020-02-08 15:07:39,5442,0.21191,0.26568,1.9883,0.054711,89.56,28.834,223.52,126
2020-02-08 15:07:40,5443,0.2121,0.2657,1.1355,0.38264,89.377,28.84,217.19,125.67
2020-02-08 15:07:41,5444,0.21235,0.26535,2.7258,0.38264,89.482,28.84,232.05,126
2020-02-08 15:07:42,5445,0.2126,0.26437,2.6828,0.054711,89.33,28.839,229.12,126
2020-02-08 15:07:43,5446,0.21247,0.2665,2.2823,0.054711,89.29,28.837,227.54,126
2020-02-08 15:07:44,5447,0.21333,0.26592,2.3075,0.054711,89.322,28.846,224.39,126
2020-02-08 15:07:45,5448,0.21277,0.2655,1.9754,0.38264,89.259,28.841,228.64,126
2020-02-08 15:07:46,5449,0.21279,0.26816,2.8396,0.71057,89.234,28.847,204.31,126
2020-02-08 15:07:47,5450,0.21322,0.26525,2.1673,0.054711,89.544,28.837,223.97,126
2020-02-08 15:07:48,5451,0.21217,0.26778,1.5025,0.054711,89.581,28.846,217.59,126
2020-02-08 15:07:49,5452,0.21368,0.26621,2.4548,0.054711,89.553,28.832,242.37,126.67
2020-02-08 15:07:50,5453,0.21235,0.26667,2.2344,0.054711,89.266,28.832,230.78,125.66
2020-02-08 15:07:51,5454,0.21149,0.2648,2.4573,-0.60114,89.289,28.844,243.94,125.67
2020-02-08 15:07:52,5455,0.21299,0.26646,2.8121,0.054711,89.473,28.843,236.5,126
2020-02-08 15:07:53,5456,0.21112,0.26457,2.5907,0.054711,89.451,28.842,229.85,125.33
2020-02-08 15:07:54,5457,0.21295,0.26604,2.4867,0.054711,89.603,28.831,235.03,126.35
2020-02-08 15:07:55,5458,0.21221,0.264,2.4301,0.054711,89.349,28.846,225.98,127
2020-02-08 15:07:56,5459,0.21304,0.26715,2.3667,0.054711,89.241,28.832,232.99,126.33
2020-02-08 15:07:58,5460,0.21242,0.26463,3.0693,0.054711,89.591,28.832,242.16,126.67
2020-02-08 15:07:59,5461,0.21342,0.2656,2.2159,0.054711,89.076,28.831,215.64,126.33
2020-02-08 15:08:00,5462,0.21225,0.26663,2.5039,0.71057,89.563,28.83,224.09,126
2020-02-08 15:08:01,5463,0.21324,0.26553,2.7473,0.054711,89.125,28.833,228.62,126
2020-02-08 15:08:02,5464,0.21255,0.26733,2.6212,0.38264,89.603,28.827,234.68,126
2020-02-08 15:08:03,5465,0.21271,0.26555,2.4793,0.054711,89.421,28.829,243.76,126.33
2020-02-08 15:08:04,5466,0.21089,0.26427,2.5547,0.054711,88.845,28.831,230.69,126
2020-02-08 15:08:05,5467,0.21321,0.26647,2.7083,0.054711,88.795,28.83,227.5,126.67
2020-02-08 15:08:06,5468,0.21123,0.26476,2.2918,0.054711,88.891,28.831,219.45,126.33
2020-02-08 15:08:07,5469,0.2134,0.26632,2.4188,0.054711,88.92,28.831,214.64,126.67
2020-02-08 15:08:08,5470,0.21231,0.26368,2.4172,-0.27322,88.863,28.822,242.72,126.33
2020-02-08 15:08:09,5471,0.21308,0.26689,2.5483,0.38264,88.869,28.828,209.73,126.67
2020-02-08 15:08:10,5472,0.21194,0.26559,2.3683,0.71057,88.869,28.82,219.82,126.33
2020-02-08 15:08:11,5473,0.21328,0.26606,2.7191,0.054711,88.931,28.833,237.12,126
2020-02-08 15:08:12,5474,0.21187,0.26734,3.0272,0.054711,88.887,28.828,249.75,126
2020-02-08 15:08:13,5475,0.21238,0.2662,1.9235,0.054711,88.89,28.825,228.38,126
2020-02-08 15:08:14,5476,0.21257,0.26679,1.4272,-0.60114,89.002,28.83,215.94,126.67
2020-02-08 15:08:15,5477,0.21013,0.26441,1.8234,-0.60114,88.845,28.83,229.68,126.33
2020-02-08 15:08:16,5478,0.21332,0.26662,1.5327,0.054711,88.863,28.826,204.8,125.33
2020-02-08 15:08:17,5479,0.21068,0.26436,2.1363,-0.60114,88.871,28.829,242.47,126.35
2020-02-08 15:08:18,5480,0.21332,0.26676,1.6748,0.054711,88.964,28.829,229.64,126.33
2020-02-08 15:08:20,5481,0.2122,0.2637,1.6584,-0.27322,88.915,28.825,218.82,127.35
2020-02-08 15:08:21,5482,0.21216,0.26703,2.3162,0.38264,88.918,28.825,228.78,126
2020-02-08 15:08:22,5483,0.2124,0.26628,2.0012,0.054711,88.787,28.819,236.95,126
2020-02-08 15:08:23,5484,0.21142,0.2669,2.8828,0.054711,88.882,28.818,221.89,125.33
2020-02-08 15:08:24,5485,0.21201,0.26676,1.7835,-0.27322,88.965,28.817,220.91,125.67
2020-02-08 15:08:25,5486,0.21249,0.2667,1.7886,0.38264,88.953,28.831,225.17,125.33
2020-02-08 15:08:26,5487,0.20973,0.26462,1.8742,0.054711,88.816,28.825,231.4,125.67
2020-02-08 15:08:27,5488,0.21312,0.26713,2.7406,0.054711,88.852,28.825,228.73,126
2020-02-08 15:08:28,5489,0.20965,0.26406,1.375,0.054711,88.838,28.826,211.53,126.67
2020-02-08 15:08:29,5490,0.21261,0.26674,1.8899,0.38264,88.796,28.828,224.66,126.33
2020-02-08 15:08:30,5491,0.21104,0.26406,2.8195,0.054711,89.035,28.828,239.96,126
2020-02-08 15:08:31,5492,0.21319,0.26658,2.651,0.054711,88.872,28.829,229.66,125.33
2020-02-08 15:08:32,5493,0.21195,0.26483,2.8545,0.38264,88.894,28.836,221.81,125.67
2020-02-08 15:08:33,5494,0.21353,0.26645,1.8619,0.38264,88.923,28.829,235.27,126
2020-02-08 15:08:34,5495,0.21174,0.26687,3.1303,0.054711,88.895,28.833,251.9,126
2020-02-08 15:08:35,5496,0.21315,0.26722,2.6715,0.054711,88.944,28.833,227.49,125.33
2020-02-08 15:08:37,5497,0.21283,0.26787,2.7554,0.054711,88.754,28.836,204.52,126.35
2020-02-08 15:08:38,5498,0.2102,0.26517,2.6666,0.38264,88.759,28.83,208.8,126.33
2020-02-08 15:08:39,5499,0.21328,0.26649,2.7729,0.054711,89.15,28.834,236.37,126.67
2020-02-08 15:08:40,5500,0.20919,0.26477,2.5353,0.38264,89.162,28.837,228.42,126.33
2020-02-08 15:08:41,5501,0.2126,0.26697,2.5666,0.054711,89.264,28.838,220.52,126.67
2020-02-08 15:08:42,5502,0.21077,0.26377,2.8037,0.054711,88.948,28.83,229.54,126.33
2020-02-08 15:08:43,5503,0.21147,0.26423,1.856,0.38264,88.872,28.839,228.17,126.35
2020-02-08 15:08:44,5504,0.2129,0.26544,2.466,0.38264,88.801,28.839,231.67,126.33
2020-02-08 15:08:45,5505,0.21168,0.26732,2.6545,0.38264,89.291,28.84,217.9,126.67
2020-02-08 15:08:46,5506,0.2124,0.26563,1.7558,-0.27322,89.244,28.836,206.75,126.33
2020-02-08 15:08:47,5507,0.21231,0.26721,2.1211,0.054711,89.519,28.834,246.79,126
2020-02-08 15:08:48,5508,0.21129,0.26588,3.007,0.71057,89.237,28.844,236.44,126
2020-02-08 15:08:49,5509,0.21313,0.26733,2.4752,0.054711,89.424,28.851,230.7,126.67
2020-02-08 15:08:50,5510,0.20921,0.26427,2.7307,0.054711,89.281,28.839,235.62,127
2020-02-08 15:08:51,5511,0.21322,0.2673,2.6229,0.054711,89.204,28.846,229.72,126.33
2020-02-08 15:08:52,5512,0.21024,0.26402,2.511,0.054711,89.3,28.846,221.95,125.33
2020-02-08 15:08:53,5513,0.21229,0.2664,2.1498,0.38264,89.327,28.846,229.69,125.67
2020-02-08 15:08:54,5514,0.21236,0.26375,2.666,-0.27322,89.358,28.842,232.68,126
2020-02-08 15:08:55,5515,0.21305,0.26572,2.635,-0.27322,89.283,28.845,230.09,126.67
2020-02-08 15:08:56,5516,0.21205,0.26628,2.1152,0.054711,89.454,28.847,245.03,126.33
2020-02-08 15:08:57,5517,0.21238,0.26508,2.6801,0.054711,89.403,28.85,222.18,125.33
2020-02-08 15:08:58,5518,0.21122,0.26737,1.7642,0.38264,89.409,28.837,222.19,126.35
2020-02-08 15:09:00,5519,0.21169,0.26499,1.828,0.054711,89.37,28.836,242.24,126.33
2020-02-08 15:09:01,5520,0.21179,0.26656,2.9228,0.054711,89.614,28.839,239.67,126
2020-02-08 15:09:02,5521,0.21173,0.26517,2.8164,0.054711,89.382,28.849,239.62,126
2020-02-08 15:09:03,5522,0.21394,0.26686,1.9155,0.38264,89.403,28.846,237.9,126
2020-02-08 15:09:04,5523,0.20985,0.26446,2.1046,0.38264,89.452,28.846,242.71,125.33
2020-02-08 15:09:05,5524,0.21357,0.26616,1.1199,0.054711,89.275,28.842,206.21,125.67
2020-02-08 15:09:06,5525,0.21312,0.26652,1.8938,0.71057,89.533,28.842,210.77,126.35
2020-02-08 15:09:07,5526,0.21164,0.26398,2.2043,0.054711,89.284,28.839,222.75,126.33
2020-02-08 15:09:08,5527,0.21288,0.26697,2.6527,0.38264,89.411,28.832,228.19,126.67
2020-02-08 15:09:09,5528,0.21246,0.26342,2.8413,0.71057,89.555,28.841,228.75,127
2020-02-08 15:09:10,5529,0.21274,0.26757,2.5968,0.71057,89.38,28.841,248.85,126.33
2020-02-08 15:09:11,5530,0.21174,0.26474,2.4075,-0.60114,89.564,28.834,209.46,126.67
2020-02-08 15:09:12,5531,0.21266,0.26631,2.9407,0.38264,89.583,28.85,234.74,126.33
2020-02-08 15:09:13,5532,0.21163,0.26495,2.602,0.054711,89.515,28.843,202.92,126
2020-02-08 15:09:14,5533,0.21259,0.26625,2.5923,-0.27322,89.654,28.834,238.79,125.33
2020-02-08 15:09:15,5534,0.21206,0.26541,2.6075,0.054711,89.37,28.837,232.73,125
2020-02-08 15:09:16,5535,0.21205,0.26544,2.5734,0.38264,89.305,28.842,229.24,125.67
2020-02-08 15:09:17,5536,0.21347,0.26607,2.7656,0.054711,89.403,28.838,231.12,126.67
2020-02-08 15:09:18,5537,0.21068,0.26579,2.9358,-0.27322,89.683,28.843,231.38,126.33
2020-02-08 15:09:19,5538,0.21418,0.26637,2.6752,-0.27322,89.712,28.843,229.11,126
2020-02-08 15:09:20,5539,0.20956,0.26488,2.3918,0.054711,89.412,28.837,233.1,126
2020-02-08 15:09:21,5540,0.21382,0.26672,2.8518,0.054711,89.483,28.84,239.07,126
2020-02-08 15:09:22,5541,0.21116,0.26426,2.7207,-0.27322,89.55,28.837,228.28,126
2020-02-08 15:09:24,5542,0.21226,0.26701,1.745,-0.60114,89.405,28.834,227.12,126
2020-02-08 15:09:25,5543,0.21264,0.26363,2.7822,0.054711,89.587,28.835,235.79,126
2020-02-08 15:09:26,5544,0.21257,0.26684,1.9196,0.38264,89.48,28.834,217.05,126
2020-02-08 15:09:27,5545,0.2132,0.2641,2.5029,0.38264,89.812,28.834,230.08,126.67
2020-02-08 15:09:28,5546,0.21345,0.26601,2.4147,0.054711,89.525,28.839,231.6,126.33
2020-02-08 15:09:29,5547,0.21314,0.26569,2.4986,0.71057,89.005,28.834,211.15,125.33
2020-02-08 15:09:30,5548,0.2136,0.26589,2.2763,0.054711,88.972,28.842,228.91,126.67
2020-02-08 15:09:31,5549,0.21191,0.267,2.6569,0.71057,89.594,28.83,229.01,126.33
2020-02-08 15:09:32,5550,0.21348,0.26586,2.6388,0.054711,89.003,28.834,227.65,126
2020-02-08 15:09:33,5551,0.21108,0.26564,1.9949,0.38264,89.187,28.842,226.99,126.67
2020-02-08 15:09:34,5552,0.21283,0.26494,2.5894,0.38264,88.955,28.842,229.28,125.66
2020-02-08 15:09:35,5553,0.2113,0.26502,2.7224,0.38264,89.015,28.831,225.09,125.67
2020-02-08 15:09:36,5554,0.21172,0.26559,2.9802,0.38264,88.762,28.838,236.56,126
2020-02-08 15:09:37,5555,0.21174,0.264,2.6961,0.38264,88.907,28.836,226.48,126.67
2020-02-08 15:09:38,5556,0.212,0.26715,1.7234,0.38264,88.949,28.829,225.59,126.33
2020-02-08 15:09:39,5557,0.21246,0.26248,3.0278,0.054711,88.975,28.831,250.69,126
2020-02-08 15:09:40,5558,0.21254,0.26659,2.6605,-0.27322,88.812,28.836,229.58,126
2020-02-08 15:09:41,5559,0.21344,0.26462,1.8314,0.054711,88.965,28.83,223.1,126
2020-02-08 15:09:42,5560,0.21271,0.26491,2.7663,0.054711,88.977,28.83,227.37,126
2020-02-08 15:09:43,5561,0.21283,0.26593,1.434,0.054711,88.911,28.836,221.76,126
2020-02-08 15:09:44,5562,0.2121,0.26523,2.7522,0.054711,89.009,28.814,235.21,126
2020-02-08 15:09:45,5563,0.2134,0.26602,0.99081,0.054711,88.93,28.825,206.09,125.33
2020-02-08 15:09:47,5564,0.21186,0.26659,2.4585,0.71057,88.921,28.831,246.36,126.35
2020-02-08 15:09:48,5565,0.21376,0.26546,2.527,0.38264,89.171,28.83,232.96,126.33
2020-02-08 15:09:49,5566,0.21113,0.26639,2.6817,0.054711,89.083,28.827,206.18,126
2020-02-08 15:09:50,5567,0.21328,0.2647,2.5013,0.054711,89.232,28.831,228.64,125.33
2020-02-08 15:09:51,5568,0.21229,0.26507,2.3746,0.054711,89.013,28.831,223.86,125.67
2020-02-08 15:09:52,5569,0.21293,0.26538,2.4884,0.054711,88.835,28.84,232.91,126
2020-02-08 15:09:53,5570,0.21139,0.26428,2.5964,0.38264,88.787,28.837,221.62,126
2020-02-08 15:09:54,5571,0.21302,0.26496,2.3116,0.38264,88.787,28.834,222.73,125.33
2020-02-08 15:09:55,5572,0.21276,0.26364,2.8656,0.054711,88.83,28.832,207.02,125.67
2020-02-08 15:09:56,5573,0.21292,0.26611,2.907,0.054711,88.762,28.839,245.19,126.67
2020-02-08 15:09:57,5574,0.21363,0.26574,2.7645,-0.27322,88.935,28.832,231.85,127
2020-02-08 15:09:58,5575,0.21332,0.26615,2.2382,0.054711,88.883,28.828,221.81,127
2020-02-08 15:09:59,5576,0.21253,0.26717,2.8324,0.054711,89.035,28.828,209.49,126.33
2020-02-08 15:10:00,5577,0.21369,0.26549,2.6427,0.054711,89.149,28.831,203.71,126
2020-02-08 15:10:01,5578,0.21133,0.26687,2.7272,0.38264,89.051,28.837,215.26,126
2020-02-08 15:10:02,5579,0.21265,0.26491,2.007,1.3664,88.878,28.824,230.92,126
2020-02-08 15:10:03,5580,0.21236,0.26601,1.9958,-0.60114,88.872,28.828,242.46,126
2020-02-08 15:10:04,5581,0.21104,0.26435,2.6785,-0.27322,88.948,28.827,229.59,126
2020-02-08 15:10:05,5582,0.21252,0.26497,2.4146,0.054711,89.207,28.828,211.81,126
2020-02-08 15:10:06,5583,0.21293,0.26492,2.7482,0.054711,89.219,28.828,226.56,126
2020-02-08 15:10:07,5584,0.21395,0.26538,2.207,0.38264,89.275,28.826,206.92,127.35
2020-02-08 15:10:08,5585,0.21388,0.26369,1.9568,0.054711,89.124,28.823,217.55,126.66
2020-02-08 15:10:10,5586,0.2149,0.26643,2.425,0.054711,89.104,28.826,226.84,126
2020-02-08 15:10:11,5587,0.21219,0.26469,2.1988,0.38264,89.395,28.825,232.71,126
2020-02-08 15:10:12,5588,0.21414,0.26598,2.9486,0.054711,89.359,28.83,249.81,126
2020-02-08 15:10:13,5589,0.21202,0.26523,2.6494,0.054711,89.432,28.829,228.43,124.66
2020-02-08 15:10:14,5590,0.21431,0.26589,1.5588,-0.27322,89.255,28.828,215.49,124.67
2020-02-08 15:10:15,5591,0.21269,0.26388,2.7426,0.054711,89.321,28.825,231.45,125.67
2020-02-08 15:10:16,5592,0.21321,0.26574,1.4641,-0.27322,89.377,28.826,218.83,126
2020-02-08 15:10:17,5593,0.21098,0.26392,1.7672,-0.27322,89.363,28.826,227.67,126
2020-02-08 15:10:18,5594,0.21404,0.26558,1.5491,-0.27322,89.377,28.828,215.04,125.33
2020-02-08 15:10:19,5595,0.21189,0.26389,2.5354,-0.27322,89.408,28.839,229.83,125.67
2020-02-08 15:10:20,5596,0.21411,0.26467,1.9855,0.054711,89.386,28.837,235.45,126
2020-02-08 15:10:21,5597,0.21297,0.26263,2.5936,0.38264,89.365,28.831,228.72,126
2020-02-08 15:10:22,5598,0.21377,0.26557,1.9622,-0.27322,89.248,28.833,228.83,125.33
2020-02-08 15:10:23,5599,0.21328,0.26398,2.0628,0.054711,89.448,28.835,231.38,125.67
2020-02-08 15:10:24,5600,0.21352,0.26494,2.3733,0.38264,89.468,28.834,246.56,126
2020-02-08 15:10:25,5601,0.21326,0.2658,2.1828,0.38264,89.625,28.834,229.65,125.33
2020-02-08 15:10:26,5602,0.21359,0.26473,2.9963,0.054711,89.783,28.853,243.59,125.67
2020-02-08 15:10:27,5603,0.21286,0.26642,1.0169,0.38264,89.606,28.845,205.21,126
2020-02-08 15:10:28,5604,0.21268,0.26385,2.1145,0.38264,89.621,28.841,231.91,125.33
2020-02-08 15:10:29,5605,0.21325,0.26649,2.177,-0.27322,89.492,28.841,227.01,125.67
2020-02-08 15:10:30,5606,0.2113,0.26336,2.2173,0.054711,89.38,28.846,228.55,126.67
2020-02-08 15:10:32,5607,0.2139,0.26612,2.5761,0.38264,89.56,28.844,225.18,125.66
2020-02-08 15:10:33,5608,0.2114,0.26281,2.6585,0.38264,89.546,28.846,226.97,126.35
2020-02-08 15:10:34,5609,0.21344,0.26582,2.6451,0.38264,89.724,28.846,225.21,125.66
2020-02-08 15:10:35,5610,0.2125,0.26303,2.5995,0.054711,89.55,28.85,213.41,125
2020-02-08 15:10:36,5611,0.21365,0.2651,2.5329,0.054711,89.572,28.843,221.14,125.67
2020-02-08 15:10:37,5612,0.21352,0.26354,2.6542,0.054711,89.453,28.848,231.57,126
2020-02-08 15:10:38,5613,0.2134,0.26611,2.7957,-0.27322,89.721,28.851,226.25,126.33
2020-02-08 15:10:39,5614,0.21385,0.26493,3.0886,0.38264,89.001,28.848,251.7,126
2020-02-08 15:10:40,5615,0.21322,0.26621,1.3904,0.38264,89.162,28.855,212.74,125.33
2020-02-08 15:10:41,5616,0.21312,0.26412,2.8655,0.38264,89.475,28.855,216.93,125
2020-02-08 15:10:42,5617,0.21414,0.26655,2.5893,0.38264,88.938,28.856,232.84,125
2020-02-08 15:10:43,5618,0.2108,0.26307,2.8821,0.38264,88.964,28.847,222.25,125
2020-02-08 15:10:44,5619,0.214,0.26537,2.6647,0.054711,89.563,28.85,248.57,126.35
2020-02-08 15:10:45,5620,0.21229,0.26383,3.0346,0.054711,89.217,28.85,235.22,126.33
2020-02-08 15:10:46,5621,0.21116,0.26338,1.9175,0.054711,89.066,28.842,222.15,126
2020-02-08 15:10:47,5622,0.20909,0.26077,2.1848,0.054711,88.97,28.854,225.73,124.66
2020-02-08 15:10:48,5623,0.21277,0.26471,3.0206,-0.27322,89.076,28.852,248.26,124
2020-02-08 15:10:49,5624,0.2097,0.26251,2.6374,-0.27322,88.927,28.852,236.84,124.67
2020-02-08 15:10:50,5625,0.21325,0.26335,2.8072,0.054711,89.004,28.85,238.72,125
2020-02-08 15:10:51,5626,0.20991,0.26301,3.0649,0.38264,88.975,28.849,240.38,125.67
2020-02-08 15:10:52,5627,0.21361,0.26366,2.0502,-0.27322,88.956,28.848,229.15,124.66
2020-02-08 15:10:53,5628,0.21026,0.26396,2.6033,-0.27322,89.094,28.852,233,125.35
2020-02-08 15:10:55,5629,0.2138,0.26478,2.3126,-0.27322,89.076,28.861,220.68,125.33
2020-02-08 15:10:56,5630,0.21071,0.26319,2.2831,0.054711,89.202,28.845,231.02,125
2020-02-08 15:10:57,5631,0.21397,0.26483,2.7558,0.38264,88.742,28.842,234.47,125.67
2020-02-08 15:10:58,5632,0.21138,0.26265,2.2329,0.38264,88.882,28.842,229.15,126
2020-02-08 15:10:59,5633,0.213,0.26576,2.3944,-0.27322,89.059,28.86,208.33,126
2020-02-08 15:11:00,5634,0.21105,0.26348,2.6799,-0.27322,89.143,28.845,235.67,126.67
2020-02-08 15:11:01,5635,0.21149,0.26302,3.0347,0.054711,88.932,28.85,245.55,126.67
2020-02-08 15:11:02,5636,0.2133,0.26619,2.7904,0.38264,88.945,28.847,228.91,126.33
2020-02-08 15:11:03,5637,0.21212,0.26197,2.4881,0.38264,88.93,28.858,237.49,125.33
2020-02-08 15:11:04,5638,0.21323,0.26549,2.3501,0.054711,89.017,28.851,229.03,125.67
2020-02-08 15:11:05,5639,0.21194,0.26364,2.3598,0.71057,88.995,28.847,230.62,126
2020-02-08 15:11:06,5640,0.21327,0.26435,2.6206,-0.27322,88.97,28.847,238.88,125.33
2020-02-08 15:11:07,5641,0.21176,0.26512,2.5242,0.054711,88.97,28.853,233.61,125.67
2020-02-08 15:11:08,5642,0.21352,0.26458,2.5571,0.054711,88.975,28.853,224.48,126
2020-02-08 15:11:09,5643,0.21225,0.26537,2.8628,0.054711,88.842,28.86,235.59,126
2020-02-08 15:11:10,5644,0.21332,0.26425,2.4797,-0.27322,88.873,28.849,225.71,126
2020-02-08 15:11:11,5645,0.21405,0.26587,2.3669,0.38264,88.853,28.851,230.34,126
2020-02-08 15:11:12,5646,0.21204,0.26368,2.7543,0.054711,89.145,28.839,229.38,126
2020-02-08 15:11:13,5647,0.21489,0.26516,2.6075,0.054711,88.87,28.851,241.73,126
2020-02-08 15:11:14,5648,0.21058,0.26355,2.6115,0.054711,88.905,28.85,225.24,126
2020-02-08 15:11:15,5649,0.21508,0.26471,2.8819,0.054711,89.331,28.851,216.16,126
2020-02-08 15:11:16,5650,0.21079,0.26339,2.6504,0.054711,89.443,28.851,219.65,125.33
2020-02-08 15:11:18,5651,0.21413,0.26525,3.0585,0.38264,88.972,28.846,245.27,126.35
2020-02-08 15:11:19,5652,0.21253,0.26233,2.5497,-0.27322,88.859,28.84,218.9,126.33
2020-02-08 15:11:20,5653,0.21386,0.26613,2.0953,0.054711,89.251,28.841,223.74,126
2020-02-08 15:11:21,5654,0.21433,0.26292,2.5734,0.054711,89.328,28.843,225.45,126
2020-02-08 15:11:22,5655,0.21463,0.26518,3.0648,0.054711,89.355,28.853,252.03,125.33
2020-02-08 15:11:23,5656,0.21403,0.26562,2.6843,0.054711,89.421,28.844,228.07,125.66
2020-02-08 15:11:24,5657,0.21492,0.2662,1.1257,0.054711,89.38,28.845,220.13,125.67
2020-02-08 15:11:25,5658,0.21153,0.26473,2.66,0.054711,89.579,28.845,224.82,126
2020-02-08 15:11:26,5659,0.21537,0.26485,2.5274,0.054711,89.369,28.846,236.47,126
2020-02-08 15:11:27,5660,0.21171,0.26331,2.5956,0.054711,89.383,28.84,233.46,126
2020-02-08 15:11:28,5661,0.21382,0.26628,0.92164,0.71057,89.281,28.851,210.82,125.33
2020-02-08 15:11:29,5662,0.2141,0.26213,1.816,0.054711,89.495,28.841,218.46,125.67
2020-02-08 15:11:30,5663,0.21362,0.26587,2.5541,0.054711,89.325,28.834,234.71,126
2020-02-08 15:11:31,5664,0.2135,0.26332,2.4262,-0.27322,89.58,28.849,229.94,125.33
2020-02-08 15:11:32,5665,0.21385,0.26543,2.6595,0.38264,89.587,28.852,229.41,125
2020-02-08 15:11:33,5666,0.21366,0.26397,2.4339,0.38264,89.434,28.852,228.72,126.35
2020-02-08 15:11:34,5667,0.21328,0.26594,2.6987,0.38264,89.251,28.858,248.49,126.33
2020-02-08 15:11:35,5668,0.21465,0.26541,0.95505,0.054711,89.465,28.841,204.49,126.67
2020-02-08 15:11:36,5669,0.21181,0.26483,2.4157,0.38264,89.5,28.851,229.13,126.33
2020-02-08 15:11:37,5670,0.2146,0.26461,2.4514,0.054711,89.572,28.841,233.26,126
2020-02-08 15:11:38,5671,0.21242,0.26428,2.4132,0.054711,89.506,28.846,234.54,125.33
2020-02-08 15:11:39,5672,0.21292,0.26458,2.7715,0.054711,89.445,28.844,236.8,126.35
2020-02-08 15:11:41,5673,0.2134,0.26293,2.6252,0.054711,89.461,28.844,246.42,126.33
2020-02-08 15:11:42,5674,0.21391,0.26544,2.4063,0.054711,89.521,28.845,203.53,126
2020-02-08 15:11:43,5675,0.21404,0.26429,2.6925,-0.27322,89.318,28.845,231.26,126
2020-02-08 15:11:44,5676,0.21413,0.26611,1.0104,0.054711,89.601,28.848,207.37,126.67
2020-02-08 15:11:45,5677,0.21371,0.2647,2.3446,0.054711,89.512,28.842,244.35,126.33
2020-02-08 15:11:46,5678,0.21294,0.26579,1.9467,-0.27322,89.476,28.846,234.88,126
2020-02-08 15:11:47,5679,0.21194,0.26557,2.8721,0.054711,89.471,28.851,227.4,126.67
2020-02-08 15:11:48,5680,0.21375,0.26451,2.7343,0.054711,89.421,28.851,232.28,126.33
2020-02-08 15:11:49,5681,0.21166,0.26523,2.7707,0.054711,89.48,28.836,232.75,126
2020-02-08 15:11:50,5682,0.21302,0.26433,2.4251,0.054711,89.647,28.833,216.13,125.33
2020-02-08 15:11:51,5683,0.21222,0.26362,1.2271,0.71057,89.539,28.84,209.15,125.67
2020-02-08 15:11:52,5684,0.21284,0.26493,3.1477,0.054711,89.603,28.843,251.75,126.67
2020-02-08 15:11:53,5685,0.21388,0.26302,2.9653,-0.27322,89.67,28.833,218.71,126.33
2020-02-08 15:11:54,5686,0.2136,0.26477,2.6331,0.054711,89.348,28.837,223.59,126
2020-02-08 15:11:55,5687,0.21332,0.26547,2.6402,-0.27322,89.568,28.841,228.73,126
2020-02-08 15:11:56,5688,0.21394,0.26579,2.5678,-0.27322,89.584,28.841,221.72,126
2020-02-08 15:11:57,5689,0.214,0.26492,2.7352,0.054711,89.783,28.839,218.72,126
2020-02-08 15:11:58,5690,0.21269,0.26699,2.4233,-0.27322,89.529,28.837,241.75,126
2020-02-08 15:11:59,5691,0.21397,0.26447,1.8595,0.38264,89.007,28.839,229.74,126
2020-02-08 15:12:00,5692,0.21171,0.26494,2.9478,0.054711,89.462,28.849,243.84,126
2020-02-08 15:12:01,5693,0.21235,0.26443,1.9422,0.054711,88.95,28.843,237.24,126
2020-02-08 15:12:02,5694,0.21273,0.26454,2.7694,0.054711,89.66,28.836,229.13,126
2020-02-08 15:12:04,5695,0.21317,0.264,2.795,0.054711,89.107,28.836,224.03,126
2020-02-08 15:12:05,5696,0.21337,0.26491,2.5827,0.054711,89,28.838,235.01,126
2020-02-08 15:12:06,5697,0.21407,0.26426,2.8872,0.38264,89.266,28.835,232.14,125.33
2020-02-08 15:12:07,5698,0.21342,0.26504,2.8131,0.38264,88.948,28.837,235.67,125.67
2020-02-08 15:12:08,5699,0.21274,0.26566,2.4431,0.054711,89.008,28.831,226.53,125.33
2020-02-08 15:12:09,5700,0.21388,0.2651,2.4678,0.054711,88.991,28.832,232.07,125.67
2020-02-08 15:12:10,5701,0.21316,0.26432,2.4503,0.054711,89.108,28.832,218.26,126.33
2020-02-08 15:12:11,5702,0.21194,0.26531,2.4411,-0.27322,89.062,28.836,219.03,126
2020-02-08 15:12:12,5703,0.21255,0.26346,2.8914,0.38264,88.941,28.844,250.41,125.33
2020-02-08 15:12:13,5704,0.2127,0.26523,2.7413,0.054711,89.049,28.843,232.88,125.67
2020-02-08 15:12:14,5705,0.21174,0.26365,2.4129,0.38264,89.031,28.843,228.43,126.67
2020-02-08 15:12:15,5706,0.21321,0.26417,2.7076,0.054711,88.919,28.842,236.53,126.33
2020-02-08 15:12:16,5707,0.21353,0.2638,2.5152,0.38264,88.902,28.852,229.17,126.67
2020-02-08 15:12:17,5708,0.2141,0.26514,2.6915,0.054711,88.92,28.838,224.84,126.33
2020-02-08 15:12:18,5709,0.21341,0.26521,2.5617,0.054711,88.929,28.845,251.54,126
2020-02-08 15:12:19,5710,0.21455,0.26543,2.7768,0.054711,89.07,28.845,226.91,126
2020-02-08 15:12:20,5711,0.21284,0.26659,2.4838,0.71057,88.986,28.844,226.55,126.67
2020-02-08 15:12:21,5712,0.21362,0.26442,2.4316,0.054711,88.977,28.843,228.72,126.33
2020-02-08 15:12:22,5713,0.21265,0.2652,2.9149,0.054711,88.958,28.847,225.35,125.33
2020-02-08 15:12:23,5714,0.21191,0.2633,2.9179,0.054711,88.909,28.844,251.24,125.67
2020-02-08 15:12:24,5715,0.21377,0.26498,2.484,0.054711,89.061,28.849,228.44,126.67
2020-02-08 15:12:26,5716,0.21373,0.26301,2.8714,0.054711,88.952,28.851,218.78,125.66
2020-02-08 15:12:27,5717,0.21495,0.26461,2.689,0.054711,89.027,28.851,224.56,126.35
2020-02-08 15:12:28,5718,0.21325,0.26463,2.5913,0.054711,88.923,28.849,228.09,126.33
2020-02-08 15:12:29,5719,0.21439,0.26539,3.0607,0.38264,88.929,28.85,247.17,127.35
2020-02-08 15:12:30,5720,0.21267,0.26622,2.3452,0.054711,88.916,28.841,241.89,126.66
2020-02-08 15:12:31,5721,0.21304,0.26612,2.6933,0.054711,88.863,28.842,235.54,126
2020-02-08 15:12:32,5722,0.21211,0.2651,2.7256,0.71057,89.045,28.845,229.16,126
2020-02-08 15:12:33,5723,0.21389,0.26577,3.1373,0.054711,88.968,28.837,250.88,126
2020-02-08 15:12:34,5724,0.21243,0.26405,2.7613,0.38264,88.755,28.839,226.83,126
2020-02-08 15:12:35,5725,0.21439,0.26648,1.4443,0.38264,88.847,28.839,218.75,126
2020-02-08 15:12:36,5726,0.21341,0.26335,2.6762,0.38264,88.751,28.838,227.06,126
2020-02-08 15:12:37,5727,0.21461,0.26684,2.6543,0.054711,88.71,28.845,237.08,126
2020-02-08 15:12:38,5728,0.21292,0.26696,2.8179,-0.60114,88.992,28.839,203.18,126
2020-02-08 15:12:39,5729,0.21383,0.26661,1.2645,0.71057,89.138,28.849,207.87,126.67
2020-02-08 15:12:40,5730,0.21314,0.26752,1.4055,0.054711,88.758,28.848,216.84,127
2020-02-08 15:12:41,5731,0.21094,0.26459,1.3595,0.054711,89.285,28.847,218.34,127
2020-02-08 15:12:42,5732,0.2137,0.2664,2.6559,0.054711,88.88,28.849,218.36,126.33
2020-02-08 15:12:43,5733,0.21133,0.26462,2.9523,0.054711,88.74,28.849,249.89,126
2020-02-08 15:12:44,5734,0.21406,0.26626,2.5285,0.054711,88.921,28.855,223.65,126
2020-02-08 15:12:45,5735,0.21293,0.26343,2.5489,0.054711,88.908,28.843,227.97,126
2020-02-08 15:12:46,5736,0.21454,0.2659,2.7588,0.054711,89.197,28.843,235.69,126.67
2020-02-08 15:12:48,5737,0.21238,0.26667,2.7157,0.054711,89.071,28.844,237.61,127
2020-02-08 15:12:49,5738,0.21329,0.26627,2.423,0.054711,89.237,28.856,229.42,125.66
2020-02-08 15:12:50,5739,0.21268,0.26728,0.94004,-0.27322,89.299,28.847,209.5,125.67
2020-02-08 15:12:51,5740,0.21135,0.26431,2.5092,-0.27322,89.277,28.847,229.03,126
2020-02-08 15:12:52,5741,0.21388,0.26595,2.5352,0.054711,89.446,28.848,237.91,126
2020-02-08 15:12:53,5742,0.21371,0.26636,0.92044,0.054711,89.419,28.844,214.97,126.67
2020-02-08 15:12:54,5743,0.21246,0.26334,2.9704,0.054711,89.478,28.845,212.42,127
2020-02-08 15:12:55,5744,0.21418,0.26613,2.6934,0.054711,89.058,28.865,229.31,126.33
2020-02-08 15:12:56,5745,0.21235,0.26553,2.4076,-0.27322,89.049,28.848,225.6,126
2020-02-08 15:12:57,5746,0.21392,0.26603,2.7359,0.054711,89.443,28.846,248.94,126.67
2020-02-08 15:12:58,5747,0.21294,0.26765,2.6814,0.38264,89.332,28.858,219.59,125.66
2020-02-08 15:12:59,5748,0.21175,0.26517,2.6056,0.054711,89.424,28.852,240.05,126.35
2020-02-08 15:13:00,5749,0.2137,0.26564,2.6242,0.054711,89.434,28.863,232.29,127
2020-02-08 15:13:01,5750,0.20956,0.26426,2.5184,0.054711,89.387,28.873,228.05,126.33
2020-02-08 15:13:02,5751,0.21347,0.26592,2.6267,0.054711,89.229,28.873,203.4,126
2020-02-08 15:13:03,5752,0.21168,0.26376,2.3518,0.054711,89.385,28.871,229.93,126
2020-02-08 15:13:04,5753,0.21311,0.26546,2.2828,0.054711,89.485,28.867,231.66,125.33
2020-02-08 15:13:05,5754,0.2121,0.2641,2.4801,0.054711,89.321,28.881,225.55,125.67
2020-02-08 15:13:06,5755,0.21346,0.26579,2.4455,0.71057,89.505,28.87,214.57,126
2020-02-08 15:13:07,5756,0.21269,0.26665,2.8741,0.054711,89.594,28.87,244.98,126
2020-02-08 15:13:08,5757,0.21266,0.26586,1.0189,0.054711,89.441,28.882,204.55,126
2020-02-08 15:13:09,5758,0.21335,0.26673,2.1457,0.054711,89.426,28.889,232.71,126.67
2020-02-08 15:13:11,5759,0.20987,0.2634,2.946,0.054711,89.47,28.884,233.69,126.33
2020-02-08 15:13:12,5760,0.21379,0.26659,2.6976,0.054711,89.384,28.884,224.93,126.67
2020-02-08 15:13:13,5761,0.21092,0.2641,2.6587,0.38264,89.294,28.895,236.4,126.33
2020-02-08 15:13:14,5762,0.21325,0.26565,2.4252,0.054711,89.268,28.893,245.15,125.33
2020-02-08 15:13:15,5763,0.2127,0.26338,2.3443,0.054711,89.431,28.89,250.31,126.35
2020-02-08 15:13:16,5764,0.21341,0.26541,1.9776,0.054711,89.52,28.886,223.69,126.33
2020-02-08 15:13:17,5765,0.21295,0.26616,2.5097,0.38264,89.441,28.898,210.51,126.33
2020-02-08 15:13:18,5766,0.21349,0.26737,2.6696,0.054711,89.328,28.885,225.63,126
2020-02-08 15:13:19,5767,0.21089,0.26479,2.5086,0.71057,89.363,28.901,230.49,126.67
2020-02-08 15:13:20,5768,0.21362,0.26619,2.8132,0.38264,89.591,28.891,203.21,126.33
2020-02-08 15:13:21,5769,0.21037,0.26424,2.7546,0.38264,89.656,28.891,239.66,126
2020-02-08 15:13:22,5770,0.21323,0.266,1.8662,0.054711,89.763,28.899,231.13,125.33
2020-02-08 15:13:23,5771,0.21308,0.26301,2.9884,0.054711,89.76,28.899,239.12,125.67
2020-02-08 15:13:24,5772,0.21359,0.26593,2.5939,0.054711,89.204,28.893,241.27,126
2020-02-08 15:13:25,5773,0.21255,0.26577,1.9226,-0.27322,89.259,28.895,229.99,126.67
2020-02-08 15:13:26,5774,0.21312,0.26657,1.7806,0.054711,89.458,28.89,239.38,125.66
2020-02-08 15:13:27,5775,0.21321,0.26666,2.5632,0.054711,88.989,28.89,234.25,126.35
2020-02-08 15:13:28,5776,0.21119,0.26562,2.5112,0.054711,89.455,28.889,238.35,127
2020-02-08 15:13:29,5777,0.21349,0.26496,2.5756,0.054711,89.642,28.889,240.29,126.33
2020-02-08 15:13:30,5778,0.2102,0.26435,2.9715,0.054711,89.711,28.886,251.23,126
2020-02-08 15:13:31,5779,0.21277,0.26564,2.4837,0.38264,89.236,28.889,250.83,126
2020-02-08 15:13:32,5780,0.21202,0.26319,2.2713,0.38264,88.827,28.89,238.26,126
2020-02-08 15:13:34,5781,0.21317,0.26692,2.0783,0.054711,88.961,28.885,226.91,126
2020-02-08 15:13:35,5782,0.21215,0.26399,2.7964,0.054711,88.92,28.884,242.83,126
2020-02-08 15:13:36,5783,0.21318,0.26682,2.2868,0.054711,88.967,28.888,238.98,126
2020-02-08 15:13:37,5784,0.21177,0.26441,2.2354,-0.27322,89.01,28.897,223.55,126.67
2020-02-08 15:13:38,5785,0.21296,0.2673,1.6381,-0.27322,89.042,28.897,203.65,126.33
2020-02-08 15:13:39,5786,0.21392,0.26604,2.3842,0.054711,88.951,28.895,229.05,126
2020-02-08 15:13:40,5787,0.21465,0.26542,3.0574,0.054711,88.964,28.9,246.98,126
2020-02-08 15:13:41,5788,0.21095,0.26372,2.7085,0.054711,88.841,28.906,230.55,126
2020-02-08 15:13:42,5789,0.21324,0.2667,1.7816,0.054711,88.775,28.9,224.28,126.67
2020-02-08 15:13:43,5790,0.21353,0.26314,2.6074,0.054711,88.905,28.9,235.88,126.33
2020-02-08 15:13:44,5791,0.21377,0.26638,1.8131,-0.27322,88.99,28.894,222.61,125.33
2020-02-08 15:13:45,5792,0.21326,0.26582,2.8074,-0.27322,88.853,28.894,224.24,125.67
2020-02-08 15:13:46,5793,0.2133,0.26641,2.7078,0.054711,89.094,28.9,229.51,126
2020-02-08 15:13:47,5794,0.21452,0.26661,2.7293,0.054711,88.909,28.898,229.36,126.67
2020-02-08 15:13:48,5795,0.21149,0.26668,2.6697,0.054711,88.928,28.892,226.01,126.33
2020-02-08 15:13:49,5796,0.21508,0.26624,2.2584,0.38264,88.908,28.899,231.69,126.67
2020-02-08 15:13:50,5797,0.21154,0.26498,2.7923,0.38264,88.998,28.899,224.98,126.33
2020-02-08 15:13:51,5798,0.21244,0.26563,2.4334,0.054711,88.892,28.904,225.67,125.33
2020-02-08 15:13:52,5799,0.21313,0.26291,2.8175,0.054711,88.95,28.902,244.72,125.67
2020-02-08 15:13:53,5800,0.21352,0.26633,2.5104,0.054711,88.906,28.899,228.72,126
2020-02-08 15:13:54,5801,0.21406,0.26552,2.6608,0.054711,88.639,28.899,236.6,126
2020-02-08 15:13:55,5802,0.21384,0.2672,2.0701,0.054711,88.873,28.9,223.58,126
2020-02-08 15:13:56,5803,0.21427,0.26626,2.8778,0.38264,88.887,28.905,238.34,126
2020-02-08 15:13:58,5804,0.21285,0.26755,2.9096,0.71057,88.912,28.902,244.24,126
2020-02-08 15:13:59,5805,0.21376,0.26519,1.3459,0.054711,88.778,28.897,219.54,126
2020-02-08 15:14:00,5806,0.21147,0.26611,1.6761,0.38264,88.956,28.891,209.21,126
2020-02-08 15:14:01,5807,0.21241,0.26556,2.6471,0.38264,88.992,28.899,231.92,125.33
2020-02-08 15:14:02,5808,0.21281,0.26331,2.7877,0.38264,88.957,28.899,237,126.35
2020-02-08 15:14:03,5809,0.21357,0.266,2.8592,0.054711,88.858,28.895,226.73,127
2020-02-08 15:14:04,5810,0.21374,0.26644,2.7319,-0.60114,89.025,28.899,227.2,125.66
2020-02-08 15:14:05,5811,0.2139,0.26653,2.6216,0.38264,88.762,28.888,228.73,126.35
2020-02-08 15:14:06,5812,0.21186,0.26708,2.6092,0.054711,88.83,28.894,228.5,126.33
2020-02-08 15:14:07,5813,0.2135,0.26545,2.6309,-0.27322,88.858,28.896,219.43,125.33
2020-02-08 15:14:08,5814,0.21094,0.26555,2.4169,0.054711,88.746,28.894,235.4,125.67
2020-02-08 15:14:09,5815,0.21232,0.26497,1.8318,0.38264,88.862,28.892,225.08,126
2020-02-08 15:14:10,5816,0.21231,0.26487,2.962,0.38264,89.278,28.902,225.72,126
2020-02-08 15:14:11,5817,0.21189,0.26494,3.0402,0.38264,88.86,28.902,221.95,126
2020-02-08 15:14:12,5818,0.21327,0.26534,2.5577,0.054711,89.254,28.896,226.35,126
2020-02-08 15:14:13,5819,0.21293,0.26426,2.9849,0.38264,89.335,28.894,243.16,126.67
2020-02-08 15:14:14,5820,0.21317,0.26666,2.7793,0.054711,88.813,28.898,239.81,126.33
2020-02-08 15:14:15,5821,0.21335,0.26582,2.6382,-0.60114,88.782,28.902,234.89,125.33
2020-02-08 15:14:16,5822,0.21369,0.2665,2.5316,-0.27322,89.056,28.9,232.3,125.67
2020-02-08 15:14:17,5823,0.21155,0.26658,2.5353,-0.27322,89.525,28.899,251.29,126.67
2020-02-08 15:14:18,5824,0.21369,0.26526,2.0558,0.054711,88.672,28.899,207.82,126.33
2020-02-08 15:14:19,5825,0.21185,0.26602,2.1333,0.054711,88.877,28.907,229.96,126
2020-02-08 15:14:21,5826,0.21123,0.26461,2.5659,0.054711,89.327,28.904,229.46,127.35
2020-02-08 15:14:22,5827,0.21329,0.26613,2.5052,-0.27322,89.23,28.904,221.15,126.66
2020-02-08 15:14:23,5828,0.21251,0.26379,1.8861,0.38264,89.426,28.909,227.76,126.67
2020-02-08 15:14:24,5829,0.21409,0.26597,2.5868,0.054711,89.055,28.906,225.97,127
2020-02-08 15:14:25,5830,0.2134,0.26519,2.8702,0.054711,89.321,28.918,209.59,125.66
2020-02-08 15:14:26,5831,0.21255,0.2672,2.7285,0.38264,89.232,28.913,231.71,127
2020-02-08 15:14:27,5832,0.21384,0.26534,1.0344,0.054711,89.383,28.92,205.01,126.33
2020-02-08 15:14:28,5833,0.21279,0.26682,2.6612,0.38264,89.417,28.919,229.74,126.67
2020-02-08 15:14:29,5834,0.21141,0.26425,3.0595,0.054711,89.412,28.925,227.46,127
2020-02-08 15:14:30,5835,0.21272,0.26561,2.2911,0.054711,89.255,28.925,230.59,127
2020-02-08 15:14:31,5836,0.21263,0.26475,2.7673,-0.27322,89.497,28.92,223.86,127
2020-02-08 15:14:32,5837,0.21406,0.26548,2.5177,0.054711,89.345,28.93,228.65,127
2020-02-08 15:14:33,5838,0.2137,0.26354,2.5091,0.054711,88.702,28.93,240.83,127
2020-02-08 15:14:34,5839,0.21457,0.26611,2.4552,0.054711,89.365,28.933,239.55,127
2020-02-08 15:14:35,5840,0.21249,0.26598,2.0586,0.054711,89.412,28.929,229.69,126.33
2020-02-08 15:14:36,5841,0.21393,0.2661,2.4916,0.054711,89.725,28.929,243.07,126
2020-02-08 15:14:37,5842,0.21266,0.26703,2.5091,-0.60114,89.559,28.935,229,126.67
2020-02-08 15:14:38,5843,0.21293,0.26491,2.8128,0.054711,89.655,28.933,228.8,126.33
2020-02-08 15:14:39,5844,0.21346,0.26582,2.3307,-0.27322,89.467,28.927,229.57,126
2020-02-08 15:14:40,5845,0.21089,0.26459,1.8559,0.38264,89.366,28.938,229.14,126.67
2020-02-08 15:14:42,5846,0.21406,0.26564,2.8743,0.38264,89.438,28.938,238.51,127
2020-02-08 15:14:43,5847,0.2126,0.26392,3.1262,0.38264,89.49,28.931,251.97,127
2020-02-08 15:14:44,5848,0.21443,0.2664,2.5755,0.38264,89.465,28.935,228.22,126.33
2020-02-08 15:14:45,5849,0.21393,0.26416,2.5399,0.054711,89.248,28.928,211.75,126
2020-02-08 15:14:46,5850,0.21462,0.26644,2.479,0.054711,89.547,28.94,232.61,126
2020-02-08 15:14:47,5851,0.21379,0.26795,2.4369,0.38264,89.43,28.939,225.76,126.67
2020-02-08 15:14:48,5852,0.21387,0.26708,1.0689,0.054711,89.341,28.946,216.6,126.67
2020-02-08 15:14:49,5853,0.2114,0.26359,2.7706,0.054711,89.626,28.946,237.72,126.33
2020-02-08 15:14:50,5854,0.21395,0.26682,2.2705,0.054711,89.329,28.947,229.09,126.67
2020-02-08 15:14:51,5855,0.21271,0.26419,2.9529,0.054711,89.606,28.948,228.03,127
2020-02-08 15:14:52,5856,0.21461,0.26527,3.0251,0.054711,89.629,28.951,240.34,126.33
2020-02-08 15:14:53,5857,0.21399,0.26404,2.6847,0.054711,88.933,28.954,229.19,126
2020-02-08 15:14:54,5858,0.21511,0.2662,2.7046,0.054711,89.696,28.949,230.44,126.67
2020-02-08 15:14:55,5859,0.21317,0.26677,2.7529,0.38264,89.798,28.937,207.43,126.33
2020-02-08 15:14:56,5860,0.21423,0.26673,2.9613,0.054711,89.06,28.935,222.09,126
2020-02-08 15:14:57,5861,0.21401,0.26675,3.0993,0.054711,88.992,28.936,251.44,127.35
2020-02-08 15:14:58,5862,0.2108,0.2649,2.5821,0.054711,89.11,28.939,224.53,126.66
2020-02-08 15:14:59,5863,0.21406,0.26648,2.5946,0.054711,89.507,28.939,225.15,126
2020-02-08 15:15:00,5864,0.21124,0.26383,1.7599,-0.27322,88.772,28.937,204.84,126.67
2020-02-08 15:15:01,5865,0.21362,0.26506,2.5266,0.054711,88.908,28.936,222.17,127
2020-02-08 15:15:02,5866,0.21327,0.26302,2.6751,0.054711,88.875,28.943,206.88,126.33
2020-02-08 15:15:03,5867,0.21375,0.26626,2.6482,0.054711,88.765,28.937,233.07,126
2020-02-08 15:15:05,5868,0.21247,0.26565,2.2511,0.054711,88.891,28.938,228.95,126
2020-02-08 15:15:06,5869,0.21313,0.26376,1.929,0.054711,89.077,28.938,223.51,125.33
2020-02-08 15:15:07,5870,0.21247,0.26691,2.0915,0.054711,88.892,28.94,243.14,125.67
2020-02-08 15:15:08,5871,0.21311,0.26487,1.4618,-0.27322,89.04,28.946,214.94,126
2020-02-08 15:15:09,5872,0.21337,0.26734,2.0672,-0.27322,88.964,28.946,249.24,126
2020-02-08 15:15:10,5873,0.21447,0.26671,2.4472,0.38264,88.809,28.939,229.14,126
2020-02-08 15:15:11,5874,0.21149,0.26473,2.5664,0.054711,88.842,28.936,214.45,126.67
2020-02-08 15:15:12,5875,0.21442,0.26613,1.8888,0.38264,89.058,28.947,230.55,126.33
2020-02-08 15:15:13,5876,0.21343,0.26502,1.1697,0.38264,89.078,28.93,206.96,126.67
2020-02-08 15:15:14,5877,0.21534,0.26633,2.6929,-0.27322,89.013,28.927,238.63,126.33
2020-02-08 15:15:15,5878,0.21435,0.2642,1.9244,0.054711,88.797,28.926,219.61,126.67
2020-02-08 15:15:16,5879,0.21568,0.26697,2.3684,-0.27322,88.817,28.942,237.99,126.33
2020-02-08 15:15:17,5880,0.21414,0.26697,2.3966,-0.27322,88.932,28.942,225.23,126.67
2020-02-08 15:15:18,5881,0.21494,0.26712,2.2126,0.054711,89.008,28.931,225.35,125.66
2020-02-08 15:15:19,5882,0.21457,0.26784,2.6523,0.054711,88.788,28.934,233.68,126.35
2020-02-08 15:15:20,5883,0.21313,0.26572,2.7163,0.054711,88.885,28.93,233.44,127
2020-02-08 15:15:21,5884,0.21561,0.26725,2.8103,0.38264,88.867,28.921,248.23,126.33
2020-02-08 15:15:22,5885,0.21234,0.26561,0.97376,-0.27322,88.981,28.929,202.86,126.67
2020-02-08 15:15:23,5886,0.21611,0.26676,2.6412,0.054711,88.839,28.931,225.85,125.66
2020-02-08 15:15:24,5887,0.21287,0.26523,2.5755,0.054711,88.801,28.931,213.11,126.35
2020-02-08 15:15:25,5888,0.21564,0.26626,2.3717,-0.27322,88.876,28.928,229,126.33
2020-02-08 15:15:26,5889,0.21467,0.26301,2.6596,0.38264,88.876,28.919,222.62,126.67
2020-02-08 15:15:28,5890,0.21613,0.2673,2.5737,0.054711,88.859,28.935,245.43,126.33
2020-02-08 15:15:29,5891,0.21511,0.26592,2.2964,0.38264,88.928,28.927,228.48,126
2020-02-08 15:15:30,5892,0.21605,0.26691,2.8116,-0.27322,88.734,28.932,210.01,126
2020-02-08 15:15:31,5893,0.21563,0.26821,3.0709,0.054711,88.797,28.934,249.78,126.67
2020-02-08 15:15:32,5894,0.21507,0.26627,2.2867,0.054711,88.69,28.934,231.77,126.33
2020-02-08 15:15:33,5895,0.21227,0.26471,2.806,0.38264,88.764,28.922,206.86,126
2020-02-08 15:15:34,5896,0.21652,0.26761,3.0093,0.054711,88.686,28.93,236.9,126.67
2020-02-08 15:15:35,5897,0.21422,0.26497,2.939,0.054711,88.728,28.925,232.6,126.33
2020-02-08 15:15:36,5898,0.21607,0.26726,2.1187,0.38264,89.022,28.936,226.17,126
2020-02-08 15:15:37,5899,0.21596,0.26489,3.0722,0.38264,88.863,28.947,247.39,126
2020-02-08 15:15:38,5900,0.21677,0.26667,2.6082,0.38264,88.744,28.946,240.18,126.67
2020-02-08 15:15:39,5901,0.21568,0.26779,2.9458,0.054711,89.076,28.938,225.62,126.33
2020-02-08 15:15:40,5902,0.21594,0.26732,3.04,0.054711,88.695,28.938,250.6,126
2020-02-08 15:15:41,5903,0.21686,0.26796,2.6854,0.054711,88.784,28.943,228.4,126.67
2020-02-08 15:15:42,5904,0.21393,0.26673,2.9598,0.38264,88.648,28.955,231.64,126.33
2020-02-08 15:15:43,5905,0.21776,0.26702,2.7744,0.38264,88.651,28.965,236.45,126
2020-02-08 15:15:44,5906,0.21394,0.26527,2.6225,0.054711,88.805,28.968,226.97,126.67
2020-02-08 15:15:45,5907,0.21632,0.26845,3.0195,-0.27322,88.892,28.968,249.77,127
2020-02-08 15:15:46,5908,0.21662,0.26451,2.8108,-0.27322,88.98,28.968,237.06,126.33
2020-02-08 15:15:47,5909,0.2166,0.2677,2.6805,-0.27322,88.717,28.966,237.08,126.67
2020-02-08 15:15:48,5910,0.2165,0.26697,2.8616,0.38264,89.107,28.977,213.6,127
2020-02-08 15:15:49,5911,0.21678,0.2676,3.1696,-0.27322,89.209,28.971,244.93,126.33
2020-02-08 15:15:51,5912,0.21763,0.26795,0.96352,0.054711,89.219,28.967,205.02,126
2020-02-08 15:15:52,5913,0.21456,0.26757,2.6854,0.38264,89.156,28.974,226.55,126
2020-02-08 15:15:53,5914,0.21765,0.26751,2.7388,0.38264,89.147,28.98,228.37,126
2020-02-08 15:15:54,5915,0.21348,0.26551,2.5455,0.38264,88.974,28.973,230.17,126
2020-02-08 15:15:55,5916,0.21553,0.26672,2.606,0.38264,89.37,28.973,228.16,126
2020-02-08 15:15:56,5917,0.21557,0.26736,2.7717,0.054711,88.924,28.967,231.92,126.67
2020-02-08 15:15:57,5918,0.21664,0.26496,1.7391,0.054711,89.296,28.968,225.07,127
2020-02-08 15:15:58,5919,0.2163,0.2671,2.1782,0.38264,89.348,28.963,227.16,125.66
2020-02-08 15:15:59,5920,0.21669,0.26698,2.7255,0.054711,89.238,28.963,228.65,125.67
2020-02-08 15:16:00,5921,0.21496,0.26752,2.6431,0.38264,89.453,28.96,229.28,126
2020-02-08 15:16:01,5922,0.21738,0.26661,2.3062,-0.27322,89.338,28.957,221.09,126.67
2020-02-08 15:16:02,5923,0.21362,0.26555,2.685,-0.27322,89.388,28.957,243.21,126.33
2020-02-08 15:16:03,5924,0.21491,0.26604,2.468,-0.60114,89.317,28.961,229.09,126.67
2020-02-08 15:16:04,5925,0.21442,0.26531,1.4095,0.38264,89.291,28.962,220.98,127
2020-02-08 15:16:05,5926,0.21445,0.2658,2.2109,0.054711,89.435,28.961,227.42,126.33
2020-02-08 15:16:06,5927,0.21592,0.26389,0.96338,0.054711,89.359,28.952,205.93,126.67
2020-02-08 15:16:07,5928,0.2163,0.26679,2.5654,0.054711,89.315,28.951,244.97,125.66
2020-02-08 15:16:08,5929,0.21634,0.26684,2.5167,0.054711,89.493,28.948,220.62,126.35
2020-02-08 15:16:09,5930,0.21618,0.26773,2.2124,0.054711,89.408,28.952,211.63,126.33
2020-02-08 15:16:10,5931,0.21659,0.2667,1.9414,0.054711,89.288,28.952,219.34,126
2020-02-08 15:16:11,5932,0.21552,0.26891,1.0908,0.054711,89.462,28.94,227.24,126
2020-02-08 15:16:13,5933,0.21591,0.26572,2.5276,0.38264,89.431,28.946,236.75,126
2020-02-08 15:16:14,5934,0.2144,0.26554,2.5789,0.38264,89.475,28.939,227.65,126.67
2020-02-08 15:16:15,5935,0.21533,0.26627,2.7045,-0.27322,89.467,28.935,227.31,126.33
2020-02-08 15:16:16,5936,0.21587,0.26483,1.9095,0.054711,89.484,28.939,229.09,126.67
2020-02-08 15:16:17,5937,0.21635,0.26644,2.0034,-0.27322,89.556,28.938,236.22,127
2020-02-08 15:16:18,5938,0.21569,0.26689,1.7563,0.38264,89.461,28.94,231.03,126.33
2020-02-08 15:16:19,5939,0.21614,0.26671,2.4729,0.38264,89.61,28.94,222.95,126.67
2020-02-08 15:16:20,5940,0.21439,0.26737,1.8169,0.054711,89.484,28.927,228.87,126.33
2020-02-08 15:16:21,5941,0.21608,0.26602,1.8492,0.054711,89.028,28.94,233.07,126.67
2020-02-08 15:16:22,5942,0.21293,0.26549,1.6267,0.054711,89.606,28.931,203.88,127
2020-02-08 15:16:23,5943,0.21382,0.26481,1.714,0.054711,89.358,28.93,211.14,125.66
2020-02-08 15:16:24,5944,0.21403,0.26542,3.1087,0.38264,88.917,28.921,250.68,126.35
2020-02-08 15:16:25,5945,0.21464,0.26493,2.1988,0.054711,89.027,28.932,219.53,126.33
2020-02-08 15:16:26,5946,0.2152,0.26602,2.2248,0.054711,89.178,28.932,230.89,126
2020-02-08 15:16:27,5947,0.21571,0.2646,2.4769,0.054711,89.084,28.931,236.62,126
2020-02-08 15:16:28,5948,0.21615,0.26671,2.6837,-0.27322,89.156,28.925,233.19,126.67
2020-02-08 15:16:29,5949,0.21432,0.26677,2.371,0.38264,89.443,28.934,229.43,125.66
2020-02-08 15:16:30,5950,0.21632,0.26739,2.8568,0.054711,88.909,28.936,246.06,125.67
2020-02-08 15:16:31,5951,0.21399,0.26681,2.6797,0.71057,88.895,28.933,231,126
2020-02-08 15:16:32,5952,0.21548,0.26654,2.2197,0.38264,88.936,28.931,204.01,126
2020-02-08 15:16:33,5953,0.21499,0.26637,2.3995,0.054711,88.888,28.931,224.09,126
2020-02-08 15:16:35,5954,0.21406,0.26516,2.6281,0.054711,89.005,28.931,231.9,126.67
2020-02-08 15:16:36,5955,0.21585,0.26573,1.9628,0.054711,88.916,28.924,219.07,126.33
2020-02-08 15:16:37,5956,0.21613,0.26457,3.0132,-0.27322,89.122,28.943,251.05,125.33
2020-02-08 15:16:38,5957,0.21713,0.26776,2.319,0.054711,88.816,28.94,241.43,126.35
2020-02-08 15:16:39,5958,0.21518,0.26711,2.3301,0.38264,88.89,28.937,239.49,126.33
2020-02-08 15:16:40,5959,0.21702,0.26819,2.2431,0.054711,88.833,28.94,244.7,126
2020-02-08 15:16:41,5960,0.21384,0.2654,1.8896,0.054711,88.779,28.94,222.55,126.67
2020-02-08 15:16:42,5961,0.2154,0.26686,2.2232,0.38264,88.925,28.943,247.29,126.33
2020-02-08 15:16:43,5962,0.21508,0.26581,1.8464,0.054711,89.023,28.924,242.55,126
2020-02-08 15:16:44,5963,0.21676,0.26683,1.137,0.38264,88.877,28.932,206.29,126
2020-02-08 15:16:45,5964,0.21557,0.26507,2.6968,0.054711,88.828,28.931,236.72,126
2020-02-08 15:16:46,5965,0.21668,0.26694,1.9236,-0.27322,88.778,28.937,205.58,126
2020-02-08 15:16:47,5966,0.21498,0.26725,1.223,0.054711,88.984,28.945,204.05,126.67
2020-02-08 15:16:48,5967,0.21632,0.26764,2.257,0.054711,88.83,28.934,246.32,126.33
2020-02-08 15:16:49,5968,0.21527,0.26728,2.5249,0.054711,88.79,28.934,221.69,126
2020-02-08 15:16:50,5969,0.2142,0.26547,1.2696,0.38264,88.916,28.945,208.78,126
2020-02-08 15:16:51,5970,0.21562,0.26613,1.9291,0.054711,88.782,28.939,222.65,125.33
2020-02-08 15:16:52,5971,0.21312,0.26582,2.672,0.71057,88.871,28.938,228.32,126.35
2020-02-08 15:16:53,5972,0.21605,0.26667,1.8082,-0.60114,88.859,28.936,222.86,127
2020-02-08 15:16:54,5973,0.21408,0.2646,1.7747,-0.27322,88.837,28.932,225.21,126.33
2020-02-08 15:16:55,5974,0.21628,0.26747,2.1172,0.38264,88.96,28.927,231.09,126
2020-02-08 15:16:57,5975,0.21554,0.26406,1.562,0.054711,88.889,28.943,222.74,126.67
2020-02-08 15:16:58,5976,0.21706,0.2665,1.4786,-0.27322,88.857,28.943,202.92,127
2020-02-08 15:16:59,5977,0.21557,0.26746,2.6899,0.054711,88.87,28.939,238.38,126.33
2020-02-08 15:17:00,5978,0.21604,0.26659,2.113,0.054711,88.986,28.939,247.57,126
2020-02-08 15:17:01,5979,0.21537,0.2678,1.9948,0.054711,89.022,28.933,225.67,126
2020-02-08 15:17:02,5980,0.21661,0.2671,2.2939,0.054711,88.782,28.933,217.75,126.33
2020-02-08 15:17:03,5981,0.21312,0.26488,1.7556,-0.27322,88.896,28.934,222.51,126
2020-02-08 15:17:04,5982,0.21646,0.2664,1.6747,0.054711,88.863,28.929,224.57,126
2020-02-08 15:17:05,5983,0.21594,0.2641,1.8684,0.054711,88.88,28.946,228.25,126
2020-02-08 15:17:06,5984,0.21751,0.26642,2.8197,0.054711,88.768,28.946,236.5,126.67
2020-02-08 15:17:07,5985,0.21594,0.26792,2.707,0.38264,88.922,28.938,230.48,127
2020-02-08 15:17:08,5986,0.2162,0.26675,2.8901,0.38264,88.865,28.938,241.66,126.33
2020-02-08 15:17:09,5987,0.21646,0.26825,2.0301,-0.27322,88.689,28.933,231.46,126
2020-02-08 15:17:10,5988,0.21295,0.26437,1.0429,0.054711,88.839,28.936,214.57,125.33
2020-02-08 15:17:11,5989,0.21589,0.2676,2.5998,0.38264,88.884,28.928,227.87,125.67
2020-02-08 15:17:12,5990,0.21423,0.26434,2.1642,0.38264,88.705,28.934,229.8,126.67
2020-02-08 15:17:13,5991,0.21613,0.26609,2.1712,-0.27322,88.828,28.933,224.07,125.66
2020-02-08 15:17:14,5992,0.21522,0.26472,2.5354,-0.27322,88.85,28.935,204.32,126.35
2020-02-08 15:17:15,5993,0.21571,0.26459,2.2214,0.054711,88.679,28.926,228.43,126.33
2020-02-08 15:17:16,5994,0.21484,0.26755,2.8172,0.054711,88.8,28.926,237.86,126
2020-02-08 15:17:17,5995,0.21522,0.26577,2.6108,0.38264,88.943,28.939,229.09,126
2020-02-08 15:17:18,5996,0.21505,0.26777,2.2546,0.054711,88.65,28.932,226.56,126
2020-02-08 15:17:19,5997,0.21288,0.2641,2.1419,0.054711,88.975,28.922,214.92,125.33
2020-02-08 15:17:21,5998,0.21534,0.26637,2.6143,0.054711,88.825,28.933,208.55,125.67
2020-02-08 15:17:22,5999,0.21262,0.26458,2.6222,0.38264,88.727,28.922,206.47,126
2020-02-08 15:17:23,6000,0.21529,0.26658,2.9832,0.054711,88.957,28.919,246.31,126
2020-02-08 15:17:24,6001,0.21477,0.26352,2.3926,0.054711,88.705,28.92,227.46,126
2020-02-08 15:17:25,6002,0.21598,0.26573,2.8559,0.38264,89.022,28.914,229.38,126
2020-02-08 15:17:26,6003,0.21577,0.26662,2.5863,0.38264,88.956,28.914,216.68,126
2020-02-08 15:17:27,6004,0.2152,0.2678,2.7453,-0.27322,88.945,28.927,235.68,126.67
2020-02-08 15:17:28,6005,0.21362,0.26517,2.8296,0.054711,89.008,28.921,239.65,126.33
2020-02-08 15:17:29,6006,0.21511,0.26662,3.0891,0.38264,88.737,28.931,242.41,126
2020-02-08 15:17:30,6007,0.21281,0.26444,2.4347,0.38264,88.765,28.921,228.7,126.67
2020-02-08 15:17:31,6008,0.21512,0.26647,2.4694,-0.27322,88.938,28.927,227.81,127
2020-02-08 15:17:32,6009,0.21482,0.26368,2.2114,0.38264,88.958,28.912,214.91,126.33
2020-02-08 15:17:33,6010,0.21604,0.26587,1.8596,0.38264,89.152,28.912,221.35,126
2020-02-08 15:17:34,6011,0.21466,0.26634,1.4128,-0.27322,88.739,28.917,222.14,125.33
2020-02-08 15:17:35,6012,0.21553,0.26678,2.2857,0.054711,89.394,28.925,229.43,125.67
2020-02-08 15:17:36,6013,0.21509,0.26695,1.9023,0.38264,89.33,28.918,231.54,126.67
2020-02-08 15:17:37,6014,0.21327,0.26495,3.1519,0.054711,89.319,28.922,251.36,126.33
2020-02-08 15:17:38,6015,0.21534,0.26569,2.0615,0.054711,89.242,28.915,249.24,125.33
2020-02-08 15:17:39,6016,0.21233,0.2643,1.9107,0.054711,89.235,28.92,230.84,126.35
2020-02-08 15:17:40,6017,0.21466,0.26547,2.8173,0.054711,89.061,28.92,225.83,127
2020-02-08 15:17:42,6018,0.21426,0.26261,2.0611,-0.60114,89.363,28.92,225.74,126.33
2020-02-08 15:17:43,6019,0.21551,0.26583,1.8073,0.054711,89.296,28.923,226.06,125.33
2020-02-08 15:17:44,6020,0.21395,0.26541,3.1103,0.054711,89.511,28.919,251.75,125.67
2020-02-08 15:17:45,6021,0.21464,0.26691,2.5838,0.054711,89.199,28.92,221.6,126.67
2020-02-08 15:17:46,6022,0.21455,0.2668,2.8128,0.38264,89.244,28.913,238.8,126.33
2020-02-08 15:17:47,6023,0.21433,0.26676,2.6264,0.054711,89.017,28.911,232.46,126.67
2020-02-08 15:17:48,6024,0.21208,0.26553,2.7037,0.054711,89.136,28.926,228.93,126.35
2020-02-08 15:17:49,6025,0.21602,0.26723,2.584,0.054711,89.23,28.926,240.46,126.33
2020-02-08 15:17:50,6026,0.21409,0.26547,1.9701,0.38264,89.421,28.924,224.77,126
2020-02-08 15:17:51,6027,0.21487,0.26671,1.9222,0.054711,89.254,28.926,206.64,126
2020-02-08 15:17:52,6028,0.21915,0.26257,1.2813,-0.27322,89.385,28.913,220.11,126
2020-02-08 15:17:53,6029,0.21737,0.26723,1.0497,-0.27322,89.401,28.91,214.05,125.33
2020-02-08 15:17:54,6030,0.21435,0.26517,2.6582,0.054711,89.376,28.91,225.98,126.35
2020-02-08 15:17:55,6031,0.21569,0.26824,1.0806,0.054711,89.288,28.91,206.08,125.66
2020-02-08 15:17:56,6032,0.21414,0.26659,2.2514,0.38264,89.429,28.916,234.94,126.35
2020-02-08 15:17:57,6033,0.21433,0.26852,2.4703,0.38264,89.57,28.916,235.3,125.66
2020-02-08 15:17:58,6034,0.21551,0.26711,2.6006,-0.27322,89.382,28.908,222.23,125.67
2020-02-08 15:17:59,6035,0.21192,0.2675,2.9985,0.054711,89.555,28.91,251.69,126.67
2020-02-08 15:18:00,6036,0.21592,0.26776,2.1038,0.38264,89.227,28.913,229.17,126.33
2020-02-08 15:18:01,6037,0.21275,0.26672,2.314,0.38264,89.462,28.915,236.69,126
2020-02-08 15:18:02,6038,0.21347,0.26783,2.6926,0.38264,88.918,28.923,234.11,126
2020-02-08 15:18:04,6039,0.21276,0.26511,2.6877,0.054711,89.518,28.913,221.41,126
2020-02-08 15:18:05,6040,0.21458,0.26845,2.9998,0.38264,89.441,28.919,251.47,125.33
2020-02-08 15:18:06,6041,0.20985,0.26442,2.6484,0.38264,89.516,28.919,231.65,127.03
2020-02-08 15:18:07,6042,0.21083,0.26816,2.5244,0.38264,88.833,28.907,210.16,125.99
2020-02-08 15:18:08,6043,0.2128,0.26434,2.4525,0.054711,89.497,28.912,231.29,125
2020-02-08 15:18:09,6044,0.21343,0.26805,2.682,0.054711,89.497,28.91,233.68,125.67
2020-02-08 15:18:10,6045,0.2148,0.26826,2.7191,0.38264,89.451,28.918,222,125
2020-02-08 15:18:11,6046,0.21444,0.26672,2.4146,0.38264,89.557,28.913,231.41,125.67
2020-02-08 15:18:12,6047,0.21501,0.26764,2.6155,-0.27322,88.838,28.916,236.33,125.33
2020-02-08 15:18:13,6048,0.21473,0.26662,1.865,0.054711,88.891,28.926,224.73,125
2020-02-08 15:18:14,6049,0.2151,0.26837,3.0157,0.054711,88.881,28.913,239.77,126.35
2020-02-08 15:18:15,6050,0.21468,0.2666,3.0093,0.054711,88.856,28.913,244.09,126.33
2020-02-08 15:18:16,6051,0.21487,0.26847,1.2532,0.054711,88.763,28.91,214.23,125.33
2020-02-08 15:18:17,6052,0.21522,0.26578,1.2213,-0.60114,88.908,28.918,206.96,125
2020-02-08 15:18:18,6053,0.2153,0.26812,2.6571,-0.27322,88.888,28.917,229.04,126.35
2020-02-08 15:18:19,6054,0.21583,0.26593,2.6849,0.38264,88.861,28.918,229.02,125.66
2020-02-08 15:18:20,6055,0.21537,0.26937,1.9993,0.054711,88.893,28.916,229.49,125.67
2020-02-08 15:18:21,6056,0.21676,0.26658,2.3951,0.054711,88.668,28.917,214.35,126.67
2020-02-08 15:18:22,6057,0.21622,0.26736,3.0728,0.38264,88.793,28.924,248.3,125.66
2020-02-08 15:18:24,6058,0.21643,0.26784,1.0646,0.38264,88.754,28.924,209.1,125.67
2020-02-08 15:18:25,6059,0.21627,0.26702,2.4016,0.054711,88.877,28.914,247.8,126
2020-02-08 15:18:26,6060,0.21691,0.26877,0.97374,0.38264,88.816,28.913,205.72,126.67
2020-02-08 15:18:27,6061,0.21642,0.26731,2.2746,0.38264,88.724,28.918,215.21,127
2020-02-08 15:18:28,6062,0.2175,0.2687,0.96938,-0.27322,88.784,28.905,207.71,126.33
2020-02-08 15:18:29,6063,0.21713,0.26754,2.3454,0.38264,88.944,28.918,228.1,126
2020-02-08 15:18:30,6064,0.2182,0.26893,2.4921,0.38264,88.957,28.909,204.57,126
2020-02-08 15:18:31,6065,0.21904,0.26904,2.5576,0.054711,88.822,28.914,229.09,125.33
2020-02-08 15:18:32,6066,0.21607,0.26831,2.3425,0.054711,88.722,28.914,216.48,125.67
2020-02-08 15:18:33,6067,0.21751,0.26753,2.5767,0.054711,88.892,28.92,230.91,126.67
2020-02-08 15:18:34,6068,0.21759,0.2676,3.0675,0.054711,88.919,28.919,229.28,126.33
2020-02-08 15:18:35,6069,0.21648,0.2674,2.6921,-0.27322,88.84,28.913,221.11,126
2020-02-08 15:18:36,6070,0.21823,0.26814,2.2987,-0.27322,88.864,28.927,230.88,126
2020-02-08 15:18:37,6071,0.21709,0.26697,2.6239,0.054711,88.85,28.907,227.81,127.35
2020-02-08 15:18:38,6072,0.21832,0.26871,2.7369,0.71057,88.947,28.915,228.72,126.66
2020-02-08 15:18:39,6073,0.21903,0.26799,2.7705,0.71057,88.804,28.915,215.32,126
2020-02-08 15:18:40,6074,0.21902,0.2681,2.0192,0.71057,88.845,28.919,218.65,126.67
2020-02-08 15:18:41,6075,0.21835,0.27021,2.9891,0.38264,88.866,28.913,219.15,126.33
2020-02-08 15:18:42,6076,0.2191,0.26879,1.5354,-0.60114,89.136,28.916,223.54,127.35
2020-02-08 15:18:43,6077,0.21721,0.27016,2.904,0.38264,89.063,28.924,218.74,126.66
2020-02-08 15:18:44,6078,0.2169,0.26771,2.3035,0.38264,88.549,28.917,227.37,125.33
2020-02-08 15:18:45,6079,0.21763,0.27015,2.6711,0.054711,88.62,28.92,230.09,126.35
2020-02-08 15:18:47,6080,0.2162,0.2663,3.0647,0.054711,89.196,28.917,252.28,126.33
2020-02-08 15:18:48,6081,0.21786,0.26884,2.7997,0.054711,88.81,28.917,229.63,126.67
2020-02-08 15:18:49,6082,0.21785,0.26714,2.5948,-0.27322,88.988,28.928,232.48,127.67
2020-02-08 15:18:50,6083,0.21868,0.26778,2.629,0.054711,88.797,28.925,230.65,126.66
2020-02-08 15:18:51,6084,0.21909,0.26754,2.7522,0.054711,88.795,28.916,227.22,126.67
2020-02-08 15:18:52,6085,0.21911,0.26871,2.7751,0.38264,89.263,28.924,241.97,127
2020-02-08 15:18:53,6086,0.21945,0.2692,2.4469,0.054711,88.756,28.926,233.07,127
2020-02-08 15:18:54,6087,0.21785,0.27023,2.5928,0.054711,88.938,28.925,229.75,127.67
2020-02-08 15:18:55,6088,0.21825,0.26835,2.5268,0.38264,89.262,28.921,243.74,128
2020-02-08 15:18:56,6089,0.21826,0.26915,2.5547,0.054711,89.354,28.93,236.33,127.33
2020-02-08 15:18:57,6090,0.2165,0.26783,2.4402,-0.27322,89.173,28.926,202.19,127
2020-02-08 15:18:58,6091,0.21829,0.26913,0.97965,0.054711,89.375,28.929,212.09,127
2020-02-08 15:18:59,6092,0.21757,0.26795,2.9513,0.38264,89.333,28.929,248.65,126.33
2020-02-08 15:19:00,6093,0.2192,0.26961,2.2303,0.38264,89.372,28.929,208.08,127.35
2020-02-08 15:19:01,6094,0.21869,0.26663,1.8974,0.054711,89.367,28.921,216.91,127.33
2020-02-08 15:19:02,6095,0.21957,0.26927,2.2185,0.054711,89.311,28.922,203.88,127
2020-02-08 15:19:03,6096,0.21839,0.26925,2.1134,0.054711,89.293,28.921,222.81,126.33
2020-02-08 15:19:04,6097,0.21935,0.26997,2.1675,-0.27322,89.224,28.919,228.41,126.67
2020-02-08 15:19:05,6098,0.21804,0.27021,2.2963,0.38264,89.403,28.919,236.7,126.33
2020-02-08 15:19:06,6099,0.2188,0.26902,2.503,-0.27322,89.369,28.921,244.94,126.67
2020-02-08 15:19:07,6100,0.21909,0.2696,2.7566,0.38264,89.213,28.92,231.94,126.33
2020-02-08 15:19:08,6101,0.21718,0.26817,1.1139,0.38264,89.642,28.92,215.47,126
2020-02-08 15:19:10,6102,0.21945,0.26919,2.9424,0.054711,89.506,28.923,204.99,126.67
2020-02-08 15:19:11,6103,0.21801,0.26759,1.0893,0.054711,89.411,28.912,215.36,126.33
2020-02-08 15:19:12,6104,0.22004,0.26948,1.8527,0.054711,89.453,28.923,225.03,126.67
2020-02-08 15:19:13,6105,0.21887,0.26752,3.107,0.054711,89.028,28.916,241.08,127.67
2020-02-08 15:19:14,6106,0.22037,0.2697,2.4098,0.054711,89.387,28.911,222.98,127.33
2020-02-08 15:19:15,6107,0.2198,0.26995,2.7113,0.38264,89.353,28.919,229.76,126.67
2020-02-08 15:19:16,6108,0.21943,0.27031,2.6382,0.38264,89.428,28.919,234.2,127
2020-02-08 15:19:17,6109,0.21758,0.26809,1.9351,0.054711,89.451,28.918,225.04,127
2020-02-08 15:19:18,6110,0.21999,0.2698,2.1012,0.054711,89.529,28.915,229.02,126.33
2020-02-08 15:19:19,6111,0.21763,0.26786,2.8325,0.38264,89.156,28.921,237.31,126.67
2020-02-08 15:19:20,6112,0.22015,0.26917,3.1862,0.054711,89.678,28.918,242.74,127
2020-02-08 15:19:21,6113,0.2196,0.26756,2.4771,0.054711,89.667,28.923,215.65,127
2020-02-08 15:19:22,6114,0.22119,0.26945,2.4991,-0.27322,89.302,28.918,229.95,127
2020-02-08 15:19:23,6115,0.21963,0.2697,1.2788,-0.27322,89.043,28.918,216.23,127.67
2020-02-08 15:19:24,6116,0.22062,0.27025,1.9934,-0.27322,89.426,28.913,225.54,128
2020-02-08 15:19:25,6117,0.21978,0.27039,2.8167,0.054711,88.819,28.919,207.61,126.66
2020-02-08 15:19:26,6118,0.21819,0.26927,2.6295,0.054711,89.599,28.927,233.06,126.67
2020-02-08 15:19:27,6119,0.22016,0.26991,1.0544,0.38264,89.512,28.926,205.85,127
2020-02-08 15:19:28,6120,0.21655,0.26778,2.8885,0.054711,89.148,28.928,211.33,127
2020-02-08 15:19:29,6121,0.21999,0.26956,2.6191,0.054711,88.739,28.92,222.83,127
2020-02-08 15:19:31,6122,0.21829,0.26798,2.7679,0.054711,88.9,28.92,229.66,127
2020-02-08 15:19:32,6123,0.2201,0.27018,2.589,0.054711,89.398,28.934,226,127.67
2020-02-08 15:19:33,6124,0.21895,0.26839,2.8103,0.054711,88.983,28.925,232.81,127.33
2020-02-08 15:19:34,6125,0.22052,0.27054,2.7592,0.054711,88.837,28.926,230.55,127
2020-02-08 15:19:35,6126,0.21959,0.2709,2.9986,-0.27322,89.007,28.929,237.06,127
2020-02-08 15:19:36,6127,0.2194,0.27002,2.5604,0.054711,88.83,28.931,232.73,127.67
2020-02-08 15:19:37,6128,0.21744,0.26898,2.7549,0.38264,88.847,28.939,221.53,127.67
2020-02-08 15:19:38,6129,0.22048,0.27006,2.7711,0.054711,88.938,28.94,250.14,128
2020-02-08 15:19:39,6130,0.21909,0.26756,2.8037,0.054711,88.944,28.94,230.39,127.33
2020-02-08 15:19:40,6131,0.22023,0.2703,2.4064,0.38264,88.864,28.934,233.01,127
2020-02-08 15:19:41,6132,0.21943,0.2699,0.9264,0.38264,88.885,28.943,205.82,127
2020-02-08 15:19:42,6133,0.21941,0.27048,2.8614,0.38264,88.746,28.94,247,126.33
2020-02-08 15:19:43,6134,0.21853,0.27107,2.4215,0.054711,88.81,28.937,231.78,126.67
2020-02-08 15:19:44,6135,0.21838,0.26906,2.5346,0.054711,88.827,28.937,227.97,127
2020-02-08 15:19:45,6136,0.22037,0.27093,2.6936,0.38264,88.837,28.931,223.92,127
2020-02-08 15:19:46,6137,0.21677,0.26758,2.4878,0.054711,88.906,28.934,225.49,127
2020-02-08 15:19:47,6138,0.22065,0.26961,2.2893,0.054711,88.868,28.934,231.4,127
2020-02-08 15:19:48,6139,0.21711,0.26754,2.1626,0.054711,88.71,28.944,225.66,127
2020-02-08 15:19:49,6140,0.21973,0.2692,1.0045,0.054711,88.823,28.935,207.89,127
2020-02-08 15:19:50,6141,0.2196,0.26706,2.972,0.054711,88.917,28.932,227.34,127
2020-02-08 15:19:51,6142,0.22023,0.26875,2.2707,0.054711,88.779,28.938,232.19,126.33
2020-02-08 15:19:52,6143,0.21938,0.27066,3.0755,0.38264,89.173,28.939,241.76,126.67
2020-02-08 15:19:53,6144,0.21956,0.26933,2.7295,-0.27322,88.75,28.942,229.65,127.67
2020-02-08 15:19:54,6145,0.22072,0.2707,2.7325,0.054711,89.298,28.943,228.97,126.66
2020-02-08 15:19:56,6146,0.21732,0.26864,2.6846,0.054711,89.329,28.943,229.65,126.67
2020-02-08 15:19:57,6147,0.22032,0.2693,2.4569,0.054711,88.998,28.948,232.75,126.33
2020-02-08 15:19:58,6148,0.21817,0.26777,2.6932,0.054711,89.242,28.945,229.22,127.35
2020-02-08 15:19:59,6149,0.21952,0.269,2.4787,-0.27322,89.32,28.953,237.91,126.66
2020-02-08 15:20:00,6150,0.22017,0.26709,0.94411,-0.27322,89.246,28.949,205.65,126.67
2020-02-08 15:20:01,6151,0.21906,0.26862,1.0293,0.38264,89.45,28.958,205.23,127
2020-02-08 15:20:02,6152,0.21913,0.27014,2.0871,0.38264,89.208,28.958,233.49,127
2020-02-08 15:20:03,6153,0.21997,0.26809,1.1478,0.38264,89.407,28.958,209.31,127.67
2020-02-08 15:20:04,6154,0.21568,0.26804,2.67,0.054711,89.289,28.964,236.74,127.33
2020-02-08 15:20:05,6155,0.21794,0.26895,1.872,0.38264,89.374,28.962,233.45,127.67
2020-02-08 15:20:06,6156,0.21728,0.26602,1.8166,0.054711,89.222,28.967,225.68,127.33
2020-02-08 15:20:07,6157,0.21868,0.26834,2.5838,0.054711,89.128,28.976,227.68,126.33
2020-02-08 15:20:08,6158,0.21863,0.26808,2.4032,0.054711,89.323,28.969,240.3,126.67
2020-02-08 15:20:09,6159,0.21912,0.26888,2.48,-0.27322,89.434,28.953,222.08,127
2020-02-08 15:20:10,6160,0.22005,0.26899,1.0798,0.054711,89.46,28.966,207.24,127
2020-02-08 15:20:11,6161,0.21532,0.26787,2.7915,-0.60114,89.399,28.965,223.93,127
2020-02-08 15:20:12,6162,0.21851,0.26883,2.0771,0.054711,89.356,28.966,217.64,127
2020-02-08 15:20:13,6163,0.2173,0.26652,2.3416,0.054711,89.401,28.966,232.37,127
2020-02-08 15:20:14,6164,0.21751,0.26842,2.4365,0.054711,89.498,28.965,229,127
2020-02-08 15:20:15,6165,0.21837,0.26646,2.4612,-0.27322,89.355,28.957,234.02,127
2020-02-08 15:20:16,6166,0.21821,0.26863,2.3796,0.054711,89.573,28.966,216.4,127
2020-02-08 15:20:17,6167,0.21861,0.26827,1.0226,0.71057,89.454,28.965,205,127
2020-02-08 15:20:19,6168,0.21682,0.26942,2.4997,0.054711,89.356,28.967,238.97,126.33
2020-02-08 15:20:20,6169,0.21858,0.26744,2.6418,0.054711,89.364,28.967,217.02,126.67
2020-02-08 15:20:21,6170,0.21592,0.26832,2.6867,-0.27322,89.116,28.96,227.85,126.33
2020-02-08 15:20:22,6171,0.21681,0.2681,2.8866,0.71057,89.052,28.965,243.54,126.67
2020-02-08 15:20:23,6172,0.21698,0.26525,1.8377,0.38264,89.534,28.957,225.84,127
2020-02-08 15:20:24,6173,0.21785,0.26858,2.7309,0.054711,89.022,28.959,251.22,127
2020-02-08 15:20:25,6174,0.21714,0.26849,2.4465,-0.27322,89.317,28.954,232.69,126.33
2020-02-08 15:20:26,6175,0.21901,0.26984,1.9577,0.054711,88.874,28.966,231.26,127.35
2020-02-08 15:20:27,6176,0.21589,0.26883,2.0543,0.38264,88.844,28.962,223.07,126.66
2020-02-08 15:20:28,6177,0.2166,0.26737,1.8719,0.38264,89.426,28.963,206.47,126.67
2020-02-08 15:20:29,6178,0.21612,0.26565,1.7142,0.38264,89.442,28.963,206.88,127
2020-02-08 15:20:30,6179,0.21633,0.26812,2.5292,0.054711,89.591,28.965,219.51,126.33
2020-02-08 15:20:31,6180,0.21787,0.26721,2.64,0.054711,88.795,28.964,228.49,126.67
2020-02-08 15:20:32,6181,0.21724,0.26839,1.2228,0.38264,89.207,28.963,215.84,127
2020-02-08 15:20:33,6182,0.21831,0.26912,2.6564,0.054711,88.832,28.96,217.88,127
2020-02-08 15:20:34,6183,0.21712,0.27124,2.7743,0.054711,88.778,28.972,238.16,127
2020-02-08 15:20:35,6184,0.21763,0.26706,2.1887,0.054711,88.833,28.961,233.59,127
2020-02-08 15:20:36,6185,0.21586,0.26783,2.7253,0.38264,88.812,28.956,236.52,127
2020-02-08 15:20:37,6186,0.21693,0.26872,2.3973,0.38264,88.857,28.956,218.97,126.33
2020-02-08 15:20:38,6187,0.2177,0.26747,1.5864,0.38264,88.811,28.97,222.48,126.67
2020-02-08 15:20:39,6188,0.21789,0.26748,1.5981,0.054711,89.032,28.95,217.13,126.33
2020-02-08 15:20:40,6189,0.21859,0.26841,2.1986,0.38264,88.924,28.958,224.35,126.67
2020-02-08 15:20:42,6190,0.21746,0.26969,2.9295,0.38264,88.974,28.964,239.53,127
2020-02-08 15:20:43,6191,0.21997,0.26911,1.1261,-0.27322,88.956,28.955,222.22,127
2020-02-08 15:20:44,6192,0.21712,0.26691,1.8587,-0.27322,88.932,28.955,214.79,126.33
2020-02-08 15:20:45,6193,0.21812,0.26845,2.0001,-0.27322,88.772,28.955,230.32,127.35
2020-02-08 15:20:46,6194,0.21947,0.26768,2.7456,0.38264,89.033,28.949,223.3,127.33
2020-02-08 15:20:47,6195,0.21979,0.26637,1.9832,0.054711,88.923,28.952,233.52,127
2020-02-08 15:20:48,6196,0.219,0.27026,1.8367,0.054711,89.067,28.947,212.64,127
2020-02-08 15:20:49,6197,0.21973,0.26864,2.5979,0.054711,88.983,28.944,227.62,127
2020-02-08 15:20:50,6198,0.21841,0.2685,2.9278,0.054711,88.857,28.947,240.17,126.33
2020-02-08 15:20:51,6199,0.21711,0.26613,1.656,0.71057,88.99,28.951,229.52,127.35
2020-02-08 15:20:52,6200,0.2186,0.26756,2.6479,0.38264,88.948,28.948,226.3,126.66
2020-02-08 15:20:53,6201,0.21821,0.26541,2.568,-0.27322,88.796,28.951,218.83,126.67
2020-02-08 15:20:54,6202,0.21657,0.26645,2.2946,-0.27322,88.986,28.951,246.41,127
2020-02-08 15:20:55,6203,0.21579,0.26439,1.7415,0.054711,89.041,28.95,222.9,126.33
2020-02-08 15:20:56,6204,0.21748,0.2671,2.7714,0.38264,88.913,28.95,231.09,126
2020-02-08 15:20:57,6205,0.21798,0.26743,2.2729,0.054711,88.993,28.944,229.04,126
2020-02-08 15:20:58,6206,0.21863,0.26772,2.3448,0.054711,88.873,28.948,229.43,126.67
2020-02-08 15:20:59,6207,0.21765,0.26849,2.7766,0.054711,88.858,28.952,236.96,126.33
2020-02-08 15:21:00,6208,0.2192,0.26873,2.5323,-0.27322,89.011,28.958,234.99,125.33
2020-02-08 15:21:01,6209,0.21786,0.26827,2.3693,0.054711,88.623,28.956,231.28,125.67
2020-02-08 15:21:02,6210,0.21916,0.26667,2.9914,0.054711,88.644,28.953,251.24,125.33
2020-02-08 15:21:03,6211,0.2176,0.2679,2.6921,0.054711,88.936,28.953,223.56,125.67
2020-02-08 15:21:04,6212,0.21654,0.26518,2.3918,0.054711,88.952,28.958,222.59,126.67
2020-02-08 15:21:06,6213,0.21925,0.26809,1.8157,-0.60114,88.872,28.958,219.65,126.33
2020-02-08 15:21:07,6214,0.21893,0.26592,1.8993,0.38264,88.764,28.959,231.62,126
2020-02-08 15:21:08,6215,0.22024,0.26752,1.9152,0.054711,88.87,28.959,243.98,126
2020-02-08 15:21:09,6216,0.21844,0.26733,1.8737,0.054711,88.695,28.965,227.21,126
2020-02-08 15:21:10,6217,0.21921,0.26775,2.4453,0.054711,88.916,28.951,215.64,126.67
2020-02-08 15:21:11,6218,0.21828,0.26941,2.2422,0.054711,88.859,28.955,241.91,126.33
2020-02-08 15:21:12,6219,0.21884,0.26811,2.7012,0.054711,88.817,28.955,225.23,127.33
2020-02-08 15:21:13,6220,0.21845,0.26598,2.117,-0.27322,88.98,28.957,226.34,127
2020-02-08 15:21:14,6221,0.22054,0.2668,2.2128,0.38264,88.885,28.96,226.12,127
2020-02-08 15:21:15,6222,0.22001,0.26727,2.4902,0.38264,88.875,28.953,205.95,126.33
2020-02-08 15:21:16,6223,0.22016,0.26876,2.5534,0.38264,89.105,28.948,225.55,126
2020-02-08 15:21:17,6224,0.21878,0.26957,2.7835,0.054711,88.776,28.95,220.05,126.67
2020-02-08 15:21:18,6225,0.21784,0.26634,2.5538,0.38264,89.043,28.945,220.67,127
2020-02-08 15:21:19,6226,0.2193,0.26785,2.1552,0.054711,89.285,28.95,227.75,126.33
2020-02-08 15:21:20,6227,0.2178,0.2658,2.7885,0.054711,88.807,28.95,226.82,127.35
2020-02-08 15:21:21,6228,0.22014,0.26697,2.4861,0.054711,88.666,28.961,221.41,126.66
2020-02-08 15:21:22,6229,0.21923,0.26619,2.6331,0.38264,88.848,28.948,237.4,126.67
2020-02-08 15:21:23,6230,0.22002,0.26841,2.8297,0.054711,88.792,28.954,231.47,127
2020-02-08 15:21:24,6231,0.21881,0.26921,2.5358,0.054711,89.319,28.95,227.67,127
2020-02-08 15:21:25,6232,0.21701,0.26561,2.4626,-0.27322,89.469,28.952,222.61,127
2020-02-08 15:21:26,6233,0.21923,0.26777,2.6097,-0.27322,89.305,28.949,222.24,127
2020-02-08 15:21:27,6234,0.21658,0.26597,2.6239,-0.27322,88.863,28.949,224.94,127
2020-02-08 15:21:29,6235,0.21954,0.26726,2.0279,0.054711,89.242,28.947,238.82,127
2020-02-08 15:21:30,6236,0.21867,0.26512,1.8935,0.054711,88.856,28.948,214.7,126.33
2020-02-08 15:21:31,6237,0.21947,0.26661,1.8834,0.054711,88.818,28.954,223.18,126.67
2020-02-08 15:21:32,6238,0.21843,0.26949,2.05,0.38264,89.265,28.95,223.84,127
2020-02-08 15:21:33,6239,0.21854,0.26691,2.4039,0.38264,89.43,28.948,240.51,127.67
2020-02-08 15:21:34,6240,0.21936,0.26551,2.6707,0.38264,88.731,28.953,227.62,127.67
2020-02-08 15:21:35,6241,0.21915,0.26825,2.19,0.38264,88.75,28.944,252.09,128
2020-02-08 15:21:36,6242,0.21909,0.26521,1.836,-0.27322,89.35,28.963,228.49,126.66
2020-02-08 15:21:37,6243,0.21947,0.26709,1.8669,-0.27322,89.3,28.963,233.05,126
2020-02-08 15:21:38,6244,0.21821,0.26829,2.8287,0.054711,89.177,28.943,244.23,128.03
2020-02-08 15:21:39,6245,0.21889,0.26864,2.0615,0.054711,89.402,28.943,247.31,127.66
2020-02-08 15:21:40,6246,0.21857,0.26809,2.8699,0.054711,89.243,28.948,245.48,127
2020-02-08 15:21:41,6247,0.21562,0.26551,2.5835,0.054711,89.249,28.941,229.57,127.67
2020-02-08 15:21:42,6248,0.21902,0.26808,1.9789,0.054711,89.401,28.945,234.83,127.33
2020-02-08 15:21:43,6249,0.21887,0.26441,1.033,0.38264,89.327,28.947,212.15,127
2020-02-08 15:21:44,6250,0.22043,0.26732,2.4767,0.71057,89.505,28.945,228.74,127
2020-02-08 15:21:45,6251,0.21856,0.26832,1.9817,0.71057,89.364,28.945,229.59,127
2020-02-08 15:21:46,6252,0.21911,0.26816,2.157,0.054711,89.244,28.935,225.84,126.33
2020-02-08 15:21:47,6253,0.21955,0.26832,2.4198,0.054711,89.329,28.941,240.02,126.67
2020-02-08 15:21:48,6254,0.21626,0.26637,2.3127,0.38264,89.28,28.938,224.23,127.67
2020-02-08 15:21:49,6255,0.21822,0.26805,2.9859,0.054711,89.374,28.94,246.39,126.66
2020-02-08 15:21:51,6256,0.2178,0.265,2.9891,0.38264,89.339,28.929,248.11,126.67
2020-02-08 15:21:52,6257,0.21927,0.2673,2.7069,0.71057,89.42,28.93,247.59,127
2020-02-08 15:21:53,6258,0.21706,0.26939,2.8029,0.38264,89.416,28.924,227.38,127
2020-02-08 15:21:54,6259,0.21593,0.26626,2.4324,0.054711,89.298,28.939,216.22,127
2020-02-08 15:21:55,6260,0.21791,0.26715,2.4437,0.054711,89.296,28.939,229.9,127
2020-02-08 15:21:56,6261,0.21405,0.26529,2.2949,0.38264,89.266,28.941,224.71,127
2020-02-08 15:21:57,6262,0.21727,0.26729,0.98383,0.054711,89.315,28.931,211.17,127
2020-02-08 15:21:58,6263,0.21755,0.26643,2.8293,0.054711,89.391,28.933,219.43,127
2020-02-08 15:21:59,6264,0.21654,0.26806,1.5993,0.054711,89.309,28.946,224.68,127
2020-02-08 15:22:00,6265,0.21672,0.26708,2.7858,0.054711,89.346,28.938,224.82,126.33
2020-02-08 15:22:01,6266,0.21809,0.26854,1.6996,0.38264,89.263,28.938,221.58,127.35
2020-02-08 15:22:02,6267,0.21412,0.26511,1.2143,0.38264,89.468,28.938,209.59,127.33
2020-02-08 15:22:03,6268,0.21769,0.26743,2.3455,0.38264,89.593,28.936,248.58,127
2020-02-08 15:22:04,6269,0.21696,0.26467,2.8335,0.71057,89.367,28.933,230.97,126.33
2020-02-08 15:22:05,6270,0.218,0.26697,1.7457,0.054711,89.225,28.939,215.31,127.35
2020-02-08 15:22:06,6271,0.2173,0.26794,1.893,0.054711,89.305,28.941,229.82,127.33
2020-02-08 15:22:07,6272,0.21702,0.26847,2.9901,-0.27322,89.306,28.937,245.88,127
2020-02-08 15:22:08,6273,0.21824,0.26829,1.8792,0.38264,89.453,28.935,231.72,127
2020-02-08 15:22:09,6274,0.21379,0.26493,1.7185,0.38264,89.274,28.935,218.57,127
2020-02-08 15:22:10,6275,0.21735,0.26695,2.0802,0.38264,89.507,28.951,245.58,127
2020-02-08 15:22:11,6276,0.21718,0.26387,1.9904,-0.27322,89.34,28.936,224.65,127
2020-02-08 15:22:12,6277,0.21771,0.26736,1.7027,0.054711,89.348,28.942,214.47,126.33
2020-02-08 15:22:13,6278,0.21723,0.26789,2.8679,0.054711,89.45,28.941,240.28,127.35
2020-02-08 15:22:14,6279,0.21779,0.26862,2.6831,0.054711,89.531,28.933,233.98,128
2020-02-08 15:22:16,6280,0.21825,0.26679,2.2906,0.054711,89.501,28.95,227.94,127.33
2020-02-08 15:22:17,6281,0.21453,0.2661,2.7212,0.38264,89.363,28.93,235.17,127
2020-02-08 15:22:18,6282,0.21764,0.26733,2.2744,0.38264,89.563,28.939,238.04,127
2020-02-08 15:22:19,6283,0.21777,0.265,2.166,0.38264,89.647,28.939,221.68,127
2020-02-08 15:22:20,6284,0.21837,0.26827,2.075,0.054711,89.525,28.926,228.01,127
2020-02-08 15:22:21,6285,0.21766,0.26709,2.4059,-0.27322,89.32,28.943,228.49,127
2020-02-08 15:22:22,6286,0.21806,0.26616,2.3774,0.054711,88.817,28.938,238.44,126.33
2020-02-08 15:22:23,6287,0.21574,0.26693,1.8823,0.38264,89.322,28.936,222.46,127.35
2020-02-08 15:22:24,6288,0.21662,0.26743,2.4539,0.054711,89.023,28.93,232.23,127.33
2020-02-08 15:22:25,6289,0.2175,0.26441,2.7107,0.054711,88.731,28.944,233.86,127
2020-02-08 15:22:26,6290,0.21833,0.2685,2.6703,0.054711,89.074,28.94,234.58,127.67
2020-02-08 15:22:27,6291,0.21863,0.26788,2.9651,0.054711,89.372,28.94,206.21,128
2020-02-08 15:22:28,6292,0.21602,0.26771,2.7144,0.054711,88.851,28.946,238.53,127.33
2020-02-08 15:22:29,6293,0.2188,0.26695,1.8722,0.054711,89.454,28.958,230.67,127
2020-02-08 15:22:30,6294,0.21676,0.26517,2.687,0.054711,89.355,28.956,228.63,127.67
2020-02-08 15:22:31,6295,0.21858,0.26688,2.5368,-0.27322,88.881,28.939,221.23,127.33
2020-02-08 15:22:32,6296,0.21902,0.26728,2.6616,0.38264,88.866,28.952,217.46,127
2020-02-08 15:22:33,6297,0.21744,0.26815,2.5754,0.38264,89.131,28.952,225.38,127
2020-02-08 15:22:34,6298,0.21977,0.26908,2.7176,0.054711,89.072,28.959,234.69,127.67
2020-02-08 15:22:35,6299,0.21576,0.2662,2.6078,-0.27322,88.872,28.958,234.57,127.33
2020-02-08 15:22:36,6300,0.21727,0.26722,2.6188,0.054711,88.911,28.955,227.22,127
2020-02-08 15:22:37,6301,0.21835,0.26495,2.8517,0.054711,89.022,28.966,204.06,127.67
2020-02-08 15:22:38,6302,0.21807,0.26712,0.85528,0.054711,88.814,28.966,217.08,127.33
2020-02-08 15:22:40,6303,0.21861,0.26869,1.9464,0.054711,89.305,28.978,227.64,127
2020-02-08 15:22:41,6304,0.21707,0.26768,2.4943,0.054711,88.916,28.977,231.34,127
2020-02-08 15:22:42,6305,0.21805,0.26761,2.4354,0.054711,88.932,28.971,227.15,127
2020-02-08 15:22:43,6306,0.21562,0.26694,2.1966,0.054711,88.796,28.971,215.15,127
2020-02-08 15:22:44,6307,0.21586,0.26549,2.9034,0.054711,88.886,28.983,235.22,127
2020-02-08 15:22:45,6308,0.2167,0.26619,3.0004,0.054711,88.95,28.968,240.94,126.67
2020-02-08 15:22:46,6309,0.21739,0.26639,2.0289,0.054711,88.991,28.979,225.37,127
2020-02-08 15:22:47,6310,0.21743,0.26687,2.0486,0.054711,88.985,28.971,227.26,126.33
2020-02-08 15:22:48,6311,0.21763,0.26665,1.946,0.054711,88.913,28.975,229.22,126.67
2020-02-08 15:22:49,6312,0.21674,0.26936,2.8882,0.71057,88.851,28.97,226.25,127
2020-02-08 15:22:50,6313,0.2178,0.26601,2.7758,0.71057,88.987,28.97,223.95,127
2020-02-08 15:22:51,6314,0.21552,0.26614,2.6134,0.054711,88.998,28.97,228.76,127
2020-02-08 15:22:52,6315,0.21637,0.26682,1.7926,0.054711,89.056,28.973,234.87,127.67
2020-02-08 15:22:53,6316,0.2178,0.2665,2.0559,0.054711,88.873,28.968,243.84,127.33
2020-02-08 15:22:54,6317,0.21818,0.26519,2.4128,0.054711,88.958,28.976,230.35,127
2020-02-08 15:22:55,6318,0.2192,0.26877,2.9035,0.38264,88.838,28.964,235.13,126.33
2020-02-08 15:22:56,6319,0.21701,0.26914,2.492,-0.27322,88.817,28.978,245.49,126.67
2020-02-08 15:22:57,6320,0.2181,0.26719,2.5983,-0.27322,88.905,28.978,234.73,127.67
2020-02-08 15:22:58,6321,0.2172,0.26668,2.5542,0.38264,88.858,28.969,215.7,128
2020-02-08 15:22:59,6322,0.21631,0.26531,2.481,0.38264,88.801,28.974,234.14,127.33
2020-02-08 15:23:00,6323,0.21916,0.26742,2.5655,0.38264,88.685,28.976,224.94,127
2020-02-08 15:23:02,6324,0.21905,0.26743,1.2664,0.38264,88.822,28.978,204.75,127
2020-02-08 15:23:03,6325,0.21943,0.26942,3.1287,0.054711,89.188,28.965,237.93,127
2020-02-08 15:23:04,6326,0.2178,0.26892,2.8701,0.71057,88.796,28.972,223.65,127.67
2020-02-08 15:23:05,6327,0.21601,0.26528,2.5788,0.38264,88.803,28.973,227.2,127.33
2020-02-08 15:23:06,6328,0.21801,0.26755,1.9515,0.38264,89.33,28.973,218.86,127.67
2020-02-08 15:23:07,6329,0.21879,0.26593,2.9363,0.054711,88.939,28.972,215.26,127.33
2020-02-08 15:23:08,6330,0.21792,0.27,2.6709,0.054711,88.825,28.972,227.18,127
2020-02-08 15:23:09,6331,0.21793,0.26744,2.8737,0.054711,89.204,28.973,206.15,127
2020-02-08 15:23:10,6332,0.2171,0.26807,1.795,0.054711,89.307,28.983,226.07,127
2020-02-08 15:23:11,6333,0.21607,0.26595,2.8362,0.38264,89.329,28.97,205.02,127
2020-02-08 15:23:12,6334,0.21793,0.26722,2.8151,0.38264,89.163,28.976,210.87,127
2020-02-08 15:23:13,6335,0.21788,0.26608,2.8164,-0.92907,89.415,28.978,242.8,127
2020-02-08 15:23:14,6336,0.21745,0.26707,2.5037,0.38264,89.448,28.981,225.47,127
2020-02-08 15:23:15,6337,0.21662,0.26863,2.8234,0.054711,89.545,28.987,247.98,127
2020-02-08 15:23:16,6338,0.21779,0.26816,2.6965,0.054711,89.504,28.987,227.12,127
2020-02-08 15:23:17,6339,0.21648,0.26824,2.7153,0.054711,89.308,28.971,228.75,127
2020-02-08 15:23:18,6340,0.21572,0.26594,2.7061,0.71057,89.509,28.973,230.24,127.67
2020-02-08 15:23:19,6341,0.21749,0.2684,2.4474,0.38264,89.409,28.977,214.17,127.33
2020-02-08 15:23:20,6342,0.21711,0.26538,1.8431,-0.27322,89.261,28.982,234.36,127.67
2020-02-08 15:23:21,6343,0.21857,0.26851,2.619,0.054711,89.368,28.979,224.9,126.66
2020-02-08 15:23:22,6344,0.21687,0.26916,0.89356,-0.27322,89.284,28.987,206.57,126.67
2020-02-08 15:23:24,6345,0.21793,0.26952,3.0505,-0.27322,89.386,28.987,240,127
2020-02-08 15:23:25,6346,0.21718,0.26877,2.3546,-0.27322,89.331,28.985,228.67,127
2020-02-08 15:23:26,6347,0.21442,0.26555,2.5719,0.054711,89.554,28.982,238.89,127
2020-02-08 15:23:27,6348,0.21773,0.2682,2.8633,0.38264,89.506,28.985,250.37,127.67
2020-02-08 15:23:28,6349,0.21754,0.26542,1.2734,0.054711,89.389,28.975,214.53,128
2020-02-08 15:23:29,6350,0.21929,0.26974,2.9323,-0.27322,89.348,28.976,248.37,127.33
2020-02-08 15:23:30,6351,0.21655,0.26777,2.5589,0.054711,89.288,28.978,221.44,127.35
2020-02-08 15:23:31,6352,0.21793,0.27003,2.6911,0.054711,89.367,28.978,222.8,127.33
2020-02-08 15:23:32,6353,0.21681,0.26561,2.3973,0.38264,89.368,28.985,227.05,127
2020-02-08 15:23:33,6354,0.2191,0.26859,2.5348,0.054711,89.274,28.971,211.98,127.67
2020-02-08 15:23:34,6355,0.21714,0.27003,2.7494,0.054711,89.272,28.982,249.29,127.33
2020-02-08 15:23:35,6356,0.21694,0.26918,2.8159,0.38264,89.419,28.973,237.57,127
2020-02-08 15:23:36,6357,0.21643,0.26955,2.568,0.38264,89.417,28.982,229.12,127
2020-02-08 15:23:37,6358,0.21375,0.26682,1.0205,0.054711,89.401,28.975,214.96,127.67
2020-02-08 15:23:38,6359,0.21688,0.26872,2.5077,0.38264,89.359,28.976,229.57,127.33
2020-02-08 15:23:39,6360,0.21697,0.26718,0.90846,0.38264,89.378,28.976,204.48,127
2020-02-08 15:23:40,6361,0.21731,0.26878,2.4859,0.38264,89.436,28.97,222.29,127
2020-02-08 15:23:41,6362,0.21649,0.27145,1.6187,0.38264,89.44,28.977,216.62,127
2020-02-08 15:23:42,6363,0.21534,0.26842,2.4873,0.054711,89.498,28.971,231.91,127
2020-02-08 15:23:44,6364,0.2164,0.26896,2.5896,0.054711,89.541,28.972,249.43,127
2020-02-08 15:23:45,6365,0.21432,0.267,2.6566,0.054711,89.384,28.98,224.25,126.33
2020-02-08 15:23:46,6366,0.21639,0.26839,2.2484,0.38264,89.563,28.978,206.65,126.67
2020-02-08 15:23:47,6367,0.216,0.26678,2.297,0.054711,89.599,28.972,232.97,127
2020-02-08 15:23:48,6368,0.21577,0.27076,2.6729,0.054711,88.823,28.972,229.11,127.33
2020-02-08 15:23:49,6369,0.21641,0.26904,2.5144,0.054711,89.367,28.97,233.93,127
2020-02-08 15:23:50,6370,0.2171,0.2701,2.2111,0.054711,89.522,28.966,209.52,127
2020-02-08 15:23:51,6371,0.2129,0.26575,1.9217,0.38264,89.375,28.977,211.04,127.67
2020-02-08 15:23:52,6372,0.2172,0.27067,2.1057,0.054711,89.502,28.967,231.23,126.66
2020-02-08 15:23:53,6373,0.21718,0.26616,2.0505,0.38264,89.527,28.966,229.27,127.35
2020-02-08 15:23:54,6374,0.21824,0.26916,2.363,0.054711,89.528,28.975,245.5,127.33
2020-02-08 15:23:55,6375,0.21719,0.27061,2.6321,0.054711,88.857,28.974,228.96,127
2020-02-08 15:23:56,6376,0.21697,0.26888,2.438,0.054711,89.34,28.974,235.25,127
2020-02-08 15:23:57,6377,0.21776,0.2703,2.3144,0.054711,88.885,28.975,214.31,127.67
2020-02-08 15:23:58,6378,0.21373,0.26579,2.3535,0.38264,88.88,28.967,210.22,127.33
2020-02-08 15:23:59,6379,0.21747,0.26934,2.3358,-0.27322,88.891,28.969,210.18,127
2020-02-08 15:24:00,6380,0.21675,0.2661,2.6429,0.054711,89.072,28.98,228.85,127.67
2020-02-08 15:24:01,6381,0.21787,0.26814,1.9501,0.38264,88.95,28.97,226.7,126.66
2020-02-08 15:24:02,6382,0.21694,0.27071,2.544,0.054711,88.913,28.969,208.96,126.67
2020-02-08 15:24:03,6383,0.21503,0.26785,2.9251,0.054711,88.996,28.969,233.6,127
2020-02-08 15:24:05,6384,0.21761,0.26898,0.9481,-0.27322,89.319,28.972,205.52,126.33
2020-02-08 15:24:06,6385,0.2144,0.26678,2.4144,0.38264,88.934,28.983,229.22,126.67
2020-02-08 15:24:07,6386,0.21757,0.26876,2.6735,0.054711,88.92,28.974,250.89,127
2020-02-08 15:24:08,6387,0.21638,0.26713,1.0571,0.71057,88.93,28.974,214.38,127
2020-02-08 15:24:09,6388,0.21737,0.26919,2.618,0.054711,88.977,28.97,231.67,127
2020-02-08 15:24:10,6389,0.21668,0.27052,0.95002,0.38264,88.89,28.967,214.65,127
2020-02-08 15:24:11,6390,0.21721,0.2693,2.4927,0.38264,88.839,28.983,232.01,128
2020-02-08 15:24:12,6391,0.21487,0.26573,0.96259,0.054711,88.885,28.97,206.42,127.33
2020-02-08 15:24:13,6392,0.21796,0.26914,2.3018,0.054711,88.928,28.97,234.36,127
2020-02-08 15:24:14,6393,0.21644,0.26855,1.71,0.054711,88.965,28.975,227.69,127
2020-02-08 15:24:15,6394,0.21639,0.27002,3.0214,0.054711,88.931,28.979,251.46,127.67
2020-02-08 15:24:16,6395,0.21773,0.26978,2.5974,0.71057,88.798,28.969,225.48,128
2020-02-08 15:24:17,6396,0.2123,0.26653,2.4635,0.054711,88.983,28.967,235.07,128
2020-02-08 15:24:18,6397,0.21669,0.26947,2.6111,0.054711,88.807,28.971,233.45,127.33
2020-02-08 15:24:19,6398,0.21644,0.26628,2.2907,0.054711,89.589,28.967,224.55,127
2020-02-08 15:24:20,6399,0.21711,0.27017,2.4158,0.054711,88.872,28.967,231.58,127
2020-02-08 15:24:21,6400,0.21623,0.27065,2.8397,0.38264,88.865,28.976,231.3,128.35
2020-02-08 15:24:22,6401,0.21459,0.26926,2.6999,0.054711,89.047,28.98,227.81,127.66
2020-02-08 15:24:23,6402,0.21705,0.26869,2.6765,0.054711,89.005,28.966,224.61,127.67
2020-02-08 15:24:24,6403,0.21263,0.2672,2.4221,-0.27322,88.956,28.971,215.52,126.66
2020-02-08 15:24:25,6404,0.21616,0.26946,2.409,0.054711,89.135,28.974,216.52,127.35
2020-02-08 15:24:26,6405,0.21597,0.26608,2.9193,0.71057,88.938,28.97,247.83,127.33
2020-02-08 15:24:28,6406,0.21648,0.26927,3.0872,0.71057,89.345,28.97,238.57,127
2020-02-08 15:24:29,6407,0.2168,0.26976,2.6437,0.054711,88.804,28.962,229.32,127
2020-02-08 15:24:30,6408,0.21341,0.26871,2.6044,0.054711,88.824,28.973,232.38,126.33
2020-02-08 15:24:31,6409,0.21656,0.26808,2.6722,0.71057,88.83,28.967,228.81,126.67
2020-02-08 15:24:32,6410,0.21441,0.2664,2.6259,0.054711,89.074,28.966,225.36,127
2020-02-08 15:24:33,6411,0.21566,0.26864,3.0585,0.054711,89.37,28.96,224.51,127
2020-02-08 15:24:34,6412,0.21601,0.26633,2.7318,0.054711,89.016,28.961,228.46,127.67
2020-02-08 15:24:35,6413,0.21682,0.26918,2.8472,0.054711,89.171,28.959,223.98,127
2020-02-08 15:24:36,6414,0.21372,0.26872,2.7353,0.054711,89.055,28.959,235.79,127.67
2020-02-08 15:24:37,6415,0.21702,0.26908,3.116,0.054711,89.282,28.964,250.47,128
2020-02-08 15:24:38,6416,0.21425,0.26765,2.7075,-0.27322,89.383,28.969,228.73,128
2020-02-08 15:24:39,6417,0.21588,0.26893,2.505,0.38264,89.311,28.965,250.65,126.66
2020-02-08 15:24:40,6418,0.21737,0.26719,3.0966,-0.27322,89.408,28.963,246.99,127.35
2020-02-08 15:24:41,6419,0.21694,0.26985,2.9415,0.054711,89.346,28.964,230.79,127.33
2020-02-08 15:24:42,6420,0.21785,0.27048,2.4516,0.054711,89.41,28.964,218.5,127.67
2020-02-08 15:24:43,6421,0.2144,0.2691,2.4694,0.054711,89.266,28.969,232.83,127.33
2020-02-08 15:24:44,6422,0.21572,0.26907,2.7283,0.054711,89.316,28.965,216.31,127
2020-02-08 15:24:45,6423,0.21563,0.26569,2.5405,0.38264,89.418,28.965,235.79,127
2020-02-08 15:24:46,6424,0.21695,0.2693,2.6271,0.38264,89.392,28.967,204.53,127.67
2020-02-08 15:24:47,6425,0.21703,0.26968,2.5509,0.054711,89.452,28.962,224.08,127.33
2020-02-08 15:24:48,6426,0.21603,0.26965,2.8686,0.38264,89.261,28.972,251.84,127
2020-02-08 15:24:49,6427,0.21718,0.26905,1.9814,0.38264,89.588,28.972,228.62,127
2020-02-08 15:24:50,6428,0.2143,0.26759,2.6692,0.054711,89.362,28.971,237.6,127.67
2020-02-08 15:24:52,6429,0.215,0.26808,2.7001,0.054711,89.37,28.967,234.02,127.33
2020-02-08 15:24:53,6430,0.21666,0.26611,2.7424,0.054711,89.325,28.969,227.95,127.67
2020-02-08 15:24:54,6431,0.21705,0.26896,2.9516,-0.27322,89.491,28.966,202.69,127.33
2020-02-08 15:24:55,6432,0.21678,0.26898,2.8102,0.38264,89.164,28.962,219.31,127
2020-02-08 15:24:56,6433,0.2162,0.27068,2.6719,0.054711,89.451,28.98,231.89,127
2020-02-08 15:24:57,6434,0.21641,0.26715,1.1967,-0.27322,89.384,28.957,217.96,127.67
2020-02-08 15:24:58,6435,0.21547,0.26793,2.2476,-0.27322,89.434,28.969,236.29,127.33
2020-02-08 15:24:59,6436,0.21609,0.26648,2.9727,0.38264,89.437,28.965,234.15,127
2020-02-08 15:25:00,6437,0.21638,0.26766,2.5711,0.054711,89.407,28.964,223.48,127
2020-02-08 15:25:01,6438,0.21688,0.2683,2.7503,0.054711,89.347,28.964,229.58,126.33
2020-02-08 15:25:02,6439,0.21757,0.26926,2.8262,0.054711,89.271,28.971,230.8,127.35
2020-02-08 15:25:03,6440,0.21783,0.26919,1.904,-0.27322,88.938,28.959,230.96,126.66
2020-02-08 15:25:04,6441,0.21541,0.2696,2.7591,0.38264,89.444,28.956,227.9,126.67
2020-02-08 15:25:05,6442,0.21611,0.26735,2.7051,0.38264,89.418,28.956,204.91,127
2020-02-08 15:25:06,6443,0.21614,0.26854,2.441,0.38264,89.593,28.964,224.13,127
2020-02-08 15:25:07,6444,0.21662,0.26716,2.6697,0.054711,89.419,28.964,232.48,127.67
2020-02-08 15:25:08,6445,0.2177,0.26861,2.6472,-0.27322,89.01,28.967,228.94,127.33
2020-02-08 15:25:09,6446,0.21822,0.26734,2.7714,-0.27322,89.623,28.967,231.74,127
2020-02-08 15:25:10,6447,0.21838,0.26973,2.498,0.054711,89.625,28.966,230.11,127
2020-02-08 15:25:11,6448,0.21588,0.26911,2.6223,0.054711,89.148,28.964,234.39,127.67
2020-02-08 15:25:12,6449,0.21723,0.2681,2.5618,-0.27322,89.573,28.981,224.29,127.33
2020-02-08 15:25:14,6450,0.21642,0.268,2.3794,0.054711,89.035,28.977,246.64,127.67
2020-02-08 15:25:15,6451,0.21596,0.26664,1.9758,0.054711,88.897,28.976,230.39,127.33
2020-02-08 15:25:16,6452,0.2182,0.26861,2.3843,0.38264,88.9,28.974,227.5,127
2020-02-08 15:25:17,6453,0.21772,0.26769,2.0241,0.054711,88.878,28.984,228.19,127
2020-02-08 15:25:18,6454,0.21923,0.27047,2.2718,0.054711,88.973,28.984,225.05,127
2020-02-08 15:25:19,6455,0.21624,0.27028,2.9258,0.71057,88.911,28.985,248.56,126.33
2020-02-08 15:25:20,6456,0.21656,0.26702,2.5395,0.054711,88.922,28.977,239.21,127.67
2020-02-08 15:25:21,6457,0.21579,0.26574,1.7232,0.054711,89.025,28.983,226.93,126.66
2020-02-08 15:25:22,6458,0.21857,0.26759,1.3581,-0.27322,88.971,28.978,213.81,127.35
2020-02-08 15:25:23,6459,0.21666,0.26733,1.7694,0.054711,88.991,28.987,224.75,127.33
2020-02-08 15:25:24,6460,0.21803,0.26897,1.7294,0.054711,88.93,28.984,221.53,127.67
2020-02-08 15:25:25,6461,0.21609,0.26941,2.0375,0.054711,88.871,28.978,240.6,128
2020-02-08 15:25:26,6462,0.21463,0.267,1.459,0.054711,88.952,28.978,205.53,127.33
2020-02-08 15:25:27,6463,0.2161,0.26717,1.5358,1.0385,88.982,28.984,218.9,127.67
2020-02-08 15:25:28,6464,0.21413,0.26619,3.1146,0.054711,88.93,28.978,247.46,127.33
2020-02-08 15:25:29,6465,0.21698,0.26684,2.657,0.054711,88.902,28.987,237.08,126.33
2020-02-08 15:25:30,6466,0.21617,0.2646,2.661,0.054711,88.94,28.993,228.35,127.35
2020-02-08 15:25:31,6467,0.21747,0.26785,2.1406,-0.60114,88.884,28.981,244.41,127.33
2020-02-08 15:25:32,6468,0.2166,0.26677,2.5885,0.054711,88.926,28.977,232.57,127.67
2020-02-08 15:25:33,6469,0.21757,0.26784,1.8358,0.054711,89.034,28.984,229.25,126.66
2020-02-08 15:25:34,6470,0.21591,0.26764,2.7645,0.054711,88.676,28.984,232.61,127.35
2020-02-08 15:25:35,6471,0.21511,0.26404,2.3962,0.38264,88.904,28.997,210.18,127.33
2020-02-08 15:25:37,6472,0.21783,0.26765,3.0969,-0.27322,88.948,28.996,243.49,127
2020-02-08 15:25:38,6473,0.21516,0.26554,2.209,0.054711,89.338,28.989,243.24,127
2020-02-08 15:25:39,6474,0.21843,0.26754,2.0389,-0.27322,88.712,28.993,215.99,127
2020-02-08 15:25:40,6475,0.21799,0.26559,2.0905,0.054711,88.855,28.979,218.56,127
2020-02-08 15:25:41,6476,0.21966,0.26779,2.0502,0.38264,88.762,28.983,210.9,127
2020-02-08 15:25:42,6477,0.21764,0.26727,2.4427,0.38264,88.841,28.983,252.25,127.66
2020-02-08 15:25:43,6478,0.21806,0.26913,3.0299,0.054711,88.842,28.987,240.4,127
2020-02-08 15:25:44,6479,0.21552,0.26639,2.3909,0.054711,89.132,28.989,221.06,127
2020-02-08 15:25:45,6480,0.21861,0.26874,2.8261,0.38264,89.409,28.989,232.15,127.67
2020-02-08 15:25:46,6481,0.21824,0.26605,2.3499,0.054711,89.211,28.987,229.93,127.33
2020-02-08 15:25:47,6482,0.21904,0.26732,2.6652,-0.27322,88.908,28.985,235.79,127.67
2020-02-08 15:25:48,6483,0.21723,0.26931,3.0294,-0.27322,88.717,28.983,245.95,127.33
2020-02-08 15:25:49,6484,0.21746,0.2678,2.4542,0.38264,88.903,28.975,245.99,127
2020-02-08 15:25:50,6485,0.21755,0.26876,2.496,0.38264,89.249,28.975,221.96,127
2020-02-08 15:25:51,6486,0.21433,0.26491,1.8596,0.38264,89.297,28.982,234.29,127.67
2020-02-08 15:25:52,6487,0.21729,0.26815,2.5517,0.38264,89.291,28.988,232.62,127.33
2020-02-08 15:25:53,6488,0.21621,0.26515,1.9172,0.38264,89.449,28.978,246.52,127
2020-02-08 15:25:54,6489,0.21813,0.26697,2.7623,0.054711,89.339,28.985,222.46,127.67
2020-02-08 15:25:55,6490,0.21738,0.2668,2.5606,0.38264,89.371,28.984,232.62,126.66
2020-02-08 15:25:56,6491,0.21859,0.26773,2.9992,0.054711,89.474,28.991,233.54,127.35
2020-02-08 15:25:58,6492,0.21799,0.26952,2.6164,0.054711,89.221,28.993,238.24,127.33
2020-02-08 15:25:59,6493,0.21625,0.26712,1.6447,0.054711,89.419,28.993,220.21,127.67
2020-02-08 15:26:00,6494,0.21774,0.26864,2.6744,0.38264,89.353,28.994,213.53,127.33
2020-02-08 15:26:01,6495,0.21686,0.26684,2.0913,0.054711,89.287,28.996,231.65,127
2020-02-08 15:26:02,6496,0.21937,0.26673,1.8329,-0.27322,89.477,28.988,214.4,127
2020-02-08 15:26:03,6497,0.21845,0.26724,2.3257,0.054711,89.373,28.984,235.71,126.33
2020-02-08 15:26:04,6498,0.21794,0.26918,2.9502,0.054711,89.662,29,243.77,126.66
2020-02-08 15:26:05,6499,0.21575,0.26709,2.8002,0.38264,89.494,28.997,231.07,126.67
2020-02-08 15:26:06,6500,0.21861,0.2682,2.7556,0.38264,89.366,28.999,227.29,127
2020-02-08 15:26:07,6501,0.21748,0.26678,2.6545,0.38264,89.547,28.999,228.85,127
2020-02-08 15:26:08,6502,0.21935,0.26759,1.952,-0.27322,89.403,28.998,236.82,127
2020-02-08 15:26:09,6503,0.21813,0.26732,2.4987,0.38264,89.297,28.991,221.1,127.67
2020-02-08 15:26:10,6504,0.21943,0.26973,2.8935,0.054711,89.364,28.998,223.3,127.33
2020-02-08 15:26:11,6505,0.21786,0.26939,2.0297,-0.27322,89.36,28.986,207.19,127.67
2020-02-08 15:26:12,6506,0.21609,0.26728,3.0268,-0.27322,89.531,28.994,233.17,128
2020-02-08 15:26:13,6507,0.21887,0.26898,2.6586,0.054711,89.561,28.988,226.98,127.33
2020-02-08 15:26:14,6508,0.21587,0.26675,2.4059,0.38264,89.552,28.997,231.81,127
2020-02-08 15:26:15,6509,0.21855,0.26841,2.5732,0.38264,89.542,28.997,230.5,126.33
2020-02-08 15:26:16,6510,0.21711,0.26554,2.3197,0.71057,89.464,28.999,235.39,126.67
2020-02-08 15:26:17,6511,0.21887,0.2681,2.7341,0.054711,89.402,28.987,235.06,127
2020-02-08 15:26:18,6512,0.21751,0.26819,2.7965,-0.60114,89.504,28.995,219.42,126.33
2020-02-08 15:26:19,6513,0.21914,0.26836,2.368,0.054711,89.4,28.991,221.64,126.67
2020-02-08 15:26:20,6514,0.21873,0.26938,2.2527,0.054711,89.38,28.986,225.09,127
2020-02-08 15:26:21,6515,0.21608,0.2667,2.6797,0.054711,89.433,28.985,212.28,127
2020-02-08 15:26:23,6516,0.21596,0.26591,2.4939,0.054711,89.517,28.985,230.8,127
2020-02-08 15:26:24,6517,0.21439,0.26523,0.90251,0.054711,89.292,28.993,209.45,126.33
2020-02-08 15:26:25,6518,0.21808,0.2675,2.3953,0.38264,89.647,28.994,223.6,126
2020-02-08 15:26:26,6519,0.21456,0.26676,2.5605,0.054711,89.516,28.989,225.72,126
2020-02-08 15:26:27,6520,0.2191,0.26671,2.35,0.38264,89.425,28.996,218.16,126.67
2020-02-08 15:26:28,6521,0.21422,0.26619,2.5167,0.38264,89.525,28.997,228.44,127
2020-02-08 15:26:29,6522,0.21631,0.26507,2.4767,0.054711,89.619,28.994,229.74,127
2020-02-08 15:26:30,6523,0.21755,0.26723,2.5469,0.054711,89.546,28.997,230.36,127
2020-02-08 15:26:31,6524,0.21711,0.26454,1.4166,0.054711,89.568,28.997,224.7,127
2020-02-08 15:26:32,6525,0.21799,0.26714,2.7266,-0.27322,89.618,28.999,221.26,126.33
2020-02-08 15:26:33,6526,0.21696,0.26617,2.4533,0.054711,89.574,28.988,230.24,128.03
2020-02-08 15:26:34,6527,0.21762,0.26795,2.4686,0.054711,89.537,28.988,228.98,127.66
2020-02-08 15:26:35,6528,0.21844,0.26718,2.767,0.054711,89.585,28.993,216.95,127
2020-02-08 15:26:36,6529,0.21535,0.26743,2.5581,0.054711,89.616,28.984,229.6,126.33
2020-02-08 15:26:37,6530,0.21929,0.26639,2.9468,-0.27322,89.633,28.985,229.87,127.35
2020-02-08 15:26:38,6531,0.21569,0.26601,2.3805,0.054711,89.514,28.994,233.72,127.33
2020-02-08 15:26:39,6532,0.21808,0.26816,2.8483,0.054711,89.577,28.994,218.41,126.33
2020-02-08 15:26:40,6533,0.21818,0.26431,2.4411,0.054711,89.485,28.986,235.91,126.67
2020-02-08 15:26:41,6534,0.2191,0.26827,2.5881,0.054711,89.622,28.987,229.43,127
2020-02-08 15:26:42,6535,0.21865,0.26757,1.1511,-0.27322,89.518,28.99,203.2,127
2020-02-08 15:26:43,6536,0.2174,0.26799,2.6473,0.054711,88.796,28.985,227.83,127
2020-02-08 15:26:44,6537,0.21974,0.26825,1.9066,-0.60114,89.488,28.989,217.26,127
2020-02-08 15:26:46,6538,0.21556,0.26612,2.7277,0.054711,89.472,28.988,223.64,127
2020-02-08 15:26:47,6539,0.21785,0.2685,2.6334,0.054711,88.966,28.988,229.12,126.33
2020-02-08 15:26:48,6540,0.21815,0.2651,3.0675,0.71057,88.944,28.985,248.99,127.35
2020-02-08 15:26:49,6541,0.21841,0.26783,2.7358,0.054711,88.974,28.991,233.58,126.66
2020-02-08 15:26:50,6542,0.21906,0.26873,2.6371,0.054711,89.452,28.987,222.97,126.67
2020-02-08 15:26:51,6543,0.21757,0.26977,1.8824,0.38264,89.406,28.992,224.59,126.66
2020-02-08 15:26:52,6544,0.21586,0.26833,2.7589,-0.27322,88.861,28.983,240.4,127.35
2020-02-08 15:26:53,6545,0.21768,0.2679,0.93007,-0.27322,88.797,28.988,203.55,127.33
2020-02-08 15:26:54,6546,0.21688,0.26725,2.531,-0.27322,89.148,28.988,229.01,126.33
2020-02-08 15:26:55,6547,0.21653,0.26786,2.9327,0.054711,88.938,28.979,237.71,126.67
2020-02-08 15:26:56,6548,0.21811,0.26571,2.3896,-0.60114,88.927,28.985,229.21,126.33
2020-02-08 15:26:57,6549,0.21877,0.26875,2.3836,0.054711,88.981,28.982,214.64,126.67
2020-02-08 15:26:58,6550,0.21871,0.2679,2.5553,0.054711,89.042,28.997,229.07,127.67
2020-02-08 15:26:59,6551,0.21862,0.26921,1.0421,0.054711,88.867,28.991,202.22,127.33
2020-02-08 15:27:00,6552,0.21911,0.26814,2.4615,0.054711,88.803,28.996,233.47,127
2020-02-08 15:27:01,6553,0.21625,0.26854,2.3744,0.054711,88.83,28.987,250.25,127
2020-02-08 15:27:02,6554,0.2169,0.26639,1.1756,0.054711,88.896,28.987,207.68,127.67
2020-02-08 15:27:03,6555,0.21726,0.26602,2.5426,0.38264,89.353,28.988,218.23,127.33
2020-02-08 15:27:04,6556,0.2182,0.26762,1.5968,0.054711,88.998,28.991,222.36,128.35
2020-02-08 15:27:05,6557,0.21866,0.26852,1.771,0.38264,88.865,28.991,225,126.99
2020-02-08 15:27:06,6558,0.21928,0.26813,1.4079,0.054711,88.919,28.997,213.45,127.35
2020-02-08 15:27:08,6559,0.21891,0.26875,2.5399,-0.60114,88.923,28.997,224.18,127.33
2020-02-08 15:27:09,6560,0.2158,0.26804,1.7395,0.054711,88.783,28.997,204.93,127
2020-02-08 15:27:10,6561,0.21809,0.2672,1.2445,0.38264,89.09,28.999,213.52,127
2020-02-08 15:27:11,6562,0.21655,0.266,2.2494,-0.27322,88.915,28.996,249.05,127
2020-02-08 15:27:12,6563,0.2172,0.26778,2.1209,-0.27322,88.938,28.996,238.49,127
2020-02-08 15:27:13,6564,0.21981,0.26742,3.025,0.054711,89.04,28.99,240.03,127
2020-02-08 15:27:14,6565,0.22052,0.26944,2.9245,0.054711,88.911,29.002,247.77,127
2020-02-08 15:27:15,6566,0.2182,0.27059,2.5814,0.38264,88.964,29.002,227.68,127.67
2020-02-08 15:27:16,6567,0.21922,0.26713,2.4754,0.38264,88.946,28.998,241.82,126.66
2020-02-08 15:27:17,6568,0.21799,0.26757,2.5297,0.054711,89.035,28.997,223.92,126.67
2020-02-08 15:27:18,6569,0.21698,0.26673,2.3115,0.054711,88.808,28.999,227.09,127.67
2020-02-08 15:27:19,6570,0.21924,0.26794,2.7387,0.054711,88.88,28.999,237.06,127.33
2020-02-08 15:27:20,6571,0.2195,0.26675,2.4392,0.71057,88.671,28.995,233.42,126.33
2020-02-08 15:27:21,6572,0.21962,0.26871,2.8718,0.054711,88.731,28.997,206.2,126.67
2020-02-08 15:27:22,6573,0.21895,0.26967,3.0892,0.054711,88.928,29,239.79,127.67
2020-02-08 15:27:23,6574,0.21999,0.26912,2.5929,0.054711,88.947,29.009,224.09,127.33
2020-02-08 15:27:24,6575,0.21877,0.27013,2.8685,0.054711,88.766,29.002,233.17,127
2020-02-08 15:27:25,6576,0.21737,0.26653,2.6456,0.38264,89.31,28.993,221.35,126.33
2020-02-08 15:27:26,6577,0.21786,0.26715,2.9038,0.054711,88.847,29.006,201.83,126.67
2020-02-08 15:27:27,6578,0.21853,0.26628,2.6441,0.054711,89.237,29.006,233.59,127.67
2020-02-08 15:27:28,6579,0.22019,0.26799,2.8456,0.38264,88.719,28.997,226.75,127.33
2020-02-08 15:27:29,6580,0.21954,0.26758,1.928,0.38264,88.868,28.992,230.68,127
2020-02-08 15:27:31,6581,0.2205,0.26927,2.6473,0.054711,88.912,28.999,245.48,127
2020-02-08 15:27:32,6582,0.21851,0.27014,2.8902,0.38264,88.973,28.993,242.13,127
2020-02-08 15:27:33,6583,0.21808,0.26654,2.399,-0.27322,89.216,28.991,233.12,127
2020-02-08 15:27:34,6584,0.2184,0.26802,2.9848,0.38264,89.234,29.002,238.25,127
2020-02-08 15:27:35,6585,0.21808,0.26699,2.398,0.38264,89.407,29.002,246.9,127
2020-02-08 15:27:36,6586,0.21965,0.2671,2.0167,-0.27322,89.15,28.991,220.54,128.03
2020-02-08 15:27:37,6587,0.22053,0.26926,2.9327,0.38264,89.31,29,249.54,128.33
2020-02-08 15:27:38,6588,0.21826,0.27003,2.6538,0.054711,89.328,29.006,229.43,126.66
2020-02-08 15:27:39,6589,0.21829,0.26756,2.199,0.054711,89.331,29.001,240.73,127.35
2020-02-08 15:27:40,6590,0.21845,0.26813,2.8925,0.38264,89.304,28.996,247.34,127.33
2020-02-08 15:27:41,6591,0.21654,0.26757,1.9051,0.054711,89.299,29.002,227.48,127
2020-02-08 15:27:42,6592,0.22005,0.2697,1.7931,0.054711,89.436,29,228.84,126.33
2020-02-08 15:27:43,6593,0.21954,0.26624,1.7257,0.054711,89.315,29,227.58,126.67
2020-02-08 15:27:44,6594,0.22188,0.2692,2.6609,0.054711,89.376,29.01,228.99,127
2020-02-08 15:27:45,6595,0.22029,0.2698,2.9501,0.38264,89.452,29.002,235.8,127
2020-02-08 15:27:46,6596,0.21929,0.26875,2.1265,0.054711,89.299,29.001,251.07,127.67
2020-02-08 15:27:47,6597,0.22028,0.26868,1.1872,0.054711,89.246,29.011,203.39,127.33
2020-02-08 15:27:48,6598,0.21763,0.26632,2.7127,0.38264,89.447,29.005,227.84,127
2020-02-08 15:27:49,6599,0.22037,0.26838,2.5303,0.38264,89.345,29.009,219.23,127.67
2020-02-08 15:27:50,6600,0.21981,0.26441,2.2538,0.38264,89.314,29.012,243.74,127.33
2020-02-08 15:27:52,6601,0.22079,0.26732,1.0176,0.38264,89.433,29.012,209.24,127
2020-02-08 15:27:53,6602,0.2198,0.26978,2.2279,0.38264,89.434,29.012,233.48,126.33
2020-02-08 15:27:54,6603,0.21892,0.26689,0.98114,0.054711,89.457,29.015,210.24,126.67
2020-02-08 15:27:55,6604,0.21987,0.26829,2.8199,0.054711,89.559,29.003,236.43,127.67
2020-02-08 15:27:56,6605,0.21681,0.26523,2.6702,0.38264,89.472,29.005,231.45,127.33
2020-02-08 15:27:57,6606,0.21988,0.26702,2.6322,0.38264,89.561,29.018,222.44,127
2020-02-08 15:27:58,6607,0.22005,0.2671,2.6486,0.054711,89.533,29.014,229.25,127
2020-02-08 15:27:59,6608,0.21884,0.26908,2.6448,0.054711,89.429,29.014,240.49,127
2020-02-08 15:28:00,6609,0.21747,0.26555,2.7743,0.054711,89.498,29.004,244.98,127
2020-02-08 15:28:01,6610,0.21858,0.26711,2.3304,0.054711,89.231,29.008,234.84,127
2020-02-08 15:28:02,6611,0.21678,0.2652,2.8408,0.71057,89.479,29.012,216.55,127.67
2020-02-08 15:28:03,6612,0.22012,0.2662,2.8892,0.054711,89.389,29.006,230.83,126.66
2020-02-08 15:28:04,6613,0.21895,0.26545,2.9824,0.054711,89.602,29.011,245.68,127.35
2020-02-08 15:28:05,6614,0.21978,0.26727,2.6664,0.38264,89.553,29.008,229.3,126.66
2020-02-08 15:28:06,6615,0.21834,0.26763,1.9436,0.38264,89.452,29.008,223.02,126
2020-02-08 15:28:07,6616,0.2173,0.26619,3.112,0.054711,88.894,29.009,239.01,126.67
2020-02-08 15:28:08,6617,0.21908,0.26694,3.149,0.38264,89.576,29.003,251.63,125.66
2020-02-08 15:28:09,6618,0.21582,0.26423,2.6656,0.054711,88.831,29.002,241.27,125
2020-02-08 15:28:10,6619,0.21831,0.2671,2.6265,0.054711,89.465,29.008,239.18,125
2020-02-08 15:28:11,6620,0.21698,0.26457,3.0659,0.38264,88.993,28.999,250.9,125
2020-02-08 15:28:12,6621,0.21943,0.26744,2.5303,-0.27322,88.79,29.012,234.63,125
2020-02-08 15:28:13,6622,0.21901,0.26502,2.4354,0.054711,89.515,29.001,231.22,125
2020-02-08 15:28:14,6623,0.21999,0.26615,2.4896,0.054711,88.762,29.001,237.57,125.67
2020-02-08 15:28:16,6624,0.21907,0.26886,2.1992,-0.27322,88.99,29.004,208.11,126
2020-02-08 15:28:17,6625,0.21848,0.26712,2.3368,0.054711,88.944,29.003,235.16,126.67
2020-02-08 15:28:18,6626,0.21982,0.26875,2.4993,0.054711,88.744,29.001,219.65,126.33
2020-02-08 15:28:19,6627,0.21645,0.26622,2.4694,0.054711,88.861,29.006,210.04,126
2020-02-08 15:28:20,6628,0.2193,0.26766,1.4128,0.38264,88.918,29.004,205.91,124.66
2020-02-08 15:28:21,6629,0.22014,0.26815,1.8534,0.38264,88.853,29,227.37,125
2020-02-08 15:28:22,6630,0.21824,0.26762,1.645,0.38264,88.811,29.012,208.48,125
2020-02-08 15:28:23,6631,0.21917,0.2685,1.7847,0.38264,88.88,29.012,229.49,125
2020-02-08 15:28:24,6632,0.21843,0.26842,2.0932,0.38264,88.768,29,243.84,125
2020-02-08 15:28:25,6633,0.21585,0.26648,2.1133,0.38264,88.881,29.003,234.62,125
2020-02-08 15:28:26,6634,0.21874,0.26841,2.7967,-0.27322,88.961,29.006,232.56,125
2020-02-08 15:28:27,6635,0.21634,0.26529,2.2701,0.054711,88.825,29.011,212.2,125
2020-02-08 15:28:28,6636,0.21871,0.26825,1.325,0.054711,88.929,29.003,217.05,125.67
2020-02-08 15:28:29,6637,0.21785,0.2657,2.5282,0.38264,88.991,29.003,228.91,126
2020-02-08 15:28:30,6638,0.21917,0.26725,2.5434,0.054711,88.878,29.011,230.76,126.67
2020-02-08 15:28:31,6639,0.21786,0.26842,2.7759,0.38264,88.926,29.004,212.71,125.66
2020-02-08 15:28:32,6640,0.21757,0.26689,2.4882,0.054711,88.989,29.009,221.34,125.67
2020-02-08 15:28:34,6641,0.21866,0.26821,2.7246,0.054711,88.968,29.009,230.26,126
2020-02-08 15:28:35,6642,0.2143,0.26417,2.2834,0.054711,88.864,29.009,244.1,126
2020-02-08 15:28:36,6643,0.21919,0.2682,2.5462,0.054711,88.826,29.009,228.48,126
2020-02-08 15:28:37,6644,0.21837,0.26479,1.2608,0.054711,88.961,29.013,210.37,126
2020-02-08 15:28:38,6645,0.21981,0.26818,2.0124,0.054711,88.829,29.009,234.34,125.33
2020-02-08 15:28:39,6646,0.21952,0.26906,2.9379,0.38264,88.685,29.015,229.57,125.33
2020-02-08 15:28:40,6647,0.22073,0.26854,2.6482,-0.27322,89.006,29.011,226.51,125
2020-02-08 15:28:41,6648,0.21587,0.26715,2.651,-0.27322,89.097,29.002,217.07,126.35
2020-02-08 15:28:42,6649,0.21876,0.26815,2.6637,0.38264,88.724,29.002,226.54,126.33
2020-02-08 15:28:43,6650,0.21832,0.26421,2.5401,0.38264,88.63,29.016,216.67,125.33
2020-02-08 15:28:44,6651,0.2197,0.26888,2.0307,0.054711,88.717,29.008,232.97,125
2020-02-08 15:28:45,6652,0.21859,0.26739,2.2401,0.054711,88.775,29.008,217.75,125
2020-02-08 15:28:46,6653,0.21939,0.27017,2.5036,0.38264,89.356,29.012,235.36,125.67
2020-02-08 15:28:47,6654,0.21911,0.2672,1.9211,0.054711,88.925,29.017,231.06,125.33
2020-02-08 15:28:48,6655,0.21466,0.26699,2.3675,0.71057,88.583,29.017,231.09,126.35
2020-02-08 15:28:49,6656,0.21851,0.26759,2.7945,0.38264,89.209,29.017,230.84,126.33
2020-02-08 15:28:50,6657,0.21571,0.26506,1.7163,0.38264,89.29,29.017,227.06,126
2020-02-08 15:28:51,6658,0.21756,0.26757,3.0715,0.38264,89.381,29.012,236.31,124.66
2020-02-08 15:28:52,6659,0.21799,0.2643,1.5227,0.054711,88.896,29.018,219.25,125.35
2020-02-08 15:28:53,6660,0.21824,0.26798,1.7975,0.38264,88.937,29.012,238.08,125.33
2020-02-08 15:28:54,6661,0.21771,0.26797,2.0549,0.054711,88.823,29.022,222.69,125.67
2020-02-08 15:28:56,6662,0.21801,0.2681,2.7108,0.38264,89.366,29.019,226.66,125.33
2020-02-08 15:28:57,6663,0.21912,0.26896,2.9522,0.054711,89.296,29.013,248.73,125.67
2020-02-08 15:28:58,6664,0.21615,0.26687,2.1545,0.054711,89.484,29.015,235.63,125.33
2020-02-08 15:28:59,6665,0.21891,0.2679,2.8042,0.054711,89.429,29.016,235.71,125.67
2020-02-08 15:29:00,6666,0.21647,0.26609,2.6436,0.054711,89.252,29.016,229.01,126
2020-02-08 15:29:01,6667,0.21869,0.26563,2.6289,0.38264,89.293,29.013,228.79,126
2020-02-08 15:29:02,6668,0.21925,0.26891,2.4487,0.054711,89.368,29.011,246.4,126
2020-02-08 15:29:03,6669,0.21983,0.26894,2.6801,0.38264,89.329,29.013,217.76,126
2020-02-08 15:29:04,6670,0.21728,0.26851,2.2571,0.38264,89.185,29.013,238.93,126
2020-02-08 15:29:05,6671,0.219,0.26751,2.65,0.054711,89.329,29.006,226.44,126.67
2020-02-08 15:29:06,6672,0.21674,0.26607,2.8845,0.054711,89.37,29.006,210.18,126.33
2020-02-08 15:29:07,6673,0.21732,0.26792,2.6083,0.38264,89.276,29.013,228.28,126.67
2020-02-08 15:29:08,6674,0.21924,0.26507,2.842,0.38264,89.312,29.013,245,127
2020-02-08 15:29:09,6675,0.21891,0.26764,1.6181,0.054711,89.576,29.017,224.23,126.33
2020-02-08 15:29:10,6676,0.21988,0.26894,2.6495,0.38264,89.449,29.018,234.11,126
2020-02-08 15:29:11,6677,0.21864,0.26926,2.3881,-0.27322,89.418,29.013,241.15,126.67
2020-02-08 15:29:12,6678,0.21965,0.26684,2.3744,0.38264,89.472,29.006,230.83,126.33
2020-02-08 15:29:13,6679,0.21613,0.26645,0.93621,0.38264,89.479,29.018,205.59,126
2020-02-08 15:29:14,6680,0.21582,0.26686,2.5605,0.38264,89.548,29.015,222.72,126.67
2020-02-08 15:29:15,6681,0.21692,0.26569,3.0139,0.054711,89.323,29.021,251.33,127
2020-02-08 15:29:16,6682,0.21618,0.26604,2.6191,0.054711,89.539,29.021,229.08,126.33
2020-02-08 15:29:17,6683,0.21751,0.26614,2.6282,0.38264,89.473,29.01,225.78,126
2020-02-08 15:29:18,6684,0.2171,0.2652,3.0304,0.054711,89.447,29.012,242.29,126
2020-02-08 15:29:20,6685,0.21766,0.26709,3.0728,0.054711,89.456,29.01,242.09,126
2020-02-08 15:29:21,6686,0.2166,0.2683,2.0848,0.054711,89.205,29.012,222.48,126
2020-02-08 15:29:22,6687,0.21846,0.26697,2.5913,0.38264,89.441,29.013,238.69,126
2020-02-08 15:29:23,6688,0.21484,0.26557,2.5709,0.38264,89.075,29.013,229.85,126.67
2020-02-08 15:29:24,6689,0.21627,0.26717,2.0062,0.38264,89.5,29.015,229.09,126.33
2020-02-08 15:29:25,6690,0.21621,0.26608,2.4503,0.38264,88.807,29.015,230.79,126.33
2020-02-08 15:29:26,6691,0.21758,0.26685,2.5806,-0.27322,89.579,29.015,229.08,126.67
2020-02-08 15:29:27,6692,0.21721,0.26637,3.0862,0.38264,89.288,29.01,241.15,127
2020-02-08 15:29:28,6693,0.21807,0.26853,2.2264,0.054711,89.523,29.015,205.41,126.33
2020-02-08 15:29:29,6694,0.21573,0.26863,2.9324,0.054711,88.605,29.011,209.4,126
2020-02-08 15:29:30,6695,0.21824,0.26726,1.8323,0.054711,89.557,29.011,216.34,126.67
2020-02-08 15:29:31,6696,0.2166,0.26727,2.002,-0.27322,89.095,29.007,209.54,127
2020-02-08 15:29:32,6697,0.21569,0.26713,2.0676,-0.27322,89.409,29.007,229.29,127
2020-02-08 15:29:33,6698,0.2176,0.26716,2.3864,0.054711,89.604,29.019,214.35,126.33
2020-02-08 15:29:34,6699,0.21768,0.26576,2.6967,-0.27322,89.317,29.014,234.82,127.35
2020-02-08 15:29:35,6700,0.21843,0.26836,2.5509,0.054711,88.976,29.007,228.37,126.66
2020-02-08 15:29:36,6701,0.21639,0.26845,2.1437,0.38264,88.939,29.011,225.65,126.67
2020-02-08 15:29:37,6702,0.21777,0.26849,2.26,0.054711,88.778,29.016,210.31,127
2020-02-08 15:29:38,6703,0.21579,0.26863,2.4915,0.38264,88.806,29.009,223.87,126.33
2020-02-08 15:29:39,6704,0.21458,0.26602,2.6752,0.054711,88.956,29.009,229.65,127.35
2020-02-08 15:29:40,6705,0.21613,0.26651,2.3974,0.054711,89.021,29.014,205.24,127.33
2020-02-08 15:29:42,6706,0.2167,0.26592,1.7343,0.054711,88.926,29.009,215.84,128.35
2020-02-08 15:29:43,6707,0.21833,0.26711,2.4309,0.054711,89.018,29.009,202.61,127.66
2020-02-08 15:29:44,6708,0.21675,0.26608,2.5028,0.054711,88.946,29.012,227.48,127
2020-02-08 15:29:45,6709,0.21797,0.26785,2.3044,0.38264,88.896,29.01,229.43,127
2020-02-08 15:29:46,6710,0.21606,0.26766,2.6281,0.38264,88.899,29.005,229.42,127
2020-02-08 15:29:47,6711,0.21581,0.26686,2.501,0.71057,88.854,29.015,229.75,126.33
2020-02-08 15:29:48,6712,0.21472,0.26603,0.96959,-0.27322,88.957,28.999,205.89,127.35
2020-02-08 15:29:49,6713,0.21662,0.26662,2.6771,0.054711,88.77,29.013,227.05,127.33
2020-02-08 15:29:50,6714,0.21651,0.26449,2.461,0.054711,88.783,29.013,229.23,127
2020-02-08 15:29:51,6715,0.21781,0.26769,2.576,0.38264,88.986,29.021,234.93,126.33
2020-02-08 15:29:52,6716,0.21699,0.26647,2.7939,0.054711,88.929,29.022,252.69,126.67
2020-02-08 15:29:53,6717,0.21856,0.2687,2.8808,0.054711,88.906,29.018,233.89,127
2020-02-08 15:29:54,6718,0.21754,0.26945,2.5861,-0.27322,88.978,29.018,228.56,127.67
2020-02-08 15:29:55,6719,0.21636,0.26665,2.5904,0.38264,88.721,29.011,250.99,128
2020-02-08 15:29:56,6720,0.21745,0.2686,2.7885,0.054711,88.8,29.02,233.43,127.33
2020-02-08 15:29:57,6721,0.21573,0.26556,2.2679,0.054711,88.872,29.014,213.93,127
2020-02-08 15:29:58,6722,0.21906,0.26849,2.1562,0.38264,89.114,29.01,223.76,127
2020-02-08 15:29:59,6723,0.21905,0.2654,2.5229,0.054711,88.908,29.017,221.96,127
2020-02-08 15:30:00,6724,0.22211,0.26819,1.8767,0.054711,88.782,29.017,217.77,127.67
2020-02-08 15:30:01,6725,0.2209,0.26969,1.9167,0.054711,88.72,29.012,231.1,127.33
2020-02-08 15:30:02,6726,0.21974,0.26855,1.0796,0.38264,88.904,29.017,210.41,127
2020-02-08 15:30:04,6727,0.21957,0.26937,2.2651,-0.27322,88.965,29.018,230.59,127.67
2020-02-08 15:30:05,6728,0.21686,0.26657,2.1832,0.71057,88.822,29.02,250.62,128
2020-02-08 15:30:06,6729,0.22002,0.2688,2.6355,0.054711,89.053,29.015,229.12,127.33
2020-02-08 15:30:07,6730,0.21814,0.2654,2.5659,0.054711,88.546,29.02,223.57,127
2020-02-08 15:30:08,6731,0.22115,0.26782,1.9516,0.054711,88.798,29.021,225.83,127
2020-02-08 15:30:09,6732,0.2204,0.26841,1.7935,0.054711,88.679,29.021,230.91,126.33
2020-02-08 15:30:10,6733,0.21952,0.2702,1.74,0.054711,88.742,29.018,232.85,126.67
2020-02-08 15:30:11,6734,0.21733,0.26722,1.7929,0.054711,89.024,29.023,230.81,127
2020-02-08 15:30:12,6735,0.21977,0.26851,2.8846,0.054711,88.824,29.032,223.85,127
2020-02-08 15:30:13,6736,0.21636,0.26698,1.8715,-0.27322,88.714,29.032,229.29,126.33
2020-02-08 15:30:14,6737,0.22049,0.26741,3.0902,0.38264,88.827,29.036,247.65,127.35
2020-02-08 15:30:15,6738,0.21936,0.26613,2.8366,0.054711,88.864,29.027,204.99,126.66
2020-02-08 15:30:16,6739,0.22101,0.26853,2.566,0.054711,88.946,29.027,236.53,126
2020-02-08 15:30:17,6740,0.21912,0.27009,2.0312,-0.27322,88.91,29.04,243.36,126.67
2020-02-08 15:30:18,6741,0.21858,0.26787,2.7153,0.054711,88.902,29.034,230.51,127
2020-02-08 15:30:19,6742,0.21702,0.26677,2.8249,0.054711,88.795,29.034,234.32,127
2020-02-08 15:30:20,6743,0.21538,0.26617,3.0118,0.054711,88.761,29.04,244.47,127
2020-02-08 15:30:21,6744,0.21931,0.26789,2.9779,0.054711,88.933,29.038,250.65,127
2020-02-08 15:30:22,6745,0.21827,0.26489,2.917,0.71057,89.291,29.035,207.43,127
2020-02-08 15:30:23,6746,0.22029,0.26786,2.7159,0.38264,89.138,29.042,229.06,127
2020-02-08 15:30:24,6747,0.21819,0.26824,2.9092,0.38264,88.706,29.042,239.53,127.67
2020-02-08 15:30:26,6748,0.21952,0.26927,2.6608,0.71057,89.279,29.03,228.28,127.33
2020-02-08 15:30:27,6749,0.21865,0.26861,2.6913,0.054711,89.33,29.046,243.84,126.33
2020-02-08 15:30:28,6750,0.21602,0.26672,1.8533,0.054711,89.267,29.039,221.55,126
2020-02-08 15:30:29,6751,0.21923,0.26833,2.907,0.38264,89.264,29.042,212.18,127.35
2020-02-08 15:30:30,6752,0.21651,0.2662,1.0493,0.054711,89.32,29.041,209.35,127.33
2020-02-08 15:30:31,6753,0.21925,0.26763,2.9548,0.38264,89.421,29.035,232.93,126.33
2020-02-08 15:30:32,6754,0.22002,0.26933,2.7606,0.38264,89.448,29.034,216.01,126.67
2020-02-08 15:30:33,6755,0.21843,0.26955,2.6749,0.054711,89.327,29.051,221.26,127
2020-02-08 15:30:34,6756,0.21957,0.26957,2.4988,0.054711,89.352,29.051,218.06,126.33
2020-02-08 15:30:35,6757,0.21939,0.26948,2.812,0.054711,89.361,29.042,240.87,126.67
2020-02-08 15:30:36,6758,0.21689,0.26755,2.6431,0.054711,89.11,29.047,217.37,127
2020-02-08 15:30:37,6759,0.21996,0.26883,2.2428,0.054711,89.325,29.043,247.22,127
2020-02-08 15:30:38,6760,0.21813,0.26614,1.8965,0.054711,89.293,29.042,225.41,127
2020-02-08 15:30:39,6761,0.21981,0.26803,1.8432,-0.27322,89.279,29.053,219.68,127
2020-02-08 15:30:40,6762,0.21875,0.26687,2.1614,0.054711,89.432,29.041,249.94,127
2020-02-08 15:30:41,6763,0.21981,0.26877,1.3894,0.054711,89.154,29.037,218.37,127
2020-02-08 15:30:42,6764,0.21897,0.26873,1.9399,0.38264,89.4,29.042,229.64,126.33
2020-02-08 15:30:43,6765,0.2179,0.26771,1.8517,0.38264,89.434,29.042,223.3,126.67
2020-02-08 15:30:44,6766,0.21998,0.26775,1.9259,0.054711,89.336,29.037,231.42,127
2020-02-08 15:30:45,6767,0.21714,0.26727,2.5901,0.38264,89.473,29.046,230.12,127
2020-02-08 15:30:46,6768,0.22039,0.26939,1.9329,0.054711,89.293,29.056,232.46,127
2020-02-08 15:30:48,6769,0.22012,0.26579,1.7792,0.38264,89.252,29.054,222.08,126.33
2020-02-08 15:30:49,6770,0.22094,0.26858,2.7095,0.054711,89.446,29.054,228.36,126
2020-02-08 15:30:50,6771,0.21929,0.26902,2.7857,-0.27322,89.612,29.051,225.84,127.35
2020-02-08 15:30:51,6772,0.21968,0.27102,2.7424,-0.27322,89.325,29.051,225.83,127.33
2020-02-08 15:30:52,6773,0.22076,0.26881,1.8295,0.38264,89.355,29.046,232.29,127
2020-02-08 15:30:53,6774,0.21995,0.26911,1.9484,0.054711,89.286,29.057,225.9,127
2020-02-08 15:30:54,6775,0.22056,0.26649,2.2917,-0.27322,89.428,29.055,238.7,126.33
2020-02-08 15:30:55,6776,0.22031,0.26962,2.4814,-0.27322,89.259,29.052,218.7,126.67
2020-02-08 15:30:56,6777,0.21958,0.26842,2.7064,0.38264,89.359,29.055,235.91,127
2020-02-08 15:30:57,6778,0.21923,0.26964,2.0984,0.054711,89.309,29.053,249.2,127
2020-02-08 15:30:58,6779,0.2203,0.26782,2.0548,0.054711,89.326,29.053,250.83,127
2020-02-08 15:30:59,6780,0.21605,0.26739,2.7017,0.38264,89.562,29.058,203.46,126.33
2020-02-08 15:31:00,6781,0.21926,0.2691,1.396,0.38264,89.359,29.058,205.98,126.67
2020-02-08 15:31:01,6782,0.21842,0.26622,2.7587,0.38264,89.571,29.052,227.31,127
2020-02-08 15:31:02,6783,0.21928,0.26864,1.5297,0.054711,89.323,29.057,217.26,127
2020-02-08 15:31:03,6784,0.221,0.26682,2.7325,0.054711,89.198,29.059,230.85,126.33
2020-02-08 15:31:04,6785,0.22005,0.26994,2.3479,0.054711,89.334,29.056,229.35,126.67
2020-02-08 15:31:05,6786,0.22035,0.26978,1.8263,0.054711,89.368,29.056,223.71,127
2020-02-08 15:31:06,6787,0.21862,0.27031,2.4938,0.38264,89.369,29.057,229.24,127
2020-02-08 15:31:07,6788,0.22162,0.27098,3.0912,0.38264,89.707,29.058,247.93,126.33
2020-02-08 15:31:08,6789,0.21743,0.26824,1.3364,0.38264,89.413,29.058,219.4,126.67
2020-02-08 15:31:10,6790,0.21902,0.26936,2.8942,0.054711,89.495,29.062,202.86,126.33
2020-02-08 15:31:11,6791,0.21865,0.26702,2.883,0.054711,89.007,29.053,227.36,126
2020-02-08 15:31:12,6792,0.21943,0.26942,1.7248,0.38264,89.685,29.064,219.3,126.67
2020-02-08 15:31:13,6793,0.22026,0.26904,2.356,0.054711,88.821,29.055,224.82,126.33
2020-02-08 15:31:14,6794,0.21982,0.2701,2.6764,0.054711,88.861,29.055,216.91,126.67
2020-02-08 15:31:15,6795,0.2211,0.2701,2.9181,0.054711,89.626,29.066,240.37,126.67
2020-02-08 15:31:16,6796,0.21979,0.26915,2.7519,0.054711,89.251,29.063,235.66,127
2020-02-08 15:31:17,6797,0.21749,0.2683,2.6455,0.054711,89.014,29.063,232.19,126.33
2020-02-08 15:31:18,6798,0.21829,0.26922,3.1672,0.38264,88.668,29.058,238.84,126.67
2020-02-08 15:31:19,6799,0.21968,0.26748,2.5907,0.054711,89.536,29.055,222.1,127
2020-02-08 15:31:20,6800,0.22016,0.26947,2.6311,0.38264,88.855,29.068,241.34,127
2020-02-08 15:31:21,6801,0.21996,0.27029,2.7418,0.054711,89.251,29.055,226.57,127
2020-02-08 15:31:22,6802,0.21878,0.27013,1.8763,0.054711,89.15,29.069,228.04,127
2020-02-08 15:31:23,6803,0.22094,0.26875,2.1464,0.054711,88.907,29.056,247.09,127
2020-02-08 15:31:24,6804,0.21701,0.26834,2.9153,0.054711,88.927,29.056,245.45,127
2020-02-08 15:31:25,6805,0.21869,0.27015,1.7687,0.054711,88.942,29.064,227.48,126.33
2020-02-08 15:31:26,6806,0.21902,0.26806,2.5118,0.054711,88.922,29.067,232.53,126.67
2020-02-08 15:31:27,6807,0.21921,0.27032,1.21,0.38264,88.889,29.062,206.63,127
2020-02-08 15:31:28,6808,0.21996,0.27059,1.7151,-0.60114,88.989,29.069,226.99,127
2020-02-08 15:31:29,6809,0.21991,0.26951,1.7595,0.054711,88.826,29.064,215.77,126.33
2020-02-08 15:31:30,6810,0.22065,0.27137,2.6398,0.054711,88.873,29.065,228.62,126.67
2020-02-08 15:31:31,6811,0.21813,0.27135,1.8215,0.38264,88.869,29.075,229.47,126.33
2020-02-08 15:31:33,6812,0.21971,0.26885,1.697,0.38264,88.929,29.061,219.31,126.67
2020-02-08 15:31:34,6813,0.21787,0.26921,1.7867,0.38264,88.885,29.061,217.95,126.33
2020-02-08 15:31:35,6814,0.2184,0.2691,2.0082,0.71057,88.911,29.055,228.77,126.67
2020-02-08 15:31:36,6815,0.2197,0.26921,2.0856,0.38264,89.085,29.064,248.3,127
2020-02-08 15:31:37,6816,0.22058,0.26811,2.8345,0.38264,88.656,29.064,239.18,127
2020-02-08 15:31:38,6817,0.22069,0.26974,1.6973,0.054711,88.774,29.058,208.27,127.67
2020-02-08 15:31:39,6818,0.2207,0.27109,2.7026,0.71057,88.726,29.05,231.94,126.67
2020-02-08 15:31:40,6819,0.21764,0.27034,2.1547,0.054711,89.066,29.057,251.3,127
2020-02-08 15:31:41,6820,0.21776,0.26945,1.9834,0.054711,88.699,29.057,227.71,126.33
2020-02-08 15:31:42,6821,0.21879,0.2706,2.6505,0.054711,88.979,29.057,234.4,126.67
2020-02-08 15:31:43,6822,0.21827,0.26831,1.245,-0.27322,88.964,29.058,210.08,127
2020-02-08 15:31:44,6823,0.21649,0.26773,1.7179,0.38264,88.913,29.055,222.2,126.33
2020-02-08 15:31:45,6824,0.21793,0.26769,2.8122,0.054711,88.952,29.06,234.32,126
2020-02-08 15:31:46,6825,0.2177,0.27083,2.6341,0.71057,89.082,29.061,228.47,125.33
2020-02-08 15:31:47,6826,0.2186,0.26754,1.8466,-0.27322,88.882,29.057,230.26,126.35
2020-02-08 15:31:48,6827,0.21955,0.26942,2.5038,-0.27322,88.717,29.053,229.73,127
2020-02-08 15:31:49,6828,0.21776,0.26988,2.4851,-0.27322,88.973,29.053,225.32,126.33
2020-02-08 15:31:50,6829,0.21979,0.27142,2.6077,0.054711,89.174,29.049,240.93,126.67
2020-02-08 15:31:51,6830,0.2177,0.27155,1.803,0.054711,88.891,29.061,228.92,127
2020-02-08 15:31:52,6831,0.21812,0.2687,2.5775,-0.27322,88.71,29.06,227.3,126.33
2020-02-08 15:31:53,6832,0.21817,0.27065,3.0734,0.054711,88.963,29.07,245.48,126.67
2020-02-08 15:31:54,6833,0.21686,0.26826,1.8189,0.054711,89.024,29.056,229.93,127
2020-02-08 15:31:56,6834,0.21865,0.26917,1.9537,0.38264,89.277,29.068,237.27,126.33
2020-02-08 15:31:57,6835,0.21834,0.26875,2.9171,0.38264,88.836,29.068,240.38,126
2020-02-08 15:31:58,6836,0.21942,0.26985,1.8702,-0.27322,88.901,29.055,229.56,126.67
2020-02-08 15:31:59,6837,0.21892,0.26834,2.4534,0.054711,89.247,29.056,229.42,127
2020-02-08 15:32:00,6838,0.22004,0.2704,2.8103,0.71057,88.707,29.063,246.71,127
2020-02-08 15:32:01,6839,0.2189,0.27035,2.638,0.054711,88.795,29.069,225.26,126.67
2020-02-08 15:32:02,6840,0.21896,0.27102,1.8759,0.054711,89.319,29.075,222.31,127
2020-02-08 15:32:03,6841,0.21721,0.26874,2.8995,0.38264,89.364,29.072,251.47,126.33
2020-02-08 15:32:04,6842,0.21945,0.27046,3.0349,0.38264,89.325,29.072,227.35,126.67
2020-02-08 15:32:05,6843,0.21979,0.2677,2.7915,0.054711,88.969,29.07,230.09,127
2020-02-08 15:32:06,6844,0.22096,0.27001,2.9412,0.054711,89.089,29.08,242.93,126.33
2020-02-08 15:32:07,6845,0.22004,0.27103,2.8884,0.054711,88.904,29.091,217.25,126
2020-02-08 15:32:08,6846,0.22015,0.27095,0.92221,-0.27322,89.394,29.076,210.33,126.67
2020-02-08 15:32:09,6847,0.21931,0.27192,2.7588,0.054711,89.403,29.085,222.57,126.33
2020-02-08 15:32:10,6848,0.21698,0.26813,1.8634,0.054711,89.381,29.083,228.09,126.67
2020-02-08 15:32:11,6849,0.22063,0.27083,2.8692,0.71057,89.096,29.084,237.43,126.33
2020-02-08 15:32:12,6850,0.21906,0.26631,2.6319,0.71057,89.21,29.084,237.75,126
2020-02-08 15:32:13,6851,0.22078,0.26732,2.5619,0.71057,88.789,29.083,237.2,127.35
2020-02-08 15:32:14,6852,0.22059,0.2654,2.585,0.71057,89.429,29.085,231.23,126.66
2020-02-08 15:32:15,6853,0.21971,0.26656,2.5256,0.38264,89.407,29.082,238.24,126.67
2020-02-08 15:32:16,6854,0.21831,0.26728,2.6631,0.38264,89.459,29.092,229.51,127.67
2020-02-08 15:32:18,6855,0.21873,0.26472,2.8761,0.054711,89.542,29.088,225.86,126.66
2020-02-08 15:32:19,6856,0.22158,0.26777,2.9638,0.054711,89.393,29.09,239.03,126.67
2020-02-08 15:32:20,6857,0.21584,0.26308,2.2782,0.054711,89.327,29.084,238.87,127
2020-02-08 15:32:21,6858,0.21868,0.26533,1.9373,0.38264,89.37,29.09,210.26,127
2020-02-08 15:32:22,6859,0.21849,0.2615,2.682,0.38264,89.299,29.09,218.58,127
2020-02-08 15:32:23,6860,0.21884,0.26484,2.5523,0.054711,89.283,29.083,232.2,127
2020-02-08 15:32:24,6861,0.21952,0.26412,2.96,0.054711,89.354,29.083,237.29,127
2020-02-08 15:32:25,6862,0.21919,0.26714,1.9798,0.054711,89.388,29.077,237.53,126.33
2020-02-08 15:32:26,6863,0.21717,0.26305,2.6765,0.054711,89.419,29.095,227.62,126.67
2020-02-08 15:32:27,6864,0.21944,0.26553,1.7475,0.054711,89.377,29.085,213.04,127
2020-02-08 15:32:28,6865,0.21475,0.26223,1.7916,0.054711,89.369,29.076,219.23,127
2020-02-08 15:32:29,6866,0.21832,0.26495,2.7385,0.054711,89.443,29.08,233.96,126.33
2020-02-08 15:32:30,6867,0.21742,0.26234,1.1201,0.054711,89.457,29.08,228.52,126.67
2020-02-08 15:32:31,6868,0.21908,0.26516,2.6645,0.054711,89.505,29.083,236.86,127
2020-02-08 15:32:32,6869,0.21772,0.26404,2.2857,0.054711,89.392,29.081,251.83,126.33
2020-02-08 15:32:33,6870,0.21909,0.26331,1.7132,0.054711,89.32,29.077,222,126
2020-02-08 15:32:34,6871,0.21895,0.26476,2.686,0.054711,89.592,29.081,235.33,126
2020-02-08 15:32:35,6872,0.21691,0.2625,2.1427,0.054711,89.665,29.083,247.86,126.67
2020-02-08 15:32:36,6873,0.21972,0.26553,2.5817,0.054711,89.386,29.086,229.04,127.67
2020-02-08 15:32:37,6874,0.21555,0.26096,1.8134,0.054711,89.472,29.087,207.49,126.66
2020-02-08 15:32:38,6875,0.21965,0.26482,1.8828,0.054711,89.347,29.087,229.44,126
2020-02-08 15:32:39,6876,0.21806,0.26082,1.9551,0.054711,89.644,29.082,231.71,126
2020-02-08 15:32:40,6877,0.21981,0.2636,2.48,-0.27322,89.342,29.08,224.93,126.67
2020-02-08 15:32:42,6878,0.21882,0.2636,2.1568,0.054711,89.288,29.082,228.16,126.33
2020-02-08 15:32:43,6879,0.21938,0.26344,1.7225,0.054711,89.604,29.085,222.21,126.67
2020-02-08 15:32:44,6880,0.21911,0.26624,1.8518,0.054711,89.341,29.081,228.59,126.33
2020-02-08 15:32:45,6881,0.21678,0.26265,2.4293,0.054711,89.198,29.077,217.13,126
2020-02-08 15:32:46,6882,0.21974,0.26396,2.8342,0.71057,89.24,29.076,233.06,126.67
2020-02-08 15:32:47,6883,0.21948,0.26484,2.0447,0.054711,89.538,29.081,217.54,126.67
2020-02-08 15:32:48,6884,0.21769,0.26234,2.5823,0.054711,89.517,29.081,229.16,127
2020-02-08 15:32:49,6885,0.21932,0.26453,2.3063,0.054711,89.627,29.073,218.39,127
2020-02-08 15:32:50,6886,0.21932,0.26489,2.0006,0.38264,89.553,29.076,228.84,127
2020-02-08 15:32:51,6887,0.21943,0.26425,2.547,0.054711,88.984,29.07,241.4,126.33
2020-02-08 15:32:52,6888,0.21933,0.26672,2.0918,0.054711,89.047,29.079,230.4,126.67
2020-02-08 15:32:53,6889,0.21763,0.26427,2.9345,0.054711,89.261,29.069,240.97,126.33
2020-02-08 15:32:54,6890,0.22042,0.26577,2.5955,0.054711,89.146,29.076,236.31,127.35
2020-02-08 15:32:55,6891,0.21622,0.2636,2.4979,0.054711,89.258,29.076,237.8,126.66
2020-02-08 15:32:56,6892,0.21899,0.26549,2.0797,0.054711,89.043,29.071,238.32,126.67
2020-02-08 15:32:57,6893,0.21902,0.26294,1.8245,0.38264,89.07,29.078,218.35,127
2020-02-08 15:32:58,6894,0.21971,0.26581,2.2159,0.054711,89.023,29.075,241.97,127
2020-02-08 15:32:59,6895,0.21904,0.26663,1.7602,0.38264,88.842,29.064,226.28,126.33
2020-02-08 15:33:00,6896,0.21926,0.26669,2.0022,0.71057,88.947,29.07,232.09,126.67
2020-02-08 15:33:01,6897,0.22007,0.26697,1.9209,0.054711,89.024,29.07,228.79,127
2020-02-08 15:33:02,6898,0.2154,0.26506,1.5327,0.054711,88.986,29.07,215.86,127
2020-02-08 15:33:04,6899,0.22082,0.26334,1.6576,0.38264,88.99,29.076,227.42,127.67
2020-02-08 15:33:05,6900,0.21859,0.26338,1.8146,0.38264,88.843,29.076,229.08,127.33
2020-02-08 15:33:06,6901,0.21972,0.26465,1.9172,0.38264,88.942,29.082,232.65,126.33
2020-02-08 15:33:07,6902,0.21995,0.26246,1.8546,0.054711,89.007,29.071,227.81,126.67
2020-02-08 15:33:08,6903,0.22027,0.2662,2.282,0.054711,88.921,29.081,234.49,127
2020-02-08 15:33:09,6904,0.21837,0.26685,1.7236,0.38264,88.862,29.077,220.19,127.35
2020-02-08 15:33:10,6905,0.22048,0.2651,2.6099,0.054711,88.934,29.078,236.99,128
2020-02-08 15:33:11,6906,0.21697,0.26465,2.787,0.054711,88.953,29.067,242.75,126.66
2020-02-08 15:33:12,6907,0.21848,0.26521,1.2019,0.054711,88.829,29.067,212.69,126.67
2020-02-08 15:33:13,6908,0.2192,0.26171,2.6319,0.38264,88.92,29.073,228.19,127
2020-02-08 15:33:14,6909,0.21994,0.26617,2.7031,-0.60114,88.998,29.073,237.47,127.67
2020-02-08 15:33:15,6910,0.21933,0.26513,2.0318,0.38264,88.858,29.07,205.1,127.33
2020-02-08 15:33:16,6911,0.21916,0.26686,2.1279,0.054711,88.604,29.068,218.17,126.33
2020-02-08 15:33:17,6912,0.21979,0.26592,1.9529,0.054711,88.987,29.076,218.19,126.67
2020-02-08 15:33:18,6913,0.21687,0.26658,2.2041,0.38264,88.82,29.074,208.96,127
2020-02-08 15:33:19,6914,0.21908,0.26566,2.5123,0.38264,88.906,29.07,241.2,127.67
2020-02-08 15:33:20,6915,0.21741,0.26614,2.1336,0.054711,88.691,29.074,222.08,126.66
2020-02-08 15:33:21,6916,0.21813,0.26676,2.301,0.054711,88.846,29.074,229.78,126.67
2020-02-08 15:33:22,6917,0.2184,0.26391,2.6701,-0.27322,89.091,29.078,250.81,127
2020-02-08 15:33:23,6918,0.2188,0.26639,1.4107,0.054711,88.774,29.067,223.11,127.67
2020-02-08 15:33:24,6919,0.21862,0.2653,2.4074,0.054711,88.924,29.07,228.33,128
2020-02-08 15:33:26,6920,0.21844,0.2668,2.6902,0.054711,88.795,29.077,221.25,126.66
2020-02-08 15:33:27,6921,0.21858,0.26697,3.0353,0.054711,89.047,29.069,251.05,126
2020-02-08 15:33:28,6922,0.21672,0.26571,2.8359,0.054711,88.955,29.072,204.12,126
2020-02-08 15:33:29,6923,0.21936,0.26472,2.3444,0.054711,88.785,29.072,222.21,126.67
2020-02-08 15:33:30,6924,0.21611,0.26533,2.6781,0.054711,88.992,29.074,233.75,126.33
2020-02-08 15:33:31,6925,0.21747,0.26614,2.6955,0.38264,89.091,29.072,231.47,127.35
2020-02-08 15:33:32,6926,0.21831,0.2664,2.1105,0.38264,88.768,29.075,230.34,126.67
2020-02-08 15:33:33,6927,0.21879,0.26629,2.6044,0.054711,88.763,29.069,232.55,127
2020-02-08 15:33:34,6928,0.21845,0.2651,2.5565,0.054711,89.019,29.063,233.46,127
2020-02-08 15:33:35,6929,0.21876,0.26745,2.6481,0.054711,88.673,29.08,226.55,127
2020-02-08 15:33:36,6930,0.21808,0.26771,2.3552,0.38264,88.965,29.076,222.78,127
2020-02-08 15:33:37,6931,0.21935,0.26686,1.9049,0.38264,89.228,29.076,225.5,126.33
2020-02-08 15:33:38,6932,0.21581,0.26614,2.4586,0.054711,88.804,29.077,235.38,126
2020-02-08 15:33:39,6933,0.21725,0.26693,2.5648,-0.27322,88.768,29.079,232.02,126.67
2020-02-08 15:33:40,6934,0.21773,0.26544,2.5695,0.054711,89.285,29.086,225.01,126.33
2020-02-08 15:33:41,6935,0.21755,0.26604,2.9802,0.38264,89.338,29.082,239.64,126.67
2020-02-08 15:33:42,6936,0.21898,0.26546,2.491,0.054711,89.132,29.09,223.77,127.67
2020-02-08 15:33:43,6937,0.2188,0.26425,2.7077,0.38264,89.224,29.085,240.13,126.66
2020-02-08 15:33:44,6938,0.21898,0.26618,2.487,0.054711,89.379,29.088,233.27,126
2020-02-08 15:33:45,6939,0.21788,0.2667,1.8565,0.054711,89.149,29.088,233.74,126.67
2020-02-08 15:33:46,6940,0.21919,0.2668,2.915,0.054711,89.382,29.094,237.42,127
2020-02-08 15:33:48,6941,0.21703,0.26647,2.8003,0.054711,88.887,29.087,234.08,126.33
2020-02-08 15:33:49,6942,0.21744,0.26554,2.3968,0.054711,89.274,29.097,228.3,126.67
2020-02-08 15:33:50,6943,0.21836,0.26667,2.3321,0.71057,89.401,29.093,215.02,126.33
2020-02-08 15:33:51,6944,0.21699,0.26481,2.3261,0.054711,89.282,29.097,229.3,126.67
2020-02-08 15:33:52,6945,0.2193,0.26666,2.5524,0.054711,89.34,29.093,236.4,126.33
2020-02-08 15:33:53,6946,0.21923,0.26526,0.9922,0.054711,89.424,29.092,208.51,126.33
2020-02-08 15:33:54,6947,0.21865,0.26814,2.3128,0.054711,89.387,29.092,230.99,126.67
2020-02-08 15:33:55,6948,0.21954,0.26717,2.3721,0.054711,89.358,29.093,230.69,127
2020-02-08 15:33:56,6949,0.2184,0.26878,2.4975,-0.60114,89.441,29.094,229.79,126.33
2020-02-08 15:33:57,6950,0.21769,0.26494,2.7208,0.054711,89.252,29.089,229.31,126
2020-02-08 15:33:58,6951,0.21879,0.2667,2.5793,0.054711,89.262,29.09,229.77,126
2020-02-08 15:33:59,6952,0.21719,0.26481,2.0353,0.054711,89.371,29.103,228.89,126.67
2020-02-08 15:34:00,6953,0.21907,0.26606,2.3896,-0.27322,89.346,29.095,243.63,127
2020-02-08 15:34:01,6954,0.21896,0.26479,1.5489,0.38264,89.401,29.097,223.95,127.67
2020-02-08 15:34:02,6955,0.21961,0.26616,2.309,0.054711,89.275,29.097,231.68,127.33
2020-02-08 15:34:03,6956,0.21753,0.26653,2.311,0.054711,89.436,29.097,229.71,126.33
2020-02-08 15:34:04,6957,0.21867,0.26632,2.8651,0.054711,89.379,29.1,247,126
2020-02-08 15:34:05,6958,0.21772,0.26785,2.6988,0.71057,89.319,29.106,238.68,126
2020-02-08 15:34:06,6959,0.21667,0.26448,2.8964,0.054711,89.565,29.101,239.42,126.67
2020-02-08 15:34:07,6960,0.21785,0.26658,2.7184,-0.27322,89.506,29.098,227.22,126.33
2020-02-08 15:34:08,6961,0.21568,0.26427,2.3899,0.38264,89.35,29.11,221.74,126.67
2020-02-08 15:34:09,6962,0.21898,0.26682,2.4237,0.054711,89.403,29.098,238.53,126.33
2020-02-08 15:34:10,6963,0.2172,0.2647,2.4024,0.054711,89.756,29.109,224.14,126.67
2020-02-08 15:34:12,6964,0.21915,0.26666,2.6901,0.054711,89.589,29.109,232.85,127
2020-02-08 15:34:13,6965,0.21853,0.26526,2.6317,0.38264,89.467,29.106,232.36,126.33
2020-02-08 15:34:14,6966,0.22003,0.26697,0.8632,-0.27322,89.697,29.097,212.37,126
2020-02-08 15:34:15,6967,0.2184,0.2681,2.5229,0.054711,89.75,29.102,222.24,126
2020-02-08 15:34:16,6968,0.21902,0.26732,2.2936,0.054711,89.636,29.105,215.52,126.67
2020-02-08 15:34:17,6969,0.21653,0.26546,1.8701,0.054711,89.703,29.108,207.32,126.33
2020-02-08 15:34:18,6970,0.21888,0.26659,2.1117,0.054711,88.94,29.096,229.81,126
2020-02-08 15:34:19,6971,0.21772,0.26312,2.5496,0.38264,89.161,29.104,228.88,126
2020-02-08 15:34:20,6972,0.21995,0.26611,2.4245,0.71057,89.469,29.1,251.72,126.67
2020-02-08 15:34:21,6973,0.21878,0.26532,2.8062,0.71057,89.004,29.1,230.16,126.33
2020-02-08 15:34:22,6974,0.21965,0.2675,2.7718,0.054711,89.708,29.093,231.58,126.67
2020-02-08 15:34:23,6975,0.21806,0.26719,2.3114,0.71057,89.021,29.093,224.63,126.33
2020-02-08 15:34:24,6976,0.21693,0.26531,2.7639,-0.27322,89.25,29.103,223.84,126.67
2020-02-08 15:34:25,6977,0.21859,0.26698,2.7197,-0.27322,89.227,29.09,235.35,126.33
2020-02-08 15:34:26,6978,0.21676,0.2647,2.4571,0.054711,89.074,29.101,237.26,126.67
2020-02-08 15:34:27,6979,0.21931,0.26576,0.92904,0.054711,88.955,29.093,209.59,127
2020-02-08 15:34:28,6980,0.21915,0.26462,2.581,0.71057,88.922,29.094,235.82,127
2020-02-08 15:34:29,6981,0.21971,0.2657,2.8599,0.054711,88.962,29.083,250.27,126.33
2020-02-08 15:34:30,6982,0.21842,0.26842,2.7492,0.054711,88.876,29.083,239.01,126
2020-02-08 15:34:31,6983,0.21804,0.26514,2.83,0.054711,88.864,29.092,230.03,126.67
2020-02-08 15:34:32,6984,0.21863,0.2667,2.5013,-0.27322,88.918,29.1,233.7,127
2020-02-08 15:34:34,6985,0.21529,0.26387,2.0139,0.38264,88.852,29.098,228.49,126.33
2020-02-08 15:34:35,6986,0.21849,0.26622,2.5836,-0.60114,88.751,29.094,249.41,126.67
2020-02-08 15:34:36,6987,0.21778,0.26268,2.7388,0.054711,88.913,29.095,231.98,126.33
2020-02-08 15:34:37,6988,0.21885,0.26464,2.7098,0.38264,88.957,29.099,229.75,126.67
2020-02-08 15:34:38,6989,0.21784,0.26506,2.7024,0.054711,88.973,29.098,227.56,126.33
2020-02-08 15:34:39,6990,0.21824,0.26676,1.9855,0.054711,88.872,29.098,224.37,126.67
2020-02-08 15:34:40,6991,0.21664,0.26411,2.2692,0.054711,89.003,29.09,229.06,127
2020-02-08 15:34:41,6992,0.21872,0.26622,1.0186,0.054711,88.806,29.096,209.92,126.33
2020-02-08 15:34:42,6993,0.21467,0.26282,1.0197,0.054711,88.828,29.085,207.69,127.35
2020-02-08 15:34:43,6994,0.21869,0.26612,2.5669,0.054711,88.958,29.085,225.89,126.66
2020-02-08 15:34:44,6995,0.21778,0.2633,1.0786,-0.27322,89.007,29.089,212.58,126.67
2020-02-08 15:34:45,6996,0.2197,0.26478,2.6545,0.38264,88.869,29.079,237.18,127
2020-02-08 15:34:46,6997,0.21882,0.26552,1.1021,-0.27322,88.982,29.09,212.94,126.33
2020-02-08 15:34:47,6998,0.21944,0.26484,2.0636,-0.27322,88.871,29.09,233.38,127.35
2020-02-08 15:34:48,6999,0.21871,0.2675,1.9606,-0.60114,88.93,29.096,229.25,126.66
2020-02-08 15:34:49,7000,0.21716,0.26369,1.9295,0.38264,88.855,29.094,228.97,126.67
2020-02-08 15:34:50,7001,0.21998,0.26647,2.7381,0.38264,88.955,29.092,225.71,127
2020-02-08 15:34:51,7002,0.21643,0.2642,1.8549,0.054711,89.137,29.09,227.79,127.67
2020-02-08 15:34:52,7003,0.2181,0.26486,1.8433,0.054711,88.975,29.094,231.09,127.33
2020-02-08 15:34:53,7004,0.21489,0.26358,1.7039,0.71057,88.79,29.095,218.13,126.33
2020-02-08 15:34:55,7005,0.21736,0.26563,2.635,-0.27322,88.887,29.099,239.28,126.67
2020-02-08 15:34:56,7006,0.21627,0.26284,2.0028,-0.27322,88.932,29.099,229.13,126.33
2020-02-08 15:34:57,7007,0.21807,0.26721,1.8744,0.054711,88.862,29.097,230.15,126
2020-02-08 15:34:58,7008,0.21742,0.26349,2.1632,0.054711,88.888,29.089,240.93,126
2020-02-08 15:34:59,7009,0.2198,0.26533,1.9452,-0.27322,88.752,29.095,224.15,126.67
2020-02-08 15:35:00,7010,0.21809,0.26539,2.728,0.054711,89.027,29.103,230.9,126.67
2020-02-08 15:35:01,7011,0.21876,0.26623,2.1588,0.054711,88.778,29.089,231.58,126.33
2020-02-08 15:35:02,7012,0.21763,0.26537,2.1895,0.054711,88.807,29.091,221.88,126
2020-02-08 15:35:03,7013,0.21988,0.26549,2.9634,0.38264,88.936,29.086,248.5,126
2020-02-08 15:35:04,7014,0.21632,0.26497,2.0817,0.38264,88.923,29.089,220.67,126.67
2020-02-08 15:35:05,7015,0.2198,0.26626,0.91889,0.38264,88.84,29.089,208.67,127
2020-02-08 15:35:06,7016,0.21864,0.26265,1.77,-0.27322,88.808,29.087,223.98,127
2020-02-08 15:35:07,7017,0.22007,0.26599,2.5914,0.054711,88.826,29.087,228.91,127
2020-02-08 15:35:08,7018,0.21918,0.26495,2.5235,0.054711,88.813,29.082,230.09,127
2020-02-08 15:35:09,7019,0.21961,0.26634,2.5089,0.054711,88.897,29.089,219.4,127
2020-02-08 15:35:10,7020,0.21965,0.26684,2.64,0.38264,88.927,29.093,231.42,127
2020-02-08 15:35:11,7021,0.21756,0.2658,2.3731,0.38264,88.87,29.09,233.36,126.33
2020-02-08 15:35:12,7022,0.22057,0.26603,2.9863,0.054711,88.789,29.084,246.7,126
2020-02-08 15:35:13,7023,0.21567,0.26437,2.4443,0.054711,89.229,29.084,221.92,126.67
2020-02-08 15:35:14,7024,0.21939,0.26701,1.9965,0.054711,88.897,29.076,213.11,127.67
2020-02-08 15:35:15,7025,0.21905,0.26319,2.9902,0.054711,89.197,29.087,248.97,126.66
2020-02-08 15:35:16,7026,0.21965,0.26647,2.2788,0.71057,88.962,29.08,223.56,126.67
2020-02-08 15:35:18,7027,0.21953,0.26566,2.5009,0.054711,89.087,29.078,223.81,127
2020-02-08 15:35:19,7028,0.21948,0.26634,2.7682,0.054711,89.374,29.089,229.84,126.33
2020-02-08 15:35:20,7029,0.21976,0.26641,2.2958,0.38264,88.894,29.071,221.8,126
2020-02-08 15:35:21,7030,0.21726,0.26659,2.4493,0.38264,89.276,29.074,223.17,126
2020-02-08 15:35:22,7031,0.22079,0.26468,2.7529,0.38264,89.268,29.074,232.36,127.35
2020-02-08 15:35:23,7032,0.21908,0.26606,3.1218,0.054711,89.294,29.08,236.6,126
2020-02-08 15:35:24,7033,0.21854,0.26323,2.6413,0.054711,89.482,29.084,233.37,126
2020-02-08 15:35:25,7034,0.21981,0.26634,2.4677,0.38264,89.367,29.093,231.23,126.67
2020-02-08 15:35:26,7035,0.2194,0.26562,2.7357,0.38264,89.293,29.086,208.67,126.33
2020-02-08 15:35:27,7036,0.21948,0.26793,2.5869,0.054711,89.397,29.099,221.25,126
2020-02-08 15:35:28,7037,0.22007,0.26598,2.8462,0.054711,89.346,29.086,243.77,126.67
2020-02-08 15:35:29,7038,0.21698,0.26613,2.6603,0.054711,89.272,29.086,228.48,127
2020-02-08 15:35:30,7039,0.21919,0.26584,2.6503,0.054711,89.421,29.093,229.33,126.33
2020-02-08 15:35:31,7040,0.21785,0.26455,2.6793,0.054711,89.393,29.093,229.75,126.67
2020-02-08 15:35:32,7041,0.2181,0.26523,2.6829,0.38264,89.403,29.097,228.99,127
2020-02-08 15:35:33,7042,0.21882,0.26288,2.5745,0.38264,89.467,29.114,221.92,127
2020-02-08 15:35:34,7043,0.21912,0.2658,1.9656,0.38264,89.363,29.103,218.73,127
2020-02-08 15:35:35,7044,0.21897,0.26604,2.0351,0.054711,89.362,29.11,235.22,126.33
2020-02-08 15:35:36,7045,0.21874,0.26643,2.5848,0.054711,89.376,29.11,229.32,126
2020-02-08 15:35:37,7046,0.21951,0.26578,1.9216,0.054711,89.378,29.103,224.48,126.67
2020-02-08 15:35:38,7047,0.2177,0.26722,1.8765,0.054711,89.561,29.099,228.88,126.33
2020-02-08 15:35:40,7048,0.21875,0.2638,2.8688,0.38264,89.345,29.103,237.5,126.67
2020-02-08 15:35:41,7049,0.2174,0.26449,1.7054,0.71057,89.317,29.109,219.1,127
2020-02-08 15:35:42,7050,0.21771,0.26466,2.5347,0.054711,89.429,29.107,219.94,126.33
2020-02-08 15:35:43,7051,0.21879,0.26293,2.042,0.054711,89.404,29.109,251.03,126.67
2020-02-08 15:35:44,7052,0.21891,0.26608,1.4199,0.054711,89.406,29.114,221.02,126.33
2020-02-08 15:35:45,7053,0.21951,0.26619,2.6551,0.054711,89.233,29.114,230.08,126.67
2020-02-08 15:35:46,7054,0.22004,0.26624,2.0934,-0.60114,89.608,29.114,243.86,127.35
2020-02-08 15:35:47,7055,0.21733,0.2664,2.9889,-0.27322,89.643,29.112,225.1,126.65
2020-02-08 15:35:48,7056,0.21851,0.26532,1.9149,0.054711,89.39,29.117,229.22,126.67
2020-02-08 15:35:49,7057,0.21817,0.26485,1.8192,0.054711,89.529,29.118,233.44,127
2020-02-08 15:35:50,7058,0.21796,0.26534,1.9806,0.054711,89.633,29.116,228.53,126.33
2020-02-08 15:35:51,7059,0.21981,0.26545,3.113,0.054711,89.668,29.116,249.95,127.35
2020-02-08 15:35:52,7060,0.21943,0.26428,2.646,0.054711,89.365,29.118,225.33,127.33
2020-02-08 15:35:53,7061,0.22018,0.26704,1.5854,0.054711,89.616,29.118,219.67,126.33
2020-02-08 15:35:54,7062,0.21902,0.26694,2.6657,0.054711,89.429,29.113,225.27,126.67
2020-02-08 15:35:55,7063,0.22036,0.26682,2.8084,0.38264,89.336,29.115,234.4,127
2020-02-08 15:35:56,7064,0.21724,0.26571,2.651,0.054711,89.439,29.118,225.89,127
2020-02-08 15:35:57,7065,0.21785,0.26569,2.8185,0.054711,89.655,29.119,226.8,127
2020-02-08 15:35:58,7066,0.219,0.26531,1.3164,-0.27322,89.46,29.116,214.69,127
2020-02-08 15:35:59,7067,0.21832,0.26434,2.8812,0.38264,88.83,29.114,225.91,126.33
2020-02-08 15:36:01,7068,0.21996,0.26534,2.6154,0.054711,89.457,29.122,229.83,126.67
2020-02-08 15:36:02,7069,0.21943,0.26476,3.1456,0.054711,89.584,29.122,249.96,126.33
2020-02-08 15:36:03,7070,0.21977,0.26474,2.8419,0.054711,89.461,29.116,204.51,126.67
2020-02-08 15:36:04,7071,0.21814,0.26505,2.9171,0.38264,89.366,29.116,247.89,126.33
2020-02-08 15:36:05,7072,0.22168,0.26478,2.6883,0.054711,89.546,29.12,230.48,126
2020-02-08 15:36:06,7073,0.21818,0.26441,2.7136,0.38264,89.467,29.124,233.11,126.33
2020-02-08 15:36:07,7074,0.21884,0.26491,3.0684,0.054711,88.936,29.127,250.95,126.67
2020-02-08 15:36:08,7075,0.2173,0.26313,1.3103,0.054711,89.477,29.126,208.47,126.33
2020-02-08 15:36:09,7076,0.21898,0.26513,2.8112,0.054711,89.535,29.126,228.4,126.67
2020-02-08 15:36:10,7077,0.21921,0.26315,2.648,0.054711,89.73,29.119,233.13,126.33
2020-02-08 15:36:11,7078,0.22018,0.2658,2.5253,0.054711,88.785,29.128,232.63,126
2020-02-08 15:36:12,7079,0.21907,0.26551,2.6291,0.054711,89.277,29.133,227.36,126.67
2020-02-08 15:36:13,7080,0.22012,0.26509,2.0533,0.054711,88.877,29.132,251.09,127
2020-02-08 15:36:14,7081,0.21869,0.26731,3.0372,0.054711,89.674,29.124,251.07,127
2020-02-08 15:36:15,7082,0.21933,0.26464,3.0619,0.054711,88.985,29.13,243.65,125.65
2020-02-08 15:36:16,7083,0.21852,0.26594,2.7549,0.054711,88.951,29.13,233.29,126.35
2020-02-08 15:36:17,7084,0.21734,0.26399,1.7411,0.71057,89.28,29.137,227.1,127
2020-02-08 15:36:18,7085,0.21891,0.26532,2.672,0.054711,88.989,29.13,229.29,126.33
2020-02-08 15:36:19,7086,0.21906,0.26363,2.6249,-0.27322,88.977,29.14,226.47,126.67
2020-02-08 15:36:20,7087,0.22032,0.26557,1.8513,0.054711,88.74,29.143,229.49,127
2020-02-08 15:36:21,7088,0.21899,0.26471,2.6406,0.054711,88.879,29.149,228.75,126.33
2020-02-08 15:36:23,7089,0.22036,0.26639,2.5882,0.054711,89.063,29.137,229.03,126
2020-02-08 15:36:24,7090,0.2188,0.26762,3.0828,0.38264,88.911,29.151,239.47,126.67
2020-02-08 15:36:25,7091,0.2186,0.26429,2.5484,0.38264,88.857,29.151,224.78,126.33
2020-02-08 15:36:26,7092,0.21642,0.26559,2.6348,0.38264,89.012,29.145,235.01,126.67
2020-02-08 15:36:27,7093,0.21487,0.26289,1.1314,-0.27322,88.87,29.145,214.51,127
2020-02-08 15:36:28,7094,0.21522,0.26197,1.85,-0.27322,89.014,29.145,229.34,127
2020-02-08 15:36:29,7095,0.21665,0.26435,1.3705,0.38264,88.835,29.14,225.25,127
2020-02-08 15:36:30,7096,0.21558,0.2647,2.9369,0.054711,88.796,29.138,237.54,127
2020-02-08 15:36:31,7097,0.21672,0.26541,2.9624,0.054711,89.054,29.137,242.71,127
2020-02-08 15:36:32,7098,0.21481,0.26593,1.9293,0.054711,88.918,29.137,223.84,126.33
2020-02-08 15:36:33,7099,0.21612,0.26549,2.1778,-0.27322,88.96,29.132,236.22,126.67
2020-02-08 15:36:34,7100,0.21549,0.2654,1.0071,0.054711,89.033,29.129,203.05,125.65
2020-02-08 15:36:35,7101,0.21325,0.26404,2.2868,0.38264,88.581,29.145,231.67,126.35
2020-02-08 15:36:36,7102,0.2163,0.26572,2.3525,0.054711,89.005,29.14,239.17,127
2020-02-08 15:36:37,7103,0.21338,0.26355,2.2347,0.054711,89.206,29.145,228.9,127
2020-02-08 15:36:38,7104,0.21665,0.26539,2.3319,0.38264,89.053,29.14,220.51,126.33
2020-02-08 15:36:39,7105,0.21581,0.26188,2.4764,0.38264,88.688,29.14,238.63,127.35
2020-02-08 15:36:40,7106,0.21711,0.26548,2.353,-0.27322,88.945,29.135,228.33,127.33
2020-02-08 15:36:41,7107,0.21523,0.26593,2.5828,-0.27322,88.906,29.135,241.78,126.33
2020-02-08 15:36:42,7108,0.21606,0.26493,2.6509,0.38264,88.739,29.136,222.2,126
2020-02-08 15:36:43,7109,0.21618,0.26668,2.9217,0.054711,89.052,29.138,242.57,126
2020-02-08 15:36:44,7110,0.21365,0.26365,2.4573,0.054711,89.076,29.14,230.42,126.67
2020-02-08 15:36:46,7111,0.21669,0.2659,2.6666,0.054711,88.998,29.144,234.72,127
2020-02-08 15:36:47,7112,0.2133,0.2633,2.5037,0.38264,88.729,29.147,230.94,126.33
2020-02-08 15:36:48,7113,0.21652,0.2649,2.5616,0.054711,88.989,29.14,238.75,126.67
2020-02-08 15:36:49,7114,0.21622,0.26297,2.6488,0.38264,88.836,29.153,219.74,126.33
2020-02-08 15:36:50,7115,0.21713,0.26504,2.4968,0.38264,88.772,29.153,221.32,126
2020-02-08 15:36:51,7116,0.2158,0.2666,2.9727,0.054711,88.815,29.151,246.56,127
2020-02-08 15:36:52,7117,0.21669,0.26708,2.7406,0.054711,88.884,29.151,230.4,126.33
2020-02-08 15:36:53,7118,0.21296,0.26323,2.6961,-0.27322,88.805,29.156,232.41,126.67
2020-02-08 15:36:54,7119,0.21621,0.26599,2.8102,0.71057,88.846,29.152,243.82,126.33
2020-02-08 15:36:55,7120,0.21471,0.26344,3.1146,0.38264,88.755,29.151,249.86,126
2020-02-08 15:36:56,7121,0.21629,0.26469,2.8235,0.38264,89.26,29.161,238.83,127.35
2020-02-08 15:36:57,7122,0.21627,0.26334,2.7494,0.38264,88.796,29.161,209.03,128
2020-02-08 15:36:58,7123,0.21707,0.26509,2.6912,0.054711,89.324,29.155,218.95,127.33
2020-02-08 15:36:59,7124,0.2159,0.26628,2.8474,0.054711,89.41,29.17,234.38,127
2020-02-08 15:37:00,7125,0.21555,0.26481,3.0662,-0.27322,89.293,29.166,248.01,126.33
2020-02-08 15:37:01,7126,0.21641,0.26618,2.624,0.38264,89.509,29.157,227.77,126.67
2020-02-08 15:37:02,7127,0.21355,0.26307,2.5094,0.054711,89.401,29.166,222.91,127
2020-02-08 15:37:03,7128,0.21657,0.26497,2.2531,0.38264,89.241,29.172,229.23,127
2020-02-08 15:37:04,7129,0.21561,0.26245,2.3901,0.054711,89.199,29.174,204.99,126.33
2020-02-08 15:37:05,7130,0.21755,0.26486,2.2123,-0.27322,89.611,29.167,228.56,126.67
2020-02-08 15:37:06,7131,0.21608,0.26493,1.064,-0.27322,89.297,29.167,203.11,127.67
2020-02-08 15:37:08,7132,0.21724,0.26593,2.6182,0.054711,89.412,29.178,230.29,127.33
2020-02-08 15:37:09,7133,0.21583,0.26602,1.165,0.38264,89.478,29.168,204.27,127
2020-02-08 15:37:10,7134,0.21424,0.26478,2.1301,-0.27322,89.39,29.175,231.58,126.33
2020-02-08 15:37:11,7135,0.21682,0.26545,1.9557,0.054711,89.427,29.17,229.54,126.67
2020-02-08 15:37:12,7136,0.21375,0.26436,2.0399,-0.27322,89.462,29.168,232.03,127
2020-02-08 15:37:13,7137,0.21554,0.26307,1.9301,-0.27322,89.391,29.165,233.73,126.65
2020-02-08 15:37:14,7138,0.21711,0.26609,1.4575,0.38264,89.494,29.163,205.51,126.67
2020-02-08 15:37:15,7139,0.21564,0.26608,1.8072,0.054711,89.332,29.166,230.81,127
2020-02-08 15:37:16,7140,0.21591,0.26534,1.7531,0.054711,89.318,29.166,223.78,127
2020-02-08 15:37:17,7141,0.21781,0.26536,2.547,0.38264,89.344,29.164,233.2,127
2020-02-08 15:37:18,7142,0.21286,0.26358,3.0027,0.054711,89.385,29.169,251.83,127
2020-02-08 15:37:19,7143,0.21732,0.26533,1.8878,0.054711,89.563,29.168,225.08,126.33
2020-02-08 15:37:20,7144,0.21523,0.26324,2.1868,0.38264,89.45,29.151,249.31,127.35
2020-02-08 15:37:21,7145,0.21664,0.26519,2.7036,-0.27322,89.563,29.16,238.76,127.33
2020-02-08 15:37:22,7146,0.21655,0.26396,2.6151,0.054711,88.948,29.161,234.93,126.33
2020-02-08 15:37:23,7147,0.21701,0.26548,2.878,0.054711,89.393,29.161,247.95,126.67
2020-02-08 15:37:24,7148,0.21698,0.26592,2.1707,0.054711,88.884,29.161,229.94,127
2020-02-08 15:37:25,7149,0.21545,0.26554,2.2466,0.38264,89.505,29.154,228.61,126.33
2020-02-08 15:37:26,7150,0.21784,0.26507,1.5298,0.38264,89.586,29.161,222.52,126
2020-02-08 15:37:27,7151,0.21342,0.26405,2.4885,0.054711,89.103,29.152,229.99,127.35
2020-02-08 15:37:29,7152,0.21626,0.26562,2.7016,0.38264,89.47,29.148,230.85,126.65
2020-02-08 15:37:30,7153,0.21643,0.26194,3.0701,0.054711,89.499,29.154,249.91,126.67
2020-02-08 15:37:31,7154,0.2165,0.26539,2.5916,0.054711,88.899,29.154,230.04,127
2020-02-08 15:37:32,7155,0.21618,0.26378,2.7211,0.38264,88.887,29.153,209.85,127.67
2020-02-08 15:37:33,7156,0.21684,0.26647,2.6498,0.054711,88.935,29.143,228.38,126.65
2020-02-08 15:37:34,7157,0.21645,0.26505,2.5544,0.054711,88.835,29.139,225.47,126.67
2020-02-08 15:37:35,7158,0.21714,0.26492,2.7199,-0.27322,88.881,29.144,228.27,127
2020-02-08 15:37:36,7159,0.21368,0.26485,2.9529,0.38264,88.871,29.148,249.21,127
2020-02-08 15:37:37,7160,0.21568,0.26509,2.2444,0.054711,88.898,29.141,228.1,127
2020-02-08 15:37:38,7161,0.2151,0.26231,1.338,0.054711,88.954,29.141,217.93,126.33
2020-02-08 15:37:39,7162,0.21645,0.26518,2.7083,0.38264,88.893,29.144,222.55,126.67
2020-02-08 15:37:40,7163,0.216,0.26436,2.7583,0.054711,88.857,29.15,231.54,126.33
2020-02-08 15:37:41,7164,0.21616,0.26638,2.5273,0.38264,88.868,29.142,242.22,126.67
2020-02-08 15:37:42,7165,0.21723,0.26554,2.7136,0.38264,89.1,29.143,238.1,127
2020-02-08 15:37:43,7166,0.2145,0.26555,2.5298,0.38264,88.891,29.137,221.72,127
2020-02-08 15:37:44,7167,0.21745,0.26452,2.1503,0.054711,88.937,29.136,232.4,127
2020-02-08 15:37:45,7168,0.21408,0.2641,2.7464,0.054711,88.92,29.136,228.76,126.33
2020-02-08 15:37:46,7169,0.21487,0.26539,2.225,0.054711,88.974,29.124,209.46,126.67
2020-02-08 15:37:47,7170,0.21594,0.26226,1.7898,0.054711,88.856,29.133,207.57,126.33
2020-02-08 15:37:48,7171,0.21631,0.26582,1.9815,-0.27322,88.881,29.145,231.39,126
2020-02-08 15:37:49,7172,0.21678,0.2654,2.0249,0.38264,88.943,29.144,231.85,126.67
2020-02-08 15:37:51,7173,0.216,0.26565,2.7651,0.38264,89.1,29.14,214.69,127.67
2020-02-08 15:37:52,7174,0.21714,0.26642,2.4788,0.054711,88.961,29.133,216.44,126.65
2020-02-08 15:37:53,7175,0.21518,0.2665,1.6468,0.054711,88.911,29.136,204.18,126.67
2020-02-08 15:37:54,7176,0.21605,0.26443,2.4836,0.054711,88.74,29.149,237.24,127
2020-02-08 15:37:55,7177,0.2147,0.2638,2.2854,0.054711,88.723,29.149,226.4,127
2020-02-08 15:37:56,7178,0.21666,0.2641,3.0494,-0.60114,88.896,29.132,247.71,126.65
2020-02-08 15:37:57,7179,0.21637,0.26429,2.8731,0.054711,88.954,29.137,239.99,126.67
2020-02-08 15:37:58,7180,0.21633,0.26533,2.6887,0.054711,88.664,29.144,236.54,127
2020-02-08 15:37:59,7181,0.21673,0.26683,2.0978,0.38264,88.958,29.14,202.91,127
2020-02-08 15:38:00,7182,0.21677,0.26564,2.5923,0.054711,88.74,29.148,229.02,126.33
2020-02-08 15:38:01,7183,0.21485,0.26637,2.5741,0.38264,88.887,29.151,226.31,126.67
2020-02-08 15:38:02,7184,0.21585,0.26432,2.1604,0.38264,89.389,29.153,227.87,127
2020-02-08 15:38:03,7185,0.21497,0.26436,2.2779,0.38264,88.768,29.153,225.96,127
2020-02-08 15:38:04,7186,0.2152,0.2644,2.3597,0.054711,89.33,29.156,228.76,126.33
2020-02-08 15:38:05,7187,0.21618,0.26398,2.8831,0.38264,88.795,29.149,245.29,126.67
2020-02-08 15:38:06,7188,0.21587,0.26273,1.5045,0.054711,89.03,29.152,216.36,127
2020-02-08 15:38:07,7189,0.21225,0.26506,2.6502,0.38264,89.022,29.146,226.39,126.33
2020-02-08 15:38:08,7190,0.21342,0.26124,2.5898,0.054711,88.76,29.146,245.64,126.67
2020-02-08 15:38:09,7191,0.21447,0.26525,1.147,0.054711,88.749,29.147,205.02,127
2020-02-08 15:38:10,7192,0.21486,0.26173,2.8229,0.054711,89.114,29.147,234,126.33
2020-02-08 15:38:12,7193,0.21485,0.26495,3.1035,0.054711,89.394,29.151,230.56,126.67
2020-02-08 15:38:13,7194,0.21505,0.26351,2.9924,0.38264,89.067,29.154,237.55,126.33
2020-02-08 15:38:14,7195,0.21589,0.26439,1.6542,0.054711,89.287,29.156,218.48,126
2020-02-08 15:38:15,7196,0.21467,0.26436,2.6616,0.054711,89.221,29.158,223.11,126.67
2020-02-08 15:38:16,7197,0.2164,0.26522,2.6887,0.71057,89.242,29.158,228.78,127
2020-02-08 15:38:17,7198,0.21616,0.26531,2.9789,0.38264,89.056,29.153,245.58,126.67
2020-02-08 15:38:18,7199,0.21578,0.26525,2.474,0.38264,89.385,29.161,226.81,127.67
2020-02-08 15:38:19,7200,0.21487,0.26352,2.6491,0.38264,89.3,29.153,217.63,126.65
2020-02-08 15:38:20,7201,0.21845,0.26552,2.4099,0.38264,89.278,29.153,227.36,126.67
2020-02-08 15:38:21,7202,0.21589,0.26357,1.021,0.054711,89.213,29.161,215.9,127
2020-02-08 15:38:22,7203,0.21846,0.26571,2.1742,0.054711,89.336,29.163,214.78,126.33
2020-02-08 15:38:23,7204,0.21893,0.2638,2.1728,0.38264,89.365,29.161,243.98,126
2020-02-08 15:38:24,7205,0.21958,0.26578,1.8146,0.38264,89.436,29.16,220.84,126.67
2020-02-08 15:38:25,7206,0.21842,0.26627,1.3229,0.38264,89.382,29.167,204.89,127
2020-02-08 15:38:26,7207,0.21916,0.26633,2.4241,0.054711,89.311,29.159,228.55,127
2020-02-08 15:38:27,7208,0.21792,0.26753,1.794,0.054711,89.225,29.176,222.85,127
2020-02-08 15:38:28,7209,0.21804,0.265,2.6627,0.054711,89.342,29.176,224.1,127
2020-02-08 15:38:29,7210,0.21735,0.26597,1.7261,0.054711,89.388,29.177,204.19,126.33
2020-02-08 15:38:30,7211,0.2157,0.26383,2.1134,0.38264,89.455,29.184,233.57,126.68
2020-02-08 15:38:32,7212,0.2179,0.26529,2.0035,0.054711,89.436,29.186,203.11,127
2020-02-08 15:38:33,7213,0.21707,0.2632,2.6343,0.054711,89.395,29.195,229.78,127
2020-02-08 15:38:34,7214,0.21909,0.26586,2.1198,0.054711,89.431,29.192,228.93,127
2020-02-08 15:38:35,7215,0.21873,0.2663,2.3392,0.38264,89.346,29.204,225.37,127
2020-02-08 15:38:36,7216,0.21713,0.26581,2.1993,0.38264,89.548,29.198,233.11,127
2020-02-08 15:38:37,7217,0.21777,0.26571,3.0419,0.38264,89.457,29.198,252.07,127
2020-02-08 15:38:38,7218,0.21772,0.26656,2.3466,0.054711,89.357,29.202,228.96,127
2020-02-08 15:38:39,7219,0.21549,0.26399,2.7307,0.38264,89.457,29.205,245.57,127.68
2020-02-08 15:38:40,7220,0.21885,0.26654,2.8531,0.054711,89.605,29.191,229.75,127.33
2020-02-08 15:38:41,7221,0.21635,0.26329,2.5103,0.71057,89.568,29.208,228.82,127.68
2020-02-08 15:38:42,7222,0.21912,0.26535,2.3026,0.054711,89.569,29.203,227.48,126.65
2020-02-08 15:38:43,7223,0.2186,0.26471,2.5176,0.054711,89.466,29.197,230.76,126.68
2020-02-08 15:38:44,7224,0.21918,0.2651,2.8931,0.38264,89.387,29.198,237.41,127
2020-02-08 15:38:45,7225,0.21705,0.26638,2.8153,0.38264,89.339,29.198,244.22,126.33
2020-02-08 15:38:46,7226,0.21797,0.265,2.7851,0.054711,89.532,29.196,208.36,126
2020-02-08 15:38:47,7227,0.21864,0.26666,2.7652,-0.27322,89.377,29.194,237.93,126
2020-02-08 15:38:48,7228,0.21503,0.26369,2.7463,0.054711,89.326,29.185,230.47,126.68
2020-02-08 15:38:49,7229,0.21868,0.26622,3.076,0.38264,89.381,29.19,242.59,127
2020-02-08 15:38:51,7230,0.21677,0.26424,3.0817,0.054711,89.128,29.192,239.11,127
2020-02-08 15:38:52,7231,0.21874,0.26533,2.7211,0.38264,89.598,29.187,228.97,126.33
2020-02-08 15:38:53,7232,0.21876,0.26369,2.6459,0.38264,89.367,29.187,226.52,126.68
2020-02-08 15:38:54,7233,0.21935,0.26484,2.8198,-0.27322,89.525,29.18,226.19,127
2020-02-08 15:38:55,7234,0.21846,0.26711,2.9421,0.38264,89.416,29.175,246.69,128.35
2020-02-08 15:38:56,7235,0.2191,0.2654,2.7329,0.38264,89.579,29.174,232.45,126.98
2020-02-08 15:38:57,7236,0.21644,0.26391,2.8001,0.054711,89.079,29.177,246.03,126.33
2020-02-08 15:38:58,7237,0.21907,0.26628,2.6104,0.38264,88.845,29.174,234.3,126.68
2020-02-08 15:38:59,7238,0.21735,0.26385,2.5315,0.054711,89.794,29.171,204.42,127.68
2020-02-08 15:39:00,7239,0.21948,0.26517,2.5006,-0.27322,89.088,29.167,246.58,126.65
2020-02-08 15:39:01,7240,0.21885,0.26304,2.4758,0.38264,89.392,29.177,236.7,126.68
2020-02-08 15:39:02,7241,0.21969,0.26526,2.1864,0.38264,88.896,29.177,234.25,127
2020-02-08 15:39:03,7242,0.21828,0.2656,2.2537,0.054711,88.802,29.17,233.94,126.33
2020-02-08 15:39:04,7243,0.2197,0.26656,2.2542,0.38264,88.935,29.171,234.69,127.35
2020-02-08 15:39:05,7244,0.21881,0.26682,2.2671,0.38264,89.041,29.175,230.66,126.65
2020-02-08 15:39:06,7245,0.21761,0.2656,2.5842,-0.27322,88.778,29.175,230.06,126.68
2020-02-08 15:39:07,7246,0.21946,0.26575,2.8022,-0.27322,88.726,29.166,229.72,127
2020-02-08 15:39:08,7247,0.21638,0.26423,1.8828,-0.27322,88.75,29.173,204.15,125.65
2020-02-08 15:39:09,7248,0.21954,0.26601,1.839,0.054711,88.779,29.168,230.36,127.03
2020-02-08 15:39:10,7249,0.21808,0.26299,2.2025,0.054711,88.816,29.168,227.01,127.33
2020-02-08 15:39:11,7250,0.22002,0.26661,2.1191,0.38264,89.129,29.163,246.19,127
2020-02-08 15:39:12,7251,0.21847,0.26505,2.5346,0.38264,89.241,29.161,229.78,127.68
2020-02-08 15:39:14,7252,0.21975,0.26595,2.2866,0.71057,88.936,29.168,225.94,126.65
2020-02-08 15:39:15,7253,0.21883,0.26725,1.9707,0.054711,88.982,29.162,219.84,126.68
2020-02-08 15:39:16,7254,0.21793,0.26567,2.6562,0.054711,89.035,29.174,228.21,126.33
2020-02-08 15:39:17,7255,0.22044,0.26671,2.7284,0.054711,88.659,29.159,232.19,127.35
2020-02-08 15:39:18,7256,0.21573,0.26332,2.7289,0.38264,88.84,29.166,229.29,126.65
2020-02-08 15:39:19,7257,0.21954,0.26662,2.6796,0.054711,88.93,29.166,227.68,127
2020-02-08 15:39:20,7258,0.21983,0.26541,3.0237,0.054711,88.936,29.166,239.5,127
2020-02-08 15:39:21,7259,0.21922,0.2656,2.6493,0.054711,88.734,29.163,239.99,127
2020-02-08 15:39:22,7260,0.21973,0.26651,2.6154,-0.27322,88.823,29.16,229.61,126.33
2020-02-08 15:39:23,7261,0.2194,0.26746,2.6003,0.054711,88.856,29.175,232.33,126
2020-02-08 15:39:24,7262,0.21743,0.2655,2.4369,0.054711,88.832,29.173,231.96,126.68
2020-02-08 15:39:25,7263,0.21897,0.26513,2.341,0.054711,88.987,29.165,229.34,126.33
2020-02-08 15:39:26,7264,0.21579,0.26435,2.2747,0.054711,88.824,29.178,236.04,126
2020-02-08 15:39:27,7265,0.21855,0.26577,1.1022,0.38264,88.92,29.175,209.62,127.35
2020-02-08 15:39:28,7266,0.21828,0.26213,1.7212,0.38264,88.92,29.175,232.07,126.65
2020-02-08 15:39:29,7267,0.21953,0.26688,1.7987,0.38264,88.804,29.187,223.4,126.68
2020-02-08 15:39:30,7268,0.21767,0.26531,2.1315,0.38264,88.944,29.185,244.59,126.33
2020-02-08 15:39:31,7269,0.21918,0.26632,1.7416,0.71057,89.054,29.177,222.69,127.35
2020-02-08 15:39:32,7270,0.21975,0.26671,2.7051,0.054711,88.925,29.188,251.69,127.33
2020-02-08 15:39:33,7271,0.21603,0.26528,2.0159,0.38264,88.872,29.183,222.31,126.33
2020-02-08 15:39:34,7272,0.22063,0.26576,3.0634,0.054711,88.836,29.175,244.74,126.68
2020-02-08 15:39:36,7273,0.21714,0.26431,2.2998,0.38264,88.83,29.184,240.51,126.33
2020-02-08 15:39:37,7274,0.21923,0.26682,2.8172,0.38264,88.713,29.184,230.24,126.68
2020-02-08 15:39:38,7275,0.22027,0.26336,1.0786,0.054711,88.739,29.175,219.34,127
2020-02-08 15:39:39,7276,0.22028,0.26547,2.4435,0.054711,88.75,29.172,226.26,127
2020-02-08 15:39:40,7277,0.21988,0.26624,2.7565,0.054711,88.754,29.177,240.39,126.33
2020-02-08 15:39:41,7278,0.21824,0.2663,2.4083,0.054711,88.614,29.161,223.25,127.35
2020-02-08 15:39:42,7279,0.21596,0.26429,2.8092,0.71057,88.843,29.164,223.17,126.33
2020-02-08 15:39:43,7280,0.21914,0.26561,2.7721,0.054711,88.756,29.164,234.31,127.35
2020-02-08 15:39:44,7281,0.21807,0.26311,3.0997,0.054711,88.807,29.165,249.99,126.65
2020-02-08 15:39:45,7282,0.21911,0.26617,1.5279,0.054711,89.186,29.165,217.62,126
2020-02-08 15:39:46,7283,0.21935,0.26324,3.1802,0.054711,88.847,29.164,249.59,127.35
2020-02-08 15:39:47,7284,0.22025,0.26601,1.832,0.054711,89.085,29.16,230.98,127.33
2020-02-08 15:39:48,7285,0.21947,0.26528,2.4966,0.054711,89.261,29.158,219.69,127
2020-02-08 15:39:49,7286,0.21794,0.26584,2.8131,0.054711,89.194,29.152,218.28,126.33
2020-02-08 15:39:50,7287,0.21984,0.26583,2.5048,0.054711,88.89,29.153,231.22,126.68
2020-02-08 15:39:51,7288,0.21603,0.26416,2.7926,0.054711,88.83,29.145,228.36,127
2020-02-08 15:39:52,7289,0.21846,0.26484,2.5192,0.054711,89.325,29.145,240.98,127
2020-02-08 15:39:53,7290,0.21773,0.26334,2.2788,0.054711,89.422,29.153,237.43,126.33
2020-02-08 15:39:54,7291,0.21811,0.26593,2.3054,-0.60114,89.256,29.152,211.16,127.35
2020-02-08 15:39:55,7292,0.21877,0.26385,1.7899,0.054711,89.362,29.152,220.71,127.33
2020-02-08 15:39:56,7293,0.21856,0.26577,2.7541,0.054711,89.309,29.145,225.24,127
2020-02-08 15:39:58,7294,0.21921,0.2655,1.7356,0.054711,89.214,29.149,223.07,126.33
2020-02-08 15:39:59,7295,0.2176,0.26554,2.6541,0.38264,89.249,29.155,234.23,126.68
2020-02-08 15:40:00,7296,0.21953,0.2656,2.7872,0.38264,89.207,29.156,212.1,127.68
2020-02-08 15:40:01,7297,0.21685,0.2651,2.609,0.38264,89.479,29.156,224.13,126.65
2020-02-08 15:40:02,7298,0.21806,0.26456,1.9247,0.38264,89.356,29.159,225.37,126.68
2020-02-08 15:40:03,7299,0.21802,0.26485,2.4481,-0.92907,89.422,29.153,224.97,127.33
2020-02-08 15:40:04,7300,0.21902,0.26398,2.6396,0.38264,89.14,29.16,231.9,127.68
2020-02-08 15:40:05,7301,0.21932,0.26426,2.7217,0.054711,89.182,29.168,230.73,128
2020-02-08 15:40:06,7302,0.21862,0.2657,2.6109,0.38264,89.323,29.164,232.09,126.65
2020-02-08 15:40:07,7303,0.21905,0.26727,2.5571,0.054711,89.347,29.16,237.04,126.68
2020-02-08 15:40:08,7304,0.21974,0.26536,2.3402,0.054711,89.512,29.16,228.71,127
2020-02-08 15:40:09,7305,0.21676,0.26565,2.3985,0.38264,89.463,29.168,225.6,126.33
2020-02-08 15:40:10,7306,0.21843,0.26453,2.6504,0.054711,89.292,29.166,240.53,126.68
2020-02-08 15:40:11,7307,0.21737,0.26378,2.6609,0.71057,89.451,29.17,230.5,127
2020-02-08 15:40:12,7308,0.21811,0.26459,2.3657,0.054711,89.16,29.17,225.33,127
2020-02-08 15:40:13,7309,0.21912,0.26502,2.7288,0.054711,89.211,29.162,227.91,127
2020-02-08 15:40:14,7310,0.21925,0.26385,2.2422,0.38264,89.567,29.165,220.93,127
2020-02-08 15:40:15,7311,0.22013,0.26696,1.967,0.054711,89.511,29.172,227.59,127.68
2020-02-08 15:40:16,7312,0.218,0.26664,2.4939,0.054711,89.387,29.172,227.58,126.65
2020-02-08 15:40:17,7313,0.21981,0.26619,2.9149,0.054711,89.326,29.175,241.11,126.68
2020-02-08 15:40:18,7314,0.21749,0.26467,1.4447,0.054711,89.424,29.163,214.4,127
2020-02-08 15:40:20,7315,0.21802,0.26448,1.7329,-0.27322,89.249,29.161,225.38,127.68
2020-02-08 15:40:21,7316,0.21925,0.26501,2.993,0.38264,89.463,29.164,230.93,126.65
2020-02-08 15:40:22,7317,0.21787,0.26235,2.5391,0.054711,89.53,29.161,226.79,127.35
2020-02-08 15:40:23,7318,0.21913,0.26587,2.6519,0.054711,89.212,29.161,227.26,127.33
2020-02-08 15:40:24,7319,0.21991,0.26435,2.3838,-0.27322,89.713,29.165,233.14,127
2020-02-08 15:40:25,7320,0.21996,0.26521,2.864,0.054711,89.556,29.164,243.01,127
2020-02-08 15:40:26,7321,0.2188,0.26661,2.0309,0.38264,89.621,29.168,223.56,127
2020-02-08 15:40:27,7322,0.21888,0.26669,2.6662,0.38264,89.284,29.168,228.54,127.33
2020-02-08 15:40:28,7323,0.21781,0.26362,2.4711,0.054711,89.189,29.172,229.24,127
2020-02-08 15:40:29,7324,0.219,0.26525,2.469,0.38264,89.746,29.168,218.63,126.33
2020-02-08 15:40:30,7325,0.21834,0.26418,2.6111,0.38264,89.446,29.168,232.27,126.68
2020-02-08 15:40:31,7326,0.22017,0.26397,2.7293,-0.27322,89.489,29.158,208.06,127
2020-02-08 15:40:32,7327,0.21994,0.26401,2.9258,0.38264,89.674,29.162,245.77,127
2020-02-08 15:40:33,7328,0.22053,0.26513,2.91,0.38264,89.33,29.173,224.71,127
2020-02-08 15:40:34,7329,0.21864,0.26609,2.8267,0.38264,89.539,29.162,236.15,126.33
2020-02-08 15:40:35,7330,0.22017,0.26645,2.5358,0.71057,89.464,29.165,226.84,127.35
2020-02-08 15:40:36,7331,0.21846,0.26531,2.324,0.71057,89.024,29.167,241.89,127.33
2020-02-08 15:40:37,7332,0.21727,0.26427,2.531,0.054711,89.647,29.16,215.29,127
2020-02-08 15:40:38,7333,0.21971,0.26551,2.7147,0.054711,88.894,29.16,226.51,127
2020-02-08 15:40:39,7334,0.21847,0.26383,1.9972,0.38264,88.98,29.161,228.7,127
2020-02-08 15:40:40,7335,0.22006,0.26542,2.9731,0.38264,88.864,29.164,245.58,127
2020-02-08 15:40:42,7336,0.21868,0.26346,0.90927,0.054711,89.003,29.159,206.29,127
2020-02-08 15:40:43,7337,0.21991,0.2653,1.8628,0.054711,88.845,29.155,228.52,126.33
2020-02-08 15:40:44,7338,0.21873,0.26688,2.6303,-0.27322,88.927,29.161,245.28,127.35
2020-02-08 15:40:45,7339,0.21834,0.26425,2.7041,0.38264,88.806,29.158,234.13,126.65
2020-02-08 15:40:46,7340,0.21862,0.2664,2.4464,0.054711,88.888,29.173,222.93,126.68
2020-02-08 15:40:47,7341,0.21944,0.26622,2.2061,0.054711,88.751,29.173,246.85,127
2020-02-08 15:40:48,7342,0.21658,0.26312,2.8803,0.054711,88.874,29.162,239.06,127
2020-02-08 15:40:49,7343,0.21876,0.26534,2.6408,0.054711,88.704,29.163,228.99,127
2020-02-08 15:40:50,7344,0.2186,0.263,1.9071,0.38264,88.788,29.159,229.22,127
2020-02-08 15:40:51,7345,0.21909,0.26401,1.8506,0.38264,89.026,29.159,228.54,127.68
2020-02-08 15:40:52,7346,0.21796,0.26592,1.5726,0.38264,88.83,29.154,210.49,126.65
2020-02-08 15:40:53,7347,0.21849,0.26562,1.7988,0.054711,88.936,29.167,226.4,126.68
2020-02-08 15:40:54,7348,0.21798,0.26673,2.0329,0.38264,88.816,29.165,242.62,126.33
2020-02-08 15:40:55,7349,0.21665,0.26421,1.8314,0.38264,88.858,29.165,233.72,127.35
2020-02-08 15:40:56,7350,0.2182,0.26552,2.1841,0.38264,88.96,29.162,250.83,127.33
2020-02-08 15:40:57,7351,0.21601,0.26352,1.7904,0.38264,88.945,29.163,216.8,126.33
2020-02-08 15:40:58,7352,0.21842,0.26464,2.2395,0.38264,88.93,29.164,247.57,126.68
2020-02-08 15:40:59,7353,0.21803,0.26216,2.7466,0.054711,88.962,29.165,226.4,127
2020-02-08 15:41:00,7354,0.21917,0.26524,1.9779,0.054711,88.686,29.167,226.37,127
2020-02-08 15:41:01,7355,0.21715,0.26542,2.2,0.054711,88.888,29.16,228.56,127
2020-02-08 15:41:02,7356,0.2184,0.26601,1.0184,0.38264,88.932,29.161,215.93,127
2020-02-08 15:41:04,7357,0.21755,0.26601,2.3398,-0.27322,88.861,29.162,237.64,127
2020-02-08 15:41:05,7358,0.2165,0.26479,2.4262,-0.27322,88.59,29.162,224.11,127.68
2020-02-08 15:41:06,7359,0.21855,0.26564,2.6673,0.38264,88.82,29.162,233.93,127.33
2020-02-08 15:41:07,7360,0.21505,0.26409,1.2692,0.054711,88.935,29.16,213.89,126.33
2020-02-08 15:41:08,7361,0.21876,0.26527,2.9217,0.38264,88.86,29.168,235.93,126.68
2020-02-08 15:41:09,7362,0.21916,0.26549,2.3387,0.054711,88.821,29.175,222,127.68
2020-02-08 15:41:10,7363,0.21628,0.26468,2.4474,-0.27322,88.678,29.172,226.21,127.33
2020-02-08 15:41:11,7364,0.21873,0.26615,3.0394,0.054711,88.784,29.163,249.45,127
2020-02-08 15:41:12,7365,0.21929,0.26762,2.6834,0.054711,88.722,29.16,231.94,126.33
2020-02-08 15:41:13,7366,0.21614,0.2643,2.6995,0.054711,88.748,29.171,231.54,126.68
2020-02-08 15:41:14,7367,0.21939,0.26659,1.6737,0.054711,88.851,29.162,218.7,126.33
2020-02-08 15:41:15,7368,0.21617,0.26356,2.5681,0.054711,88.843,29.162,231.53,127.35
2020-02-08 15:41:16,7369,0.21867,0.26561,2.7569,0.054711,89.272,29.168,228.15,127.33
2020-02-08 15:41:17,7370,0.21827,0.26293,2.6578,-0.60114,88.75,29.157,217.16,127
2020-02-08 15:41:18,7371,0.21938,0.2648,2.8759,0.054711,89.302,29.152,209.88,127
2020-02-08 15:41:19,7372,0.21818,0.26648,2.7712,0.054711,88.692,29.157,211.88,127.68
2020-02-08 15:41:20,7373,0.21951,0.26563,2.7441,0.054711,88.6,29.165,229.22,127.33
2020-02-08 15:41:22,7374,0.21933,0.26659,3.128,0.054711,89.286,29.163,251.94,127
2020-02-08 15:41:23,7375,0.21699,0.26394,2.6941,-0.27322,88.847,29.162,228.92,127
2020-02-08 15:41:24,7376,0.21896,0.2656,2.6753,-0.27322,88.861,29.162,205.22,127
2020-02-08 15:41:25,7377,0.21599,0.26353,0.88637,0.054711,89.224,29.157,211.03,127
2020-02-08 15:41:26,7378,0.21894,0.26556,2.951,0.054711,89.116,29.155,231.75,126.33
2020-02-08 15:41:27,7379,0.21722,0.26317,2.4836,0.38264,89.323,29.16,239.26,126.68
2020-02-08 15:41:28,7380,0.2183,0.2634,1.0242,0.054711,89.38,29.156,202.26,127
2020-02-08 15:41:29,7381,0.21964,0.26534,1.4746,0.054711,88.864,29.155,217.94,126.33
2020-02-08 15:41:30,7382,0.21773,0.26563,2.4187,0.054711,89.319,29.156,242.48,126
2020-02-08 15:41:31,7383,0.2189,0.26583,2.8157,0.054711,89.156,29.156,245.53,127.35
2020-02-08 15:41:32,7384,0.2189,0.26604,1.9129,-0.27322,88.992,29.147,230.27,126.65
2020-02-08 15:41:33,7385,0.21628,0.26509,2.5593,0.054711,89.231,29.152,230.76,126.68
2020-02-08 15:41:34,7386,0.21986,0.26533,2.5626,-0.27322,89.317,29.163,224.21,127
2020-02-08 15:41:35,7387,0.21584,0.26419,2.7106,0.054711,89.291,29.17,232.31,126.33
2020-02-08 15:41:36,7388,0.21873,0.26466,1.6818,0.054711,89.247,29.162,218.3,127.35
2020-02-08 15:41:37,7389,0.21802,0.2625,2.0747,0.054711,89.405,29.166,246.81,127.33
2020-02-08 15:41:38,7390,0.21905,0.26549,1.8108,0.054711,89.207,29.153,223.31,127
2020-02-08 15:41:39,7391,0.21766,0.26469,2.3218,0.054711,89.359,29.153,217.99,126.33
2020-02-08 15:41:41,7392,0.21892,0.26603,2.5091,-0.27322,89.164,29.164,224.02,126.68
2020-02-08 15:41:42,7393,0.21886,0.26668,2.7429,0.38264,89.38,29.16,226.24,127.68
2020-02-08 15:41:43,7394,0.21737,0.26511,2.1919,0.054711,89.278,29.16,233.03,127.33
2020-02-08 15:41:44,7395,0.22002,0.2657,2.8215,0.38264,89.499,29.168,236.73,127
2020-02-08 15:41:45,7396,0.2187,0.26669,2.3259,0.054711,89.452,29.163,228.34,127
2020-02-08 15:41:46,7397,0.21825,0.2633,2.5405,-0.27322,89.413,29.16,237.25,127
2020-02-08 15:41:47,7398,0.21819,0.26654,2.7509,0.054711,89.179,29.169,237.43,127
2020-02-08 15:41:48,7399,0.21844,0.26488,2.8331,0.054711,89.582,29.169,251.52,126.33
2020-02-08 15:41:49,7400,0.21877,0.2656,2.443,0.054711,89.469,29.164,230.82,126.68
2020-02-08 15:41:50,7401,0.21823,0.26503,2.6548,0.38264,89.404,29.162,224.32,127
2020-02-08 15:41:51,7402,0.21804,0.26703,1.0143,0.054711,89.511,29.169,205.33,127.68
2020-02-08 15:41:52,7403,0.21973,0.26507,2.6739,0.054711,89.377,29.168,226.09,127.33
2020-02-08 15:41:53,7404,0.216,0.2646,2.5852,0.054711,89.69,29.17,228.95,127
2020-02-08 15:41:54,7405,0.21854,0.26581,2.5284,0.054711,89.255,29.163,235.22,127.68
2020-02-08 15:41:55,7406,0.2178,0.26379,2.1199,-0.27322,89.509,29.163,233.96,127.33
2020-02-08 15:41:56,7407,0.21708,0.26535,1.9359,0.054711,89.324,29.157,229.2,126.33
2020-02-08 15:41:57,7408,0.21753,0.26339,2.7498,0.054711,89.496,29.153,228.89,127.35
2020-02-08 15:41:58,7409,0.21852,0.26657,1.4983,-0.60114,89.456,29.161,218.33,126.65
2020-02-08 15:41:59,7410,0.218,0.26555,3.0712,-0.27322,89.401,29.146,241.03,126.68
2020-02-08 15:42:00,7411,0.2169,0.26645,2.6726,0.71057,89.531,29.141,235.69,127
2020-02-08 15:42:02,7412,0.21911,0.26595,2.7403,0.71057,89.476,29.148,237.63,127.68
2020-02-08 15:42:03,7413,0.21542,0.26445,3.0191,-0.27322,89.19,29.148,245.1,127.33
2020-02-08 15:42:04,7414,0.21785,0.2649,1.7714,0.71057,89.397,29.15,210.96,127
2020-02-08 15:42:05,7415,0.21686,0.26309,2.4925,0.38264,89.102,29.155,206.16,126.33
2020-02-08 15:42:06,7416,0.21787,0.26587,2.6692,-0.27322,88.898,29.146,227.36,126.68
2020-02-08 15:42:07,7417,0.21861,0.26502,2.2358,0.054711,88.963,29.156,239.14,127
2020-02-08 15:42:08,7418,0.21784,0.26562,2.2419,0.38264,88.887,29.155,246.4,127
2020-02-08 15:42:09,7419,0.21669,0.26666,2.3342,0.38264,89.024,29.156,223.85,127.33
2020-02-08 15:42:10,7420,0.2182,0.26472,1.9828,0.38264,88.836,29.156,247.69,126.33
2020-02-08 15:42:11,7421,0.21546,0.26503,1.9147,0.054711,89.262,29.156,215.42,126.68
2020-02-08 15:42:12,7422,0.21654,0.26561,1.9056,0.054711,88.751,29.137,229.22,127
2020-02-08 15:42:13,7423,0.21725,0.26282,2.9632,0.38264,89.337,29.148,223.89,127.68
2020-02-08 15:42:14,7424,0.21741,0.26556,2.7549,0.38264,88.87,29.155,237.91,126.65
2020-02-08 15:42:15,7425,0.21824,0.26541,2.3666,0.38264,89.338,29.146,232.83,126.68
2020-02-08 15:42:16,7426,0.21766,0.26488,2.5351,0.054711,89.369,29.145,223.31,126.33
2020-02-08 15:42:17,7427,0.21842,0.26603,1.403,0.38264,88.996,29.147,204.46,127.35
2020-02-08 15:42:18,7428,0.21676,0.26661,1.5596,0.38264,89.484,29.147,227.86,126.65
2020-02-08 15:42:19,7429,0.2181,0.26571,2.6723,0.38264,89.051,29.147,224.34,126.68
2020-02-08 15:42:20,7430,0.21553,0.26486,2.5203,0.38264,89.367,29.145,221.25,126.33
2020-02-08 15:42:21,7431,0.21641,0.26453,2.646,0.71057,88.867,29.15,215.78,126
2020-02-08 15:42:22,7432,0.21691,0.26443,2.6256,0.054711,89.469,29.15,227.84,126.68
2020-02-08 15:42:24,7433,0.2165,0.26401,1.1803,0.054711,88.786,29.15,203.88,126.33
2020-02-08 15:42:25,7434,0.21796,0.2653,3.0459,0.054711,88.726,29.148,245.46,126.68
2020-02-08 15:42:26,7435,0.21826,0.26376,2.6937,0.054711,88.677,29.148,228.65,127
2020-02-08 15:42:27,7436,0.21747,0.26491,2.6322,0.38264,88.79,29.148,229.79,127
2020-02-08 15:42:28,7437,0.21295,0.2648,2.6927,-0.27322,88.884,29.147,223.92,127
2020-02-08 15:42:29,7438,0.21365,0.26459,2.0479,0.054711,88.897,29.156,238.89,127.68
2020-02-08 15:42:30,7439,0.21232,0.26357,2.9972,0.054711,88.895,29.165,236.84,127
2020-02-08 15:42:31,7440,0.21346,0.26525,2.7801,0.054711,88.787,29.162,215.82,127
2020-02-08 15:42:32,7441,0.21331,0.2621,2.2447,0.38264,88.804,29.164,249.28,126.33
2020-02-08 15:42:33,7442,0.21528,0.26499,2.8768,0.38264,88.749,29.175,238.06,127.35
2020-02-08 15:42:34,7443,0.21516,0.26497,2.6521,0.38264,88.883,29.175,229.39,126.65
2020-02-08 15:42:35,7444,0.21519,0.26559,3.0745,-0.27322,88.803,29.181,242.62,126.68
2020-02-08 15:42:36,7445,0.21364,0.26669,1.0366,0.054711,88.789,29.175,202.81,127
2020-02-08 15:42:37,7446,0.21365,0.26405,2.0409,0.054711,88.812,29.174,222.47,127.68
2020-02-08 15:42:38,7447,0.21387,0.26526,2.9557,0.054711,88.89,29.178,232.23,126.65
2020-02-08 15:42:39,7448,0.21205,0.26264,2.3869,0.38264,88.907,29.17,231.29,126.68
2020-02-08 15:42:40,7449,0.21391,0.26485,2.4783,0.054711,88.864,29.182,226.46,127
2020-02-08 15:42:41,7450,0.21485,0.26322,2.5342,0.054711,88.736,29.182,226.48,127
2020-02-08 15:42:42,7451,0.21486,0.26473,2.5995,0.054711,88.743,29.179,234.08,127
2020-02-08 15:42:43,7452,0.21411,0.26559,2.6412,0.054711,88.731,29.182,228.93,126.33
2020-02-08 15:42:44,7453,0.21439,0.26545,2.6937,0.054711,88.912,29.177,229.81,127.35
2020-02-08 15:42:46,7454,0.21331,0.26673,2.3657,0.054711,88.905,29.166,229.06,127.33
2020-02-08 15:42:47,7455,0.21245,0.26319,2.4554,0.054711,88.707,29.17,221.62,127
2020-02-08 15:42:48,7456,0.21335,0.26479,2.6288,-0.27322,88.6,29.179,219.13,126.33
2020-02-08 15:42:49,7457,0.21322,0.2638,0.90453,-0.27322,88.663,29.179,210.78,128.03
2020-02-08 15:42:50,7458,0.21475,0.2638,2.3458,0.38264,88.793,29.175,226.86,127.65
2020-02-08 15:42:51,7459,0.21526,0.26428,2.0635,0.054711,88.604,29.177,223.76,126.68
2020-02-08 15:42:52,7460,0.21425,0.26601,2.8116,0.054711,88.802,29.166,248.49,126.33
2020-02-08 15:42:53,7461,0.21438,0.26474,2.3359,0.38264,88.75,29.17,216.2,125.33
2020-02-08 15:42:54,7462,0.21303,0.26527,2.565,0.054711,88.611,29.164,228.94,125.68
2020-02-08 15:42:55,7463,0.21114,0.26302,2.3503,0.38264,88.661,29.17,227.24,126
2020-02-08 15:42:56,7464,0.21443,0.26599,2.8689,0.054711,88.84,29.175,222.11,126.68
2020-02-08 15:42:57,7465,0.21423,0.26156,2.9859,0.054711,88.733,29.183,244.62,125.65
2020-02-08 15:42:58,7466,0.21565,0.26454,2.7951,0.054711,88.672,29.183,237.75,125.68
2020-02-08 15:42:59,7467,0.21475,0.26411,3.0371,0.38264,88.505,29.176,230.53,126
2020-02-08 15:43:00,7468,0.21559,0.26564,2.9034,0.38264,88.739,29.168,204.57,125.33
2020-02-08 15:43:01,7469,0.21361,0.26599,1.1058,0.38264,88.728,29.168,204.71,125.68
2020-02-08 15:43:02,7470,0.2136,0.26423,2.0983,0.38264,88.612,29.164,220.94,126
2020-02-08 15:43:03,7471,0.21457,0.26541,2.5928,0.054711,88.986,29.165,233.81,126.68
2020-02-08 15:43:04,7472,0.2122,0.26343,2.6774,0.054711,89.093,29.166,240.93,126.33
2020-02-08 15:43:05,7473,0.21501,0.26444,2.9824,0.054711,89.215,29.166,228.63,126
2020-02-08 15:43:07,7474,0.21471,0.26229,2.6291,0.054711,89.137,29.16,228.98,126
2020-02-08 15:43:08,7475,0.21634,0.26555,0.93195,0.054711,89.167,29.16,207.37,126.68
2020-02-08 15:43:09,7476,0.21412,0.26621,2.5937,0.38264,88.764,29.164,230.91,127
2020-02-08 15:43:10,7477,0.21454,0.26583,0.91133,0.054711,89.26,29.164,204.47,126.33
2020-02-08 15:43:11,7478,0.21465,0.2653,0.89415,0.054711,89.196,29.164,213.12,126.68
2020-02-08 15:43:12,7479,0.21537,0.26516,2.7471,0.054711,89.147,29.166,242.11,126.33
2020-02-08 15:43:13,7480,0.21498,0.26249,2.5578,0.054711,89.143,29.158,238.4,126.68
2020-02-08 15:43:14,7481,0.21648,0.26532,2.4305,0.054711,89.316,29.166,219.39,127
2020-02-08 15:43:15,7482,0.21496,0.26689,0.94124,0.054711,89.191,29.159,210.75,126.33
2020-02-08 15:43:16,7483,0.21416,0.26524,2.2647,0.38264,89.254,29.161,228.95,126.68
2020-02-08 15:43:17,7484,0.21502,0.26596,2.5402,0.054711,89.192,29.161,227.74,126.33
2020-02-08 15:43:18,7485,0.21133,0.26291,1.0536,0.054711,89.326,29.161,204.48,126.68
2020-02-08 15:43:19,7486,0.21476,0.26543,2.03,0.054711,89.199,29.161,224.42,127
2020-02-08 15:43:20,7487,0.21455,0.26245,2.4078,0.38264,89.106,29.16,247.22,127
2020-02-08 15:43:21,7488,0.21523,0.2648,2.0241,0.38264,89.261,29.158,233.81,127
2020-02-08 15:43:22,7489,0.21438,0.26703,1.638,0.054711,89.168,29.151,234.41,127
2020-02-08 15:43:23,7490,0.21393,0.26487,1.8771,0.38264,89.304,29.154,221.51,127.68
2020-02-08 15:43:24,7491,0.21493,0.26649,1.8398,0.054711,89.222,29.158,230.94,127.33
2020-02-08 15:43:25,7492,0.21192,0.26309,2.4985,-0.27322,89.321,29.158,217.19,127
2020-02-08 15:43:26,7493,0.21437,0.26492,1.8942,-0.27322,89.421,29.158,223.63,127.68
2020-02-08 15:43:27,7494,0.21436,0.26273,1.9219,0.054711,89.335,29.161,226.72,127.33
2020-02-08 15:43:29,7495,0.21558,0.26493,1.6682,0.38264,89.34,29.165,221.88,126.33
2020-02-08 15:43:30,7496,0.21423,0.26547,2.2467,0.054711,89.523,29.164,244.3,126.68
2020-02-08 15:43:31,7497,0.21531,0.26599,2.2905,0.054711,89.456,29.153,203.79,126.33
2020-02-08 15:43:32,7498,0.21477,0.26572,2.445,0.054711,89.496,29.159,227.7,126.68
2020-02-08 15:43:33,7499,0.21257,0.26487,2.3105,0.054711,89.309,29.154,222.15,126.65
2020-02-08 15:43:34,7500,0.21371,0.26287,2.4563,0.054711,88.914,29.164,224.14,126.68
2020-02-08 15:43:35,7501,0.21622,0.26475,1.771,0.054711,88.851,29.164,229.66,127
2020-02-08 15:43:36,7502,0.21449,0.26548,2.435,0.054711,89.46,29.164,214.97,127
2020-02-08 15:43:37,7503,0.21501,0.26601,2.2797,0.054711,89.272,29.161,223.81,127
2020-02-08 15:43:38,7504,0.21501,0.26676,2.7182,0.054711,88.714,29.149,228.34,127
2020-02-08 15:43:39,7505,0.21204,0.2636,1.765,0.054711,88.658,29.158,222.85,127
2020-02-08 15:43:40,7506,0.2146,0.26584,1.5865,0.054711,89.361,29.151,219.39,126.33
2020-02-08 15:43:41,7507,0.21116,0.26319,2.6297,0.054711,89.471,29.149,234.25,126.68
2020-02-08 15:43:42,7508,0.2149,0.26491,2.9703,0.054711,89.064,29.149,250.83,127
2020-02-08 15:43:43,7509,0.21458,0.26221,2.7316,0.054711,88.841,29.158,205.87,126.33
2020-02-08 15:43:44,7510,0.21568,0.26445,2.8613,0.054711,88.622,29.151,230.48,126
2020-02-08 15:43:45,7511,0.21456,0.26539,2.8255,0.38264,88.722,29.157,223.89,126
2020-02-08 15:43:46,7512,0.21464,0.2648,2.5782,0.054711,88.799,29.151,224.49,126
2020-02-08 15:43:47,7513,0.21633,0.26613,3.1345,0.054711,88.612,29.153,240.59,126.68
2020-02-08 15:43:48,7514,0.21146,0.2638,2.9416,0.71057,89.164,29.163,248.75,126.33
2020-02-08 15:43:49,7515,0.21552,0.26498,2.7277,0.71057,89.007,29.163,229.27,126
2020-02-08 15:43:51,7516,0.21323,0.2628,2.2977,0.38264,88.959,29.155,251.57,126.68
2020-02-08 15:43:52,7517,0.21446,0.2655,1.1027,0.054711,88.811,29.154,216.57,127.68
2020-02-08 15:43:53,7518,0.21481,0.26219,2.7632,0.054711,88.773,29.16,205.08,126.65
2020-02-08 15:43:54,7519,0.215,0.26529,2.6626,0.38264,88.747,29.155,228.5,126
2020-02-08 15:43:55,7520,0.21365,0.26552,2.8099,0.054711,88.823,29.16,236.77,126.33
2020-02-08 15:43:56,7521,0.21648,0.26539,2.4318,-0.27322,88.706,29.171,238.77,126.68
2020-02-08 15:43:57,7522,0.2114,0.2628,2.0829,0.38264,88.614,29.16,241.99,127
2020-02-08 15:43:58,7523,0.2148,0.26511,2.2706,0.054711,88.876,29.157,237.45,126.33
2020-02-08 15:43:59,7524,0.21416,0.26187,0.94129,0.054711,88.721,29.157,212.8,126.68
2020-02-08 15:44:00,7525,0.21298,0.26568,2.559,0.054711,88.835,29.159,234.41,126.33
2020-02-08 15:44:01,7526,0.21275,0.26267,2.3121,-0.27322,88.755,29.171,220.31,126.68
2020-02-08 15:44:02,7527,0.2128,0.26463,2.8006,0.054711,88.855,29.159,224.88,126.33
2020-02-08 15:44:03,7528,0.21335,0.26515,2.4799,-0.27322,88.831,29.173,206.3,126
2020-02-08 15:44:04,7529,0.21059,0.2644,2.4714,0.054711,88.833,29.174,231.43,126.68
2020-02-08 15:44:05,7530,0.21358,0.26438,2.7511,0.054711,88.818,29.174,242.05,125.65
2020-02-08 15:44:06,7531,0.21056,0.26277,1.719,0.38264,88.646,29.161,219.37,125.68
2020-02-08 15:44:07,7532,0.21201,0.26417,2.2666,0.38264,88.708,29.17,228.94,126.68
2020-02-08 15:44:08,7533,0.21282,0.2616,2.6072,0.38264,88.621,29.167,224.28,126.33
2020-02-08 15:44:09,7534,0.21328,0.26454,2.435,0.054711,88.522,29.154,204.11,126
2020-02-08 15:44:10,7535,0.21326,0.26444,2.6479,0.054711,88.713,29.169,214.22,126.68
2020-02-08 15:44:12,7536,0.21203,0.26565,2.6341,0.38264,88.771,29.15,227.07,127
2020-02-08 15:44:13,7537,0.21407,0.26532,2.7231,0.054711,88.625,29.158,241.37,126.33
2020-02-08 15:44:14,7538,0.21069,0.2633,2.427,0.38264,88.751,29.165,236.21,126
2020-02-08 15:44:15,7539,0.21179,0.26355,2.4055,0.38264,89.075,29.165,229.34,126
2020-02-08 15:44:16,7540,0.21149,0.26216,2.6667,0.38264,88.808,29.162,219.94,126.68
2020-02-08 15:44:17,7541,0.21296,0.26276,2.6021,0.054711,88.727,29.163,217.37,126
2020-02-08 15:44:18,7542,0.21266,0.26433,2.4341,-0.27322,89.024,29.157,231.03,126
2020-02-08 15:44:19,7543,0.21333,0.2657,2.4544,0.054711,88.638,29.162,227.91,126.68
2020-02-08 15:44:20,7544,0.21215,0.26519,2.6467,0.38264,89.168,29.157,221.72,127
2020-02-08 15:44:21,7545,0.21344,0.26432,2.6508,0.38264,88.747,29.165,228.05,126.33
2020-02-08 15:44:22,7546,0.21074,0.26379,2.4618,0.054711,88.557,29.163,220.22,126.68
2020-02-08 15:44:23,7547,0.21136,0.26362,2.4407,-0.27322,88.632,29.167,218.72,126.33
2020-02-08 15:44:24,7548,0.21277,0.26288,2.7271,0.38264,88.537,29.162,230.02,126.68
2020-02-08 15:44:25,7549,0.21271,0.26324,2.5572,0.38264,89.028,29.162,229.36,126.33
2020-02-08 15:44:26,7550,0.2131,0.26479,2.3356,0.054711,89.042,29.167,229.34,126.68
2020-02-08 15:44:27,7551,0.21269,0.2644,2.5139,0.054711,88.798,29.183,206.31,126.33
2020-02-08 15:44:29,7552,0.21393,0.26532,3.0507,0.38264,88.8,29.169,245.89,126.68
2020-02-08 15:44:30,7553,0.21069,0.26443,2.9777,0.38264,88.968,29.168,251.3,127
2020-02-08 15:44:31,7554,0.21183,0.26362,2.4989,0.38264,89.168,29.179,227.96,126.33
2020-02-08 15:44:32,7555,0.21226,0.26257,2.6055,0.054711,88.802,29.18,240.96,126
2020-02-08 15:44:33,7556,0.21158,0.26328,2.3794,0.054711,88.825,29.18,242,126
2020-02-08 15:44:34,7557,0.21283,0.26408,1.8695,0.054711,88.976,29.167,218.66,126
2020-02-08 15:44:35,7558,0.20771,0.26259,2.1088,0.054711,89.172,29.173,231.69,125.68
2020-02-08 15:44:36,7559,0.20825,0.25901,2.2023,0.054711,89.076,29.181,223.75,124.65
2020-02-08 15:44:37,7560,0.20941,0.26436,2.6675,0.054711,88.636,29.174,227.89,124.68
2020-02-08 15:44:38,7561,0.20974,0.26032,2.0783,0.38264,89.134,29.163,226.47,125
2020-02-08 15:44:39,7562,0.21047,0.26481,2.4487,0.38264,89.183,29.169,218.12,125.68
2020-02-08 15:44:40,7563,0.21075,0.26055,2.4959,-0.27322,88.958,29.163,230.56,126.68
2020-02-08 15:44:41,7564,0.21107,0.26352,2.303,0.054711,89.152,29.169,204.34,124.98
2020-02-08 15:44:42,7565,0.21137,0.2634,2.4115,0.054711,89.188,29.169,214.1,124
2020-02-08 15:44:43,7566,0.21172,0.26276,2.7202,0.054711,89.179,29.168,229.82,125.35
2020-02-08 15:44:44,7567,0.2108,0.26328,2.9005,0.054711,88.99,29.173,227.83,126
2020-02-08 15:44:45,7568,0.21281,0.26415,2.5685,0.71057,89.105,29.169,230.97,125.33
2020-02-08 15:44:46,7569,0.2106,0.26391,2.6143,0.38264,89.352,29.163,233.23,126.35
2020-02-08 15:44:47,7570,0.21238,0.26276,2.6737,0.054711,89.134,29.168,229.62,125.65
2020-02-08 15:44:48,7571,0.21073,0.26393,2.5211,0.054711,89.137,29.164,229.19,125
2020-02-08 15:44:49,7572,0.20978,0.26144,2.9339,0.38264,89.153,29.16,236.94,125
2020-02-08 15:44:51,7573,0.21148,0.2634,2.3415,0.38264,89.184,29.16,225.96,125
2020-02-08 15:44:52,7574,0.21086,0.2622,0.95465,0.054711,89.187,29.167,212.57,125
2020-02-08 15:44:53,7575,0.21178,0.26425,2.4406,0.38264,89.124,29.167,231.06,125
2020-02-08 15:44:54,7576,0.21223,0.26248,2.596,0.054711,89.412,29.16,231.06,125
2020-02-08 15:44:55,7577,0.21236,0.26442,2.5891,0.054711,89.094,29.166,228.1,125.68
2020-02-08 15:44:56,7578,0.21305,0.2644,2.5519,0.38264,89.348,29.168,227.8,124.65
2020-02-08 15:44:57,7579,0.21133,0.26513,2.413,0.054711,89.392,29.172,229.43,124.68
2020-02-08 15:44:58,7580,0.21223,0.26311,2.8489,0.054711,89.318,29.177,238.28,125
2020-02-08 15:44:59,7581,0.21192,0.26457,2.9293,0.054711,88.938,29.185,245.24,124.33
2020-02-08 15:45:00,7582,0.21082,0.26337,2.5993,0.054711,89.294,29.185,233.11,124
2020-02-08 15:45:01,7583,0.21308,0.26473,2.6064,0.054711,88.854,29.184,229.5,124.68
2020-02-08 15:45:02,7584,0.21289,0.26242,2.4403,-0.27322,88.59,29.186,222.33,125
2020-02-08 15:45:03,7585,0.21433,0.26408,2.8971,0.054711,88.991,29.196,215.1,124.33
2020-02-08 15:45:04,7586,0.21348,0.26336,2.5087,-0.27322,88.616,29.197,229.34,124.68
2020-02-08 15:45:05,7587,0.21453,0.26501,2.754,0.38264,89.025,29.197,213.09,124.33
2020-02-08 15:45:06,7588,0.21265,0.26615,2.757,0.054711,88.701,29.201,226.38,124
2020-02-08 15:45:07,7589,0.21312,0.26386,2.637,0.054711,88.641,29.199,225.62,124
2020-02-08 15:45:08,7590,0.21337,0.26439,3.0348,0.054711,88.803,29.205,249.65,124
2020-02-08 15:45:10,7591,0.21131,0.26314,2.8361,0.054711,88.621,29.205,242.63,124.68
2020-02-08 15:45:11,7592,0.2142,0.26431,2.9546,0.38264,88.771,29.202,220.55,124.33
2020-02-08 15:45:12,7593,0.21294,0.26162,2.6084,0.054711,88.988,29.214,231.83,124
2020-02-08 15:45:13,7594,0.21491,0.26381,2.8193,0.38264,89.079,29.209,210.84,124.68
2020-02-08 15:45:14,7595,0.21441,0.26523,2.5255,0.38264,88.725,29.211,229.75,124.68
2020-02-08 15:45:15,7596,0.21303,0.26568,2.5014,-0.27322,88.676,29.209,229.85,125
2020-02-08 15:45:16,7597,0.21276,0.26356,2.8695,0.054711,89.21,29.206,239.2,125
2020-02-08 15:45:17,7598,0.21398,0.26428,2.7235,0.38264,88.821,29.21,234.23,125
2020-02-08 15:45:18,7599,0.21006,0.2626,0.97758,0.38264,88.847,29.21,208.5,124.33
2020-02-08 15:45:19,7600,0.21388,0.26403,2.7126,-0.60114,88.747,29.206,229.57,124
2020-02-08 15:45:20,7601,0.21228,0.26092,2.46,0.054711,88.752,29.215,208.97,124.68
2020-02-08 15:45:21,7602,0.21461,0.26413,2.5285,0.38264,88.639,29.21,224.94,125
2020-02-08 15:45:22,7603,0.21388,0.26336,2.6366,0.054711,88.62,29.207,229.28,125.68
2020-02-08 15:45:23,7604,0.2146,0.26406,2.43,0.054711,88.838,29.211,247.54,125.33
2020-02-08 15:45:24,7605,0.21397,0.26661,2.3358,0.054711,88.858,29.211,229.8,124.33
2020-02-08 15:45:25,7606,0.21285,0.26325,2.382,0.38264,88.878,29.202,217.65,124.68
2020-02-08 15:45:26,7607,0.21465,0.2656,1.9414,0.054711,88.682,29.202,229.08,124.33
2020-02-08 15:45:27,7608,0.21058,0.26222,2.5289,0.38264,88.726,29.206,222.31,124.68
2020-02-08 15:45:29,7609,0.21417,0.26499,1.3986,-0.27322,88.848,29.203,213.9,125
2020-02-08 15:45:30,7610,0.21307,0.26165,2.6567,-0.27322,88.596,29.197,234.28,124.33
2020-02-08 15:45:31,7611,0.21448,0.264,1.7854,-0.27322,88.688,29.202,229.22,124.68
2020-02-08 15:45:32,7612,0.21333,0.26347,1.9079,0.054711,88.618,29.199,228.96,125
2020-02-08 15:45:33,7613,0.21281,0.26562,1.2489,0.054711,88.681,29.199,204.98,125
2020-02-08 15:45:34,7614,0.21168,0.26382,2.872,0.054711,88.507,29.2,234.88,125
2020-02-08 15:45:35,7615,0.21245,0.26345,2.0443,0.38264,88.691,29.196,223.33,125
2020-02-08 15:45:36,7616,0.20984,0.2618,2.0448,0.054711,88.598,29.192,225.6,125.68
2020-02-08 15:45:37,7617,0.21322,0.26435,2.1748,0.054711,88.885,29.204,213.05,125.33
2020-02-08 15:45:38,7618,0.21286,0.2609,2.3596,0.054711,88.754,29.188,230.36,125.68
2020-02-08 15:45:39,7619,0.21432,0.26386,2.4019,0.38264,88.625,29.193,226.51,125.33
2020-02-08 15:45:40,7620,0.21281,0.2636,2.6032,0.054711,88.791,29.202,225.71,125
2020-02-08 15:45:41,7621,0.21421,0.26489,2.0876,0.054711,88.749,29.202,216.63,125.68
2020-02-08 15:45:42,7622,0.21265,0.26589,2.6662,0.38264,88.718,29.189,223.82,126
2020-02-08 15:45:43,7623,0.21148,0.26371,2.3688,0.054711,88.537,29.19,229.28,126
2020-02-08 15:45:44,7624,0.21487,0.26481,2.5513,0.054711,88.9,29.185,240.79,126
2020-02-08 15:45:45,7625,0.21228,0.263,2.6366,0.054711,88.936,29.186,228.66,125.33
2020-02-08 15:45:46,7626,0.2153,0.26423,2.6581,0.054711,89.194,29.183,216.11,125.68
2020-02-08 15:45:47,7627,0.21386,0.26179,2.7582,0.38264,89.15,29.177,238.76,126.68
2020-02-08 15:45:49,7628,0.21515,0.26452,2.4923,0.38264,89.129,29.177,232.34,125.65
2020-02-08 15:45:50,7629,0.21347,0.26387,2.6725,0.054711,89.184,29.185,230.03,125
2020-02-08 15:45:51,7630,0.21497,0.26439,2.6125,0.054711,89.163,29.191,237.69,125.68
2020-02-08 15:45:52,7631,0.21306,0.26321,2.3319,0.054711,89.202,29.186,215.76,126
2020-02-08 15:45:53,7632,0.21603,0.26443,2.6626,0.38264,89.142,29.179,228.58,125.33
2020-02-08 15:45:54,7633,0.20905,0.26184,2.4423,0.054711,89.238,29.188,225.76,125
2020-02-08 15:45:55,7634,0.21128,0.26323,2.181,-0.27322,89.118,29.192,231.92,125.68
2020-02-08 15:45:56,7635,0.21071,0.26028,2.7149,0.054711,88.632,29.187,233.19,126
2020-02-08 15:45:57,7636,0.21198,0.26287,2.734,0.054711,88.534,29.187,230.36,125.33
2020-02-08 15:45:58,7637,0.21061,0.26387,2.6465,-0.27322,89.208,29.193,228.43,125.68
2020-02-08 15:45:59,7638,0.21104,0.26314,2.2802,-0.27322,89.214,29.184,248.05,126
2020-02-08 15:46:00,7639,0.21207,0.26472,2.5663,-0.27322,89.058,29.183,232.56,126
2020-02-08 15:46:01,7640,0.20809,0.26224,3.1445,0.38264,89.164,29.176,248.51,126
2020-02-08 15:46:02,7641,0.2118,0.26353,2.4781,0.054711,89.04,29.182,222.24,126
2020-02-08 15:46:03,7642,0.20919,0.26158,1.4563,-0.27322,89.043,29.192,219.72,126
2020-02-08 15:46:04,7643,0.21073,0.26358,3.0062,-0.27322,89.31,29.192,248.35,126
2020-02-08 15:46:05,7644,0.21123,0.26127,1.0144,0.054711,89.252,29.182,206.83,126
2020-02-08 15:46:06,7645,0.21109,0.26369,2.1963,0.054711,89.139,29.186,208.74,126
2020-02-08 15:46:08,7646,0.21079,0.26333,2.4044,0.054711,89.379,29.184,246.25,126
2020-02-08 15:46:09,7647,0.20999,0.26378,2.4576,-0.27322,89.039,29.188,223.62,126
2020-02-08 15:46:10,7648,0.21223,0.26331,2.4032,0.38264,89.131,29.186,245.95,126.68
2020-02-08 15:46:11,7649,0.2075,0.26215,2.1428,0.054711,89.298,29.183,236.04,125.65
2020-02-08 15:46:12,7650,0.21159,0.2606,2.1151,0.054711,89.108,29.183,224.79,126.33
2020-02-08 15:46:13,7651,0.21033,0.2635,1.1383,0.054711,89.428,29.176,212.87,126.68
2020-02-08 15:46:14,7652,0.21094,0.26008,2.4022,0.054711,89.231,29.184,217.84,127
2020-02-08 15:46:15,7653,0.2111,0.26265,1.1744,0.054711,89.464,29.173,227.37,126.33
2020-02-08 15:46:16,7654,0.21122,0.26264,1.7615,0.38264,89.544,29.179,221.71,126
2020-02-08 15:46:17,7655,0.21085,0.26372,2.1689,0.054711,89.292,29.179,252.49,126.68
2020-02-08 15:46:18,7656,0.21239,0.26301,1.6475,0.054711,89.351,29.171,205.61,127
2020-02-08 15:46:19,7657,0.20858,0.26272,1.97,-0.27322,89.282,29.187,204.09,126.33
2020-02-08 15:46:20,7658,0.21154,0.26225,1.8826,0.054711,89.133,29.181,224.73,126
2020-02-08 15:46:21,7659,0.20908,0.26141,2.6536,0.054711,89.067,29.181,213.24,126.68
2020-02-08 15:46:22,7660,0.2106,0.26252,1.8354,0.054711,89.36,29.174,232.07,127
2020-02-08 15:46:23,7661,0.21094,0.25966,2.8477,0.054711,89.27,29.19,241.83,126.33
2020-02-08 15:46:24,7662,0.21147,0.26352,2.5801,0.054711,89.489,29.184,230.75,126
2020-02-08 15:46:25,7663,0.20986,0.26215,2.0081,0.38264,89.47,29.18,228.61,126
2020-02-08 15:46:26,7664,0.20978,0.26377,1.3871,-0.27322,89.351,29.184,215.95,126
2020-02-08 15:46:27,7665,0.21071,0.26279,2.8053,-1.257,88.906,29.182,233.55,126
2020-02-08 15:46:29,7666,0.20981,0.26311,2.8596,-1.257,89.03,29.182,236.6,126
2020-02-08 15:46:30,7667,0.21107,0.26173,3.108,-0.27322,89.043,29.185,250.85,126
2020-02-08 15:46:31,7668,0.20947,0.26155,2.7027,0.054711,89.391,29.183,230.7,126.68
2020-02-08 15:46:32,7669,0.21028,0.26228,2.2062,0.054711,88.685,29.18,229.59,127
2020-02-08 15:46:33,7670,0.21077,0.26038,2.5208,0.054711,89.068,29.19,227.09,126.33
2020-02-08 15:46:34,7671,0.21104,0.26163,2.7544,0.054711,89.35,29.172,236.28,126
2020-02-08 15:46:35,7672,0.21068,0.26177,3.0065,0.054711,88.695,29.187,248.42,127
2020-02-08 15:46:36,7673,0.21113,0.26069,2.7438,0.054711,89.386,29.187,218.82,127
2020-02-08 15:46:37,7674,0.21077,0.26383,2.9958,0.054711,89.374,29.177,245.59,127
2020-02-08 15:46:38,7675,0.21034,0.26028,2.5718,0.054711,88.842,29.176,224.41,127
2020-02-08 15:46:39,7676,0.20798,0.26159,2.7579,-0.27322,88.724,29.175,228.83,125.65
2020-02-08 15:46:40,7677,0.20912,0.26121,2.7229,0.38264,89.333,29.173,229.97,126.35
2020-02-08 15:46:41,7678,0.2093,0.26062,2.6009,0.38264,89.015,29.178,224.5,126.33
2020-02-08 15:46:42,7679,0.20924,0.26135,2.5324,0.054711,88.983,29.174,222.9,126
2020-02-08 15:46:43,7680,0.21083,0.26152,2.7063,-0.60114,88.691,29.181,233.56,126.68
2020-02-08 15:46:44,7681,0.21114,0.26009,2.6291,0.054711,88.76,29.178,227.14,126.33
2020-02-08 15:46:45,7682,0.21106,0.26286,1.4713,0.054711,88.814,29.178,222.72,126.68
2020-02-08 15:46:46,7683,0.21047,0.26346,2.5911,0.054711,88.709,29.165,231.79,126.33
2020-02-08 15:46:47,7684,0.2118,0.26264,1.9775,-0.60114,88.701,29.176,241.64,126
2020-02-08 15:46:48,7685,0.21001,0.26328,2.9256,0.38264,89.039,29.174,245.27,126
2020-02-08 15:46:49,7686,0.21048,0.26105,2.4834,-0.27322,88.751,29.171,215.81,126
2020-02-08 15:46:50,7687,0.2113,0.26299,2.6681,-0.27322,89.006,29.18,229.25,127.35
2020-02-08 15:46:52,7688,0.21008,0.26105,2.5831,0.054711,88.76,29.17,240.81,126.65
2020-02-08 15:46:53,7689,0.21223,0.26243,1.7361,0.054711,88.786,29.171,226.82,126
2020-02-08 15:46:54,7690,0.2122,0.26161,2.5012,0.054711,89.108,29.171,226.06,127.36
2020-02-08 15:46:55,7691,0.21285,0.26322,3.0081,0.38264,89.115,29.164,251.19,125.98
2020-02-08 15:46:56,7692,0.21078,0.26435,1.3411,0.38264,88.622,29.171,207.7,125.68
2020-02-08 15:46:57,7693,0.21112,0.26283,1.4073,-0.27322,88.739,29.169,211.94,126.33
2020-02-08 15:46:58,7694,0.20899,0.26116,1.8501,-0.27322,88.881,29.168,223.87,126.68
2020-02-08 15:46:59,7695,0.21145,0.26159,2.6277,0.054711,88.942,29.172,238.63,126.33
2020-02-08 15:47:00,7696,0.21158,0.26089,3.1087,0.38264,88.784,29.174,250.66,126.68
2020-02-08 15:47:01,7697,0.21248,0.26274,2.8411,0.38264,88.754,29.176,221.48,126.33
2020-02-08 15:47:02,7698,0.21098,0.26247,2.5107,0.054711,88.665,29.184,216.47,126
2020-02-08 15:47:03,7699,0.21205,0.26301,1.7867,0.054711,88.726,29.18,225.55,126
2020-02-08 15:47:04,7700,0.2109,0.26418,1.8365,0.054711,88.8,29.18,229.47,126
2020-02-08 15:47:05,7701,0.20933,0.26094,3.1291,0.054711,88.758,29.174,234.16,126.68
2020-02-08 15:47:06,7702,0.21109,0.26346,2.2722,0.38264,88.895,29.185,229.74,127
2020-02-08 15:47:07,7703,0.20979,0.2608,1.7456,-0.27322,88.705,29.185,222.07,126.33
2020-02-08 15:47:08,7704,0.21215,0.26302,2.6135,0.054711,88.754,29.182,225.57,126
2020-02-08 15:47:09,7705,0.21148,0.26012,1.8417,-0.60114,88.848,29.195,249.81,126
2020-02-08 15:47:10,7706,0.21233,0.26237,2.4764,0.054711,88.726,29.176,224.25,126
2020-02-08 15:47:11,7707,0.21158,0.26455,1.9123,-0.27322,88.771,29.185,223.47,126
2020-02-08 15:47:12,7708,0.21123,0.26207,1.9494,0.054711,88.683,29.183,223.15,126.68
2020-02-08 15:47:14,7709,0.21097,0.26379,3.0749,0.054711,88.811,29.183,250.78,127
2020-02-08 15:47:15,7710,0.20858,0.26034,2.0965,0.38264,88.887,29.18,228.55,126.33
2020-02-08 15:47:16,7711,0.21137,0.26279,2.6509,-0.27322,88.914,29.185,232,126.68
2020-02-08 15:47:17,7712,0.21062,0.26039,2.566,0.054711,88.715,29.183,224.25,127
2020-02-08 15:47:18,7713,0.21177,0.26266,2.478,0.38264,88.837,29.181,231.47,127
2020-02-08 15:47:19,7714,0.21209,0.26338,2.5539,0.38264,88.926,29.178,239.11,126.33
2020-02-08 15:47:20,7715,0.2108,0.26408,2.2971,0.38264,88.817,29.19,218.57,126
2020-02-08 15:47:21,7716,0.21026,0.26244,2.8427,0.054711,88.495,29.183,244.58,126.68
2020-02-08 15:47:22,7717,0.2114,0.263,2.7619,0.054711,88.806,29.183,239.21,126.33
2020-02-08 15:47:23,7718,0.20911,0.26156,2.8494,0.054711,88.591,29.192,234.69,126
2020-02-08 15:47:24,7719,0.21122,0.26252,2.6977,0.38264,88.752,29.189,233.87,126
2020-02-08 15:47:25,7720,0.21124,0.25982,2.2305,0.38264,88.781,29.192,228.31,126.68
2020-02-08 15:47:26,7721,0.21253,0.26301,2.6323,0.054711,88.841,29.183,204.13,126.33
2020-02-08 15:47:27,7722,0.21084,0.26265,2.3814,0.054711,88.739,29.181,237.04,125.33
2020-02-08 15:47:28,7723,0.2121,0.2639,2.9588,0.054711,88.548,29.186,233.97,126.36
2020-02-08 15:47:29,7724,0.21118,0.2641,2.0877,0.38264,88.682,29.193,226.9,126.33
2020-02-08 15:47:30,7725,0.20951,0.26194,2.7657,0.38264,88.812,29.193,234.32,126
2020-02-08 15:47:31,7726,0.21148,0.26271,1.9062,0.054711,88.739,29.184,225.05,126
2020-02-08 15:47:32,7727,0.20969,0.26177,2.9027,0.38264,88.993,29.191,204.49,126
2020-02-08 15:47:33,7728,0.21268,0.26216,2.6469,-0.27322,88.785,29.193,228.35,126.68
2020-02-08 15:47:34,7729,0.21174,0.26106,2.6904,-0.27322,88.655,29.196,228.19,127
2020-02-08 15:47:36,7730,0.213,0.26336,1.1707,0.054711,88.597,29.186,216.13,127
2020-02-08 15:47:37,7731,0.21074,0.26377,2.0037,0.054711,88.997,29.193,228.9,126.33
2020-02-08 15:47:38,7732,0.21065,0.26265,2.5945,0.054711,88.694,29.191,229.66,127.36
2020-02-08 15:47:39,7733,0.21027,0.26261,1.9388,0.054711,88.447,29.183,224.22,125.98
2020-02-08 15:47:40,7734,0.21008,0.26262,1.3416,0.054711,88.803,29.183,217.26,126.33
2020-02-08 15:47:41,7735,0.20934,0.26024,2.6975,0.054711,88.62,29.197,229.79,126
2020-02-08 15:47:42,7736,0.21115,0.26254,3.0982,0.38264,88.46,29.178,239.13,126.68
2020-02-08 15:47:43,7737,0.20917,0.26143,0.98841,0.38264,88.847,29.189,203.21,126.33
2020-02-08 15:47:44,7738,0.21083,0.2633,2.7992,0.054711,89.271,29.194,230.05,127.36
2020-02-08 15:47:45,7739,0.2095,0.26429,1.9807,0.054711,88.595,29.194,226.65,127.33
2020-02-08 15:47:46,7740,0.20864,0.26184,2.7194,0.38264,88.622,29.197,225.79,127
2020-02-08 15:47:47,7741,0.21003,0.26282,2.718,0.054711,89.312,29.195,228.52,126.33
2020-02-08 15:47:48,7742,0.20732,0.26118,2.8424,0.054711,88.899,29.195,241.2,126.68
2020-02-08 15:47:49,7743,0.21048,0.26224,2.6735,0.054711,89.276,29.195,225.09,127
2020-02-08 15:47:50,7744,0.20993,0.26002,1.3899,0.38264,88.987,29.194,221.58,127.68
2020-02-08 15:47:51,7745,0.2121,0.26273,2.5477,-0.60114,89.135,29.193,224.33,127.33
2020-02-08 15:47:52,7746,0.21081,0.26263,0.91431,0.38264,89.171,29.189,208.2,126.33
2020-02-08 15:47:53,7747,0.21239,0.26344,2.8178,0.054711,89.189,29.195,218.01,126.68
2020-02-08 15:47:54,7748,0.21212,0.26386,2.5798,0.054711,89.202,29.195,221.41,127
2020-02-08 15:47:56,7749,0.21107,0.26209,2.7266,0.054711,89.27,29.197,236.81,127
2020-02-08 15:47:57,7750,0.21455,0.26295,2.9697,0.38264,89.132,29.196,251.24,126.33
2020-02-08 15:47:58,7751,0.2099,0.26075,2.3838,0.054711,89.102,29.197,229.13,126
2020-02-08 15:47:59,7752,0.21267,0.26253,2.4938,0.054711,89.327,29.193,232.49,126
2020-02-08 15:48:00,7753,0.21203,0.2593,2.6572,0.38264,89.342,29.202,216.71,126.68
2020-02-08 15:48:01,7754,0.215,0.26287,2.2997,0.38264,89.201,29.199,220.74,126.33
2020-02-08 15:48:02,7755,0.21452,0.26326,2.7731,0.38264,89.42,29.199,237.75,126.65
2020-02-08 15:48:03,7756,0.21463,0.26435,2.9541,0.054711,89.351,29.207,233.42,126
2020-02-08 15:48:04,7757,0.21183,0.26188,2.9253,0.054711,89.303,29.212,244.94,126
2020-02-08 15:48:05,7758,0.2152,0.26295,1.2876,0.054711,89.192,29.201,217.2,126.68
2020-02-08 15:48:06,7759,0.21113,0.26103,2.5937,0.38264,89.27,29.213,238.07,126.33
2020-02-08 15:48:07,7760,0.21462,0.26311,2.9175,0.38264,89.208,29.199,251.09,126.68
2020-02-08 15:48:08,7761,0.21424,0.2606,2.4881,0.054711,89.247,29.203,218.39,127
2020-02-08 15:48:09,7762,0.21369,0.26323,2.534,0.054711,89.351,29.209,229.78,126.33
2020-02-08 15:48:10,7763,0.21297,0.26413,2.6682,0.38264,89.266,29.206,232.49,126
2020-02-08 15:48:11,7764,0.2137,0.26409,3.0543,0.38264,89.198,29.206,240.53,126.68
2020-02-08 15:48:12,7765,0.21517,0.2638,2.6411,0.054711,89.264,29.202,242.87,126.33
2020-02-08 15:48:13,7766,0.20997,0.26181,2.7627,0.38264,89.17,29.207,212.71,126.68
2020-02-08 15:48:14,7767,0.21285,0.26339,3.0579,0.054711,89.407,29.214,242.28,126.33
2020-02-08 15:48:15,7768,0.21254,0.26032,2.9332,0.054711,89.444,29.206,233.37,126.68
2020-02-08 15:48:17,7769,0.21396,0.26424,1.7161,0.054711,89.423,29.207,223.08,127
2020-02-08 15:48:18,7770,0.21394,0.26233,2.6578,0.054711,89.122,29.206,227.34,126.33
2020-02-08 15:48:19,7771,0.21422,0.26401,2.7863,0.054711,89.322,29.207,215.78,126
2020-02-08 15:48:20,7772,0.21429,0.26359,2.1239,0.054711,89.254,29.207,234.45,126
2020-02-08 15:48:21,7773,0.21185,0.26308,2.8312,0.054711,89.295,29.202,232.26,126.68
2020-02-08 15:48:22,7774,0.21172,0.26163,2.8257,0.054711,89.502,29.203,228.03,126.36
2020-02-08 15:48:23,7775,0.2129,0.26347,3.1471,0.38264,88.749,29.204,251.16,127
2020-02-08 15:48:24,7776,0.21378,0.25989,2.9248,-0.27322,89.36,29.209,245.39,126.33
2020-02-08 15:48:25,7777,0.21397,0.26268,2.0015,0.054711,88.887,29.211,231.45,126
2020-02-08 15:48:26,7778,0.21387,0.26205,1.1912,0.38264,88.942,29.2,220.38,126
2020-02-08 15:48:27,7779,0.21477,0.26449,2.8575,0.38264,88.718,29.2,243.77,126
2020-02-08 15:48:28,7780,0.21492,0.26294,2.5289,0.054711,89.101,29.205,225.14,126
2020-02-08 15:48:29,7781,0.21272,0.26388,2.5863,0.054711,88.593,29.208,222.52,126.68
2020-02-08 15:48:30,7782,0.21476,0.26284,2.3013,0.054711,89.423,29.207,228.36,126.33
2020-02-08 15:48:31,7783,0.21197,0.26203,2.2109,-0.60114,88.691,29.203,226.44,126.68
2020-02-08 15:48:32,7784,0.2134,0.26305,2.776,0.054711,88.716,29.214,239.61,126.33
2020-02-08 15:48:33,7785,0.21456,0.26076,2.5788,0.054711,88.831,29.212,238.54,126.68
2020-02-08 15:48:34,7786,0.21489,0.26398,1.9496,0.054711,88.647,29.209,229.03,127
2020-02-08 15:48:35,7787,0.21566,0.2646,2.1012,0.054711,88.672,29.209,230.26,126.33
2020-02-08 15:48:37,7788,0.21324,0.26349,2.7449,0.054711,88.879,29.207,230.53,126.68
2020-02-08 15:48:38,7789,0.21253,0.26201,2.2583,0.054711,88.678,29.217,229.21,126
2020-02-08 15:48:39,7790,0.21196,0.26268,2.3442,0.054711,88.778,29.201,227.54,127.36
2020-02-08 15:48:40,7791,0.21429,0.26094,2.5839,0.054711,88.801,29.208,237.83,126.65
2020-02-08 15:48:41,7792,0.21425,0.26345,2.4007,0.054711,88.644,29.202,220.96,126
2020-02-08 15:48:42,7793,0.21405,0.26333,2.2807,0.38264,88.617,29.203,211.06,126
2020-02-08 15:48:43,7794,0.21375,0.26436,1.8916,0.054711,88.799,29.21,228.51,126.68
2020-02-08 15:48:44,7795,0.21398,0.2629,2.636,0.38264,88.643,29.203,238.26,126.33
2020-02-08 15:48:45,7796,0.21149,0.26343,1.9364,0.054711,88.655,29.201,228.67,126
2020-02-08 15:48:46,7797,0.21241,0.26142,2.6173,0.054711,88.697,29.201,229.02,127.36
2020-02-08 15:48:47,7798,0.21284,0.26161,2.1022,-0.27322,88.73,29.19,243.84,127.33
2020-02-08 15:48:48,7799,0.21354,0.26201,1.8807,0.054711,88.679,29.208,237.94,126.33
2020-02-08 15:48:49,7800,0.21384,0.26363,2.9688,0.054711,88.836,29.212,234.19,126.68
2020-02-08 15:48:50,7801,0.21425,0.26364,1.664,-0.27322,88.693,29.204,207.12,127
2020-02-08 15:48:52,7802,0.21493,0.26469,3.0396,0.054711,88.707,29.202,239.63,127
2020-02-08 15:48:53,7803,0.21151,0.26341,2.1534,-0.27322,88.742,29.21,234.17,127.68
2020-02-08 15:48:54,7804,0.21311,0.26251,2.6031,-0.27322,88.826,29.21,232.7,126.65
2020-02-08 15:48:55,7805,0.2125,0.26169,2.0227,-0.27322,88.83,29.2,236.61,126.68
2020-02-08 15:48:56,7806,0.21288,0.26281,2.0325,0.054711,88.768,29.193,223.66,126.68
2020-02-08 15:48:57,7807,0.21421,0.26287,1.7418,0.054711,88.362,29.203,225.78,127
2020-02-08 15:48:58,7808,0.21446,0.26414,2.2885,0.38264,89.016,29.196,231.3,127
2020-02-08 15:48:59,7809,0.21184,0.2637,2.4438,0.054711,88.927,29.202,221.81,126.33
2020-02-08 15:49:00,7810,0.21367,0.26309,2.1261,-0.27322,88.587,29.204,208.91,126.68
2020-02-08 15:49:01,7811,0.21254,0.26282,2.1566,0.054711,88.74,29.189,213.5,127
2020-02-08 15:49:02,7812,0.21161,0.26118,2.4094,0.054711,88.635,29.198,223.58,127
2020-02-08 15:49:03,7813,0.21365,0.26248,1.7787,0.054711,89.061,29.194,220.88,127
2020-02-08 15:49:04,7814,0.21377,0.26059,1.8583,0.38264,88.912,29.199,215.59,126.33
2020-02-08 15:49:05,7815,0.21424,0.26408,2.5167,0.38264,88.946,29.196,227.92,127.36
2020-02-08 15:49:06,7816,0.21275,0.2638,2.9314,0.38264,88.944,29.196,235.61,127.33
2020-02-08 15:49:07,7817,0.2145,0.26357,2.3162,0.054711,89.17,29.196,224.18,127
2020-02-08 15:49:08,7818,0.21264,0.26336,3.0463,0.054711,88.77,29.202,241.4,125.65
2020-02-08 15:49:10,7819,0.21072,0.26065,2.7635,0.054711,89.209,29.201,234.64,126.36
2020-02-08 15:49:11,7820,0.21295,0.26233,1.33,0.38264,89.068,29.198,206.74,127
2020-02-08 15:49:12,7821,0.213,0.26106,2.7759,0.054711,89.145,29.197,205.66,126.33
2020-02-08 15:49:13,7822,0.21446,0.26234,2.4382,-0.27322,89.36,29.194,226.47,126
2020-02-08 15:49:14,7823,0.21363,0.26291,3.1338,0.38264,88.954,29.194,251.92,126.68
2020-02-08 15:49:15,7824,0.21429,0.26305,2.1463,0.054711,89.119,29.191,244.38,127.68
2020-02-08 15:49:16,7825,0.21171,0.26159,1.2296,0.054711,89.144,29.191,214.1,126.65
2020-02-08 15:49:17,7826,0.21271,0.26334,2.6358,0.054711,89.269,29.193,223.47,126
2020-02-08 15:49:18,7827,0.21149,0.26152,2.6853,0.054711,89.024,29.198,231.84,127.36
2020-02-08 15:49:19,7828,0.21299,0.26288,2.0892,0.054711,89.168,29.193,220.27,128
2020-02-08 15:49:20,7829,0.21265,0.26087,1.1805,0.38264,89.294,29.195,215.7,127.33
2020-02-08 15:49:21,7830,0.21307,0.26288,2.5926,0.38264,89.19,29.195,241.44,127
2020-02-08 15:49:22,7831,0.21039,0.26436,0.87461,-0.27322,89.322,29.192,213.99,126.33
2020-02-08 15:49:23,7832,0.21044,0.26349,2.5812,0.054711,89.254,29.185,229.35,126.68
2020-02-08 15:49:24,7833,0.20938,0.26402,2.5276,0.054711,89.351,29.185,228.4,126.33
2020-02-08 15:49:25,7834,0.20853,0.26128,1.5039,0.38264,89.276,29.19,219.02,126
2020-02-08 15:49:26,7835,0.21009,0.26327,2.7552,0.054711,89.29,29.19,224.43,126.68
2020-02-08 15:49:27,7836,0.21272,0.26064,2.1728,0.38264,89.405,29.192,230.96,127
2020-02-08 15:49:28,7837,0.21735,0.2626,2.0689,0.054711,89.209,29.19,229.65,126.33
2020-02-08 15:49:30,7838,0.21768,0.26212,2.0039,0.054711,89.213,29.189,225.44,126.68
2020-02-08 15:49:31,7839,0.21931,0.26431,1.6583,0.38264,89.156,29.187,224.76,126.33
2020-02-08 15:49:32,7840,0.21683,0.26474,2.9535,0.71057,89.302,29.193,237.68,126
2020-02-08 15:49:33,7841,0.21727,0.26402,1.937,0.71057,89.219,29.193,237.53,126.68
2020-02-08 15:49:34,7842,0.21753,0.26356,2.7505,-0.27322,89.308,29.198,218.17,126.33
2020-02-08 15:49:35,7843,0.21813,0.26352,2.6085,0.38264,89.209,29.193,224.97,127
2020-02-08 15:49:36,7844,0.2162,0.26193,3.1291,0.054711,89.325,29.19,247.74,127
2020-02-08 15:49:37,7845,0.21843,0.26416,1.6204,0.054711,89.081,29.188,207.39,126.33
2020-02-08 15:49:38,7846,0.21741,0.26224,2.5025,0.054711,89.315,29.194,232.91,126.68
2020-02-08 15:49:39,7847,0.21829,0.26416,1.9416,-0.27322,89.395,29.19,235.5,127
2020-02-08 15:49:40,7848,0.21737,0.26541,2.58,0.38264,89.113,29.199,230.14,126.33
2020-02-08 15:49:41,7849,0.21682,0.26303,2.8155,0.054711,89.3,29.194,227.92,126.68
2020-02-08 15:49:42,7850,0.21838,0.26443,1.9859,0.054711,88.846,29.194,228.28,126.33
2020-02-08 15:49:43,7851,0.21427,0.26152,2.7284,0.054711,88.663,29.185,225.69,126.68
2020-02-08 15:49:44,7852,0.21724,0.26446,2.6952,0.38264,89.464,29.188,229.19,127
2020-02-08 15:49:45,7853,0.21708,0.26085,2.2764,0.38264,88.702,29.193,202.64,126.33
2020-02-08 15:49:46,7854,0.21828,0.26301,2.5411,-0.27322,88.698,29.194,222.62,126
2020-02-08 15:49:47,7855,0.2168,0.26404,2.7758,0.38264,88.724,29.186,238.59,126.68
2020-02-08 15:49:48,7856,0.21801,0.26398,2.6381,-0.27322,88.697,29.188,227.08,126.33
2020-02-08 15:49:49,7857,0.2172,0.26504,2.156,0.054711,88.688,29.189,217.59,126
2020-02-08 15:49:50,7858,0.21537,0.2631,2.4118,0.054711,88.652,29.189,214.7,126
2020-02-08 15:49:52,7859,0.21738,0.26384,1.9673,0.054711,88.649,29.194,243.16,126.68
2020-02-08 15:49:53,7860,0.21519,0.26239,1.2431,0.054711,88.842,29.198,216.85,126.33
2020-02-08 15:49:54,7861,0.21722,0.26351,2.7738,0.054711,88.741,29.203,228.34,126.68
2020-02-08 15:49:55,7862,0.21582,0.26061,2.6753,0.054711,89.084,29.202,229.82,127
2020-02-08 15:49:56,7863,0.21702,0.26383,2.8123,-0.60114,88.74,29.204,227.83,127
2020-02-08 15:49:57,7864,0.21738,0.26457,2.2645,-0.27322,88.753,29.205,226.39,126
2020-02-08 15:49:58,7865,0.21591,0.26484,0.90526,0.054711,88.866,29.195,243.23,126.68
2020-02-08 15:49:59,7866,0.21548,0.26356,2.6065,0.054711,88.65,29.21,222.34,127
2020-02-08 15:50:00,7867,0.21722,0.26384,2.7178,0.054711,88.726,29.21,217.67,126.33
2020-02-08 15:50:01,7868,0.21309,0.26154,2.5,-0.27322,88.774,29.208,231.44,126.68
2020-02-08 15:50:02,7869,0.21666,0.26378,2.5701,0.054711,88.856,29.194,225.74,127
2020-02-08 15:50:03,7870,0.21565,0.26103,2.2398,0.054711,88.547,29.209,233.13,127
2020-02-08 15:50:04,7871,0.21654,0.26299,1.7408,0.38264,88.716,29.207,224.95,127
2020-02-08 15:50:05,7872,0.21621,0.26424,1.8206,-0.27322,88.848,29.211,231.62,127
2020-02-08 15:50:06,7873,0.21706,0.26431,2.7293,0.054711,88.569,29.206,228.78,126.33
2020-02-08 15:50:07,7874,0.21677,0.26613,2.0882,0.054711,88.708,29.206,242.98,126
2020-02-08 15:50:08,7875,0.21533,0.26394,2.083,0.054711,88.784,29.213,240.7,126.68
2020-02-08 15:50:09,7876,0.21726,0.2639,2.987,-0.27322,88.59,29.217,234.59,127
2020-02-08 15:50:10,7877,0.21447,0.26301,1.946,0.054711,88.613,29.215,217.63,127
2020-02-08 15:50:11,7878,0.21722,0.26397,2.9555,0.054711,88.807,29.209,250,126.33
2020-02-08 15:50:12,7879,0.2166,0.26108,2.4943,0.054711,88.606,29.217,205.02,126
2020-02-08 15:50:13,7880,0.21812,0.265,2.8079,0.054711,88.543,29.212,242.9,126.68
2020-02-08 15:50:15,7881,0.21654,0.26485,0.92688,0.054711,88.729,29.221,212.62,127
2020-02-08 15:50:16,7882,0.21704,0.26476,2.7164,0.054711,88.665,29.221,217.55,126.33
2020-02-08 15:50:17,7883,0.2186,0.2649,2.8073,0.38264,88.59,29.219,233.51,126.68
2020-02-08 15:50:18,7884,0.21352,0.26244,1.0709,0.38264,88.741,29.214,217.25,126.33
2020-02-08 15:50:19,7885,0.21748,0.26463,2.7209,0.054711,88.677,29.212,220.69,126.68
2020-02-08 15:50:20,7886,0.21719,0.26404,1.961,0.38264,88.474,29.213,236.31,127
2020-02-08 15:50:21,7887,0.2168,0.26418,1.7753,0.054711,88.552,29.209,224.55,126.33
2020-02-08 15:50:22,7888,0.21724,0.26468,2.6549,0.054711,88.69,29.222,227.73,126.68
2020-02-08 15:50:23,7889,0.21728,0.26455,2.5009,0.054711,89.112,29.222,245.16,127
2020-02-08 15:50:24,7890,0.21496,0.26481,2.0336,0.054711,88.55,29.214,232.08,126.33
2020-02-08 15:50:25,7891,0.21766,0.26286,1.9964,-0.27322,88.777,29.223,217.45,126.68
2020-02-08 15:50:26,7892,0.21421,0.26296,2.2665,0.054711,89.062,29.215,250.81,127
2020-02-08 15:50:27,7893,0.21682,0.26441,3.0099,0.71057,88.558,29.222,248.66,126.33
2020-02-08 15:50:28,7894,0.21664,0.26111,2.4629,0.054711,88.58,29.221,227.23,126.68
2020-02-08 15:50:29,7895,0.21734,0.26501,1.2924,0.054711,89.043,29.204,213.74,126.33
2020-02-08 15:50:30,7896,0.21682,0.26362,2.0414,0.054711,89.195,29.218,231.44,126
2020-02-08 15:50:31,7897,0.2167,0.2653,2.304,0.054711,89.114,29.218,251.47,126.68
2020-02-08 15:50:32,7898,0.21821,0.26498,2.7021,0.38264,89.237,29.22,232.18,126.33
2020-02-08 15:50:33,7899,0.21406,0.26381,2.6719,0.38264,89.117,29.209,229.53,126
2020-02-08 15:50:34,7900,0.21779,0.2654,2.8362,0.054711,89.161,29.213,236.7,126
2020-02-08 15:50:35,7901,0.21593,0.26254,2.7123,0.38264,89.131,29.21,224.29,126
2020-02-08 15:50:36,7902,0.21593,0.26424,2.301,0.054711,89.091,29.215,221.49,126.68
2020-02-08 15:50:38,7903,0.21671,0.26168,2.3844,0.38264,89.13,29.221,227.86,126.33
2020-02-08 15:50:39,7904,0.21646,0.26431,0.95731,0.38264,89.1,29.221,208.63,126
2020-02-08 15:50:40,7905,0.2158,0.26419,1.9225,0.38264,89.118,29.214,231.92,126.68
2020-02-08 15:50:41,7906,0.21573,0.26567,2.6183,0.054711,89.144,29.213,226.76,127
2020-02-08 15:50:42,7907,0.21642,0.26415,2.046,0.054711,89.159,29.219,233.03,127
2020-02-08 15:50:43,7908,0.21398,0.26333,1.8071,0.38264,89.108,29.209,219.59,126.33
2020-02-08 15:50:44,7909,0.21479,0.26286,2.63,-0.27322,89.22,29.218,230.22,126.68
2020-02-08 15:50:45,7910,0.21644,0.26479,2.1116,-0.27322,89.208,29.239,250.95,126.33
2020-02-08 15:50:46,7911,0.21666,0.26182,1.9366,-0.27322,89.346,29.239,237.21,127.36
2020-02-08 15:50:47,7912,0.21685,0.26402,2.1446,0.054711,89.234,29.23,235.18,126.65
2020-02-08 15:50:48,7913,0.21698,0.26414,2.6859,0.38264,89.325,29.23,228.53,126.68
2020-02-08 15:50:49,7914,0.2159,0.2645,2.3847,0.38264,89.26,29.226,250.53,126.33
2020-02-08 15:50:50,7915,0.21835,0.26535,2.6465,-0.27322,89.356,29.223,225.49,126
2020-02-08 15:50:51,7916,0.21485,0.26417,1.9408,0.38264,89.274,29.22,222.45,126.68
2020-02-08 15:50:52,7917,0.21593,0.26428,2.5152,-0.60114,89.31,29.225,242.15,127
2020-02-08 15:50:53,7918,0.21579,0.26211,2.7065,-0.27322,89.149,29.232,229,126.33
2020-02-08 15:50:54,7919,0.21577,0.26363,2.4009,-0.27322,89.084,29.232,228,126
2020-02-08 15:50:55,7920,0.21695,0.26344,2.3031,0.38264,89.449,29.228,221.63,126.68
2020-02-08 15:50:56,7921,0.21696,0.26309,2.6583,0.054711,89.012,29.229,222.81,125.65
2020-02-08 15:50:57,7922,0.21714,0.2648,2.194,0.054711,89.198,29.227,224.88,125.68
2020-02-08 15:50:58,7923,0.21696,0.26621,2.8556,0.054711,89.301,29.236,241.1,126.68
2020-02-08 15:50:59,7924,0.21735,0.2641,2.5189,0.054711,89.036,29.226,236.85,126.33
2020-02-08 15:51:00,7925,0.21519,0.26539,3.0123,0.054711,89.222,29.247,239.1,126
2020-02-08 15:51:02,7926,0.21613,0.26327,2.6651,0.38264,89.149,29.235,212.28,126
2020-02-08 15:51:03,7927,0.21647,0.26342,2.7781,0.054711,89.105,29.252,214.75,126
2020-02-08 15:51:04,7928,0.21724,0.263,2.9671,0.054711,88.699,29.252,225.94,126
2020-02-08 15:51:05,7929,0.21745,0.26447,2.7543,0.054711,89.358,29.24,231.7,127.36
2020-02-08 15:51:06,7930,0.21773,0.26421,2.7113,0.054711,88.511,29.24,236.63,128
2020-02-08 15:51:07,7931,0.21638,0.26503,3.112,0.38264,89.18,29.24,239.63,126.65
2020-02-08 15:51:08,7932,0.21143,0.26275,1.8836,0.054711,88.586,29.246,228.98,126
2020-02-08 15:51:09,7933,0.20866,0.26281,1.8525,-0.27322,89.055,29.252,223.85,126
2020-02-08 15:51:10,7934,0.20861,0.26294,1.9293,0.054711,89.187,29.251,211.68,126
2020-02-08 15:51:11,7935,0.20988,0.26327,2.4213,-0.27322,88.615,29.249,250.57,126
2020-02-08 15:51:12,7936,0.20943,0.26155,2.7293,-0.27322,89.348,29.249,238.35,126
2020-02-08 15:51:13,7937,0.21076,0.26428,2.3977,0.054711,89.41,29.251,228.85,126
2020-02-08 15:51:14,7938,0.21041,0.2635,2.26,0.38264,88.79,29.252,217.14,126
2020-02-08 15:51:15,7939,0.21138,0.26502,2.4639,0.38264,88.624,29.253,223.31,125.33
2020-02-08 15:51:16,7940,0.20923,0.26542,2.671,-0.27322,88.594,29.244,235.54,125.68
2020-02-08 15:51:17,7941,0.21086,0.26391,2.5616,0.054711,88.725,29.243,225.99,126.68
2020-02-08 15:51:18,7942,0.20935,0.26478,1.8126,-0.60114,88.615,29.234,228.55,125.65
2020-02-08 15:51:19,7943,0.20783,0.26213,2.7978,-0.60114,88.704,29.234,238.26,125.68
2020-02-08 15:51:20,7944,0.21026,0.26437,2.3433,-0.60114,88.536,29.237,223.23,126.68
2020-02-08 15:51:21,7945,0.20915,0.26284,3.07,0.054711,88.704,29.242,251.52,125.65
2020-02-08 15:51:22,7946,0.21061,0.26319,2.6322,-0.60114,88.809,29.238,224.93,125.68
2020-02-08 15:51:23,7947,0.21006,0.26221,3.0177,0.38264,88.585,29.238,246.35,126
2020-02-08 15:51:25,7948,0.2111,0.26403,3.0572,0.38264,88.879,29.235,250.31,126
2020-02-08 15:51:26,7949,0.21011,0.26527,2.8893,-0.27322,88.692,29.242,242.5,126
2020-02-08 15:51:27,7950,0.21099,0.26536,1.7903,-0.27322,88.644,29.242,220.86,126.68
2020-02-08 15:51:28,7951,0.21053,0.26607,2.6436,0.054711,88.711,29.245,229,127
2020-02-08 15:51:29,7952,0.20839,0.26277,3.0562,0.054711,88.641,29.237,251.58,126.33
2020-02-08 15:51:30,7953,0.21052,0.26579,2.2256,0.38264,88.569,29.243,214.79,125.33
2020-02-08 15:51:31,7954,0.21126,0.26493,2.4827,0.38264,88.698,29.244,245.06,125.68
2020-02-08 15:51:32,7955,0.21117,0.26359,2.3115,0.38264,88.682,29.251,226.65,125.33
2020-02-08 15:51:33,7956,0.21128,0.26526,1.5311,0.054711,88.903,29.24,223.5,125.68
2020-02-08 15:51:34,7957,0.21151,0.26642,1.6013,0.054711,88.428,29.239,222.74,125.33
2020-02-08 15:51:35,7958,0.21139,0.26433,2.6766,0.054711,88.604,29.239,238.66,125.68
2020-02-08 15:51:36,7959,0.21079,0.26679,0.95298,0.71057,88.707,29.251,207.53,125.33
2020-02-08 15:51:37,7960,0.2084,0.26361,2.5283,0.38264,88.706,29.242,226.8,125.68
2020-02-08 15:51:38,7961,0.20994,0.26534,2.4958,0.38264,88.686,29.233,219.8,125.33
2020-02-08 15:51:39,7962,0.20803,0.26341,2.7311,-0.27322,88.521,29.251,242.55,125
2020-02-08 15:51:40,7963,0.21,0.26523,2.6384,-0.27322,88.629,29.233,228.25,125.68
2020-02-08 15:51:41,7964,0.2092,0.26339,2.8475,0.054711,88.832,29.238,222.5,124.65
2020-02-08 15:51:42,7965,0.21071,0.26494,2.7031,0.38264,88.451,29.245,231.57,124.68
2020-02-08 15:51:43,7966,0.21038,0.26268,2.4078,0.38264,88.459,29.245,217.2,125.68
2020-02-08 15:51:44,7967,0.21109,0.26558,2.9088,-0.27322,88.486,29.247,246.1,125.33
2020-02-08 15:51:45,7968,0.20983,0.26456,2.7519,0.054711,88.613,29.245,231.98,125.68
2020-02-08 15:51:46,7969,0.21127,0.26599,2.7263,0.054711,88.588,29.241,226.49,125.33
2020-02-08 15:51:47,7970,0.20983,0.2666,2.675,-0.27322,88.98,29.236,229.71,124.33
2020-02-08 15:51:49,7971,0.20951,0.26454,2.3824,0.054711,88.999,29.24,246.1,125.36
2020-02-08 15:51:50,7972,0.21068,0.26498,3.0557,-0.27322,89.084,29.239,248.86,125.33
2020-02-08 15:51:51,7973,0.20738,0.26428,2.9278,-0.27322,88.697,29.239,240.47,125.68
2020-02-08 15:51:52,7974,0.2105,0.26551,2.7008,0.054711,89.15,29.245,229.49,125.33
2020-02-08 15:51:53,7975,0.20892,0.26354,2.9089,-0.27322,89.219,29.238,230.14,125
2020-02-08 15:51:54,7976,0.21027,0.26563,2.2122,0.38264,89.159,29.239,221.15,124.33
2020-02-08 15:51:55,7977,0.213,0.26565,2.0708,0.054711,89.229,29.244,214.15,125.33
2020-02-08 15:51:56,7978,0.21119,0.268,1.4369,0.054711,89.096,29.241,219.29,125
2020-02-08 15:51:57,7979,0.21108,0.26613,2.7096,0.38264,89.182,29.252,230.05,125
2020-02-08 15:51:58,7980,0.21112,0.26516,2.5535,0.054711,89.309,29.248,229.11,125
2020-02-08 15:51:59,7981,0.20712,0.2645,2.6031,0.054711,88.984,29.248,232,125.68
2020-02-08 15:52:00,7982,0.21178,0.26595,1.0358,0.38264,89.197,29.244,219.84,125.33
2020-02-08 15:52:01,7983,0.20863,0.26278,2.7413,0.38264,89.236,29.245,226.59,125.68
2020-02-08 15:52:02,7984,0.21304,0.26637,2.6416,0.054711,89.026,29.233,235.7,125.33
2020-02-08 15:52:03,7985,0.21162,0.26381,2.4637,0.38264,89.278,29.239,232.65,125.68
2020-02-08 15:52:04,7986,0.21315,0.26554,2.5671,0.054711,89.12,29.233,227.45,125.33
2020-02-08 15:52:05,7987,0.21181,0.26684,2.7582,0.054711,89.216,29.245,223.44,125.68
2020-02-08 15:52:06,7988,0.21119,0.26571,2.2965,0.38264,89.461,29.236,223.09,125.33
2020-02-08 15:52:07,7989,0.21106,0.26575,2.7735,0.38264,89.382,29.236,221.87,125.68
2020-02-08 15:52:08,7990,0.2079,0.26367,2.4762,0.054711,89.302,29.234,231.71,126
2020-02-08 15:52:09,7991,0.21031,0.26469,2.6155,-0.27322,89.44,29.23,240.46,125.33
2020-02-08 15:52:10,7992,0.19899,0.25218,2.8321,0.054711,89.409,29.243,243.39,125.68
2020-02-08 15:52:11,7993,0.20258,0.25236,2.692,0.054711,89.148,29.236,210.65,125.33
2020-02-08 15:52:12,7994,0.19973,0.24957,2.5164,0.38264,89.165,29.228,229.67,125.68
2020-02-08 15:52:14,7995,0.19504,0.24806,3.0154,0.054711,89.094,29.237,249.91,125.33
2020-02-08 15:52:15,7996,0.20752,0.26186,2.6259,0.054711,89.401,29.237,229.12,125.68
2020-02-08 15:52:16,7997,0.2133,0.26586,2.6172,0.38264,89.164,29.229,235.85,125.33
2020-02-08 15:52:17,7998,0.21208,0.26516,2.6149,0.38264,89.006,29.23,234.87,125.68
2020-02-08 15:52:18,7999,0.21338,0.26535,2.3557,-0.27322,89.334,29.236,220.13,126
2020-02-08 15:52:19,8000,0.21315,0.26654,2.7506,-0.27322,89.093,29.23,204.84,125.33
2020-02-08 15:52:20,8001,0.21053,0.2638,3.0303,0.054711,89.217,29.229,249.75,125.68
2020-02-08 15:52:21,8002,0.20912,0.26434,2.9976,0.054711,89.017,29.233,246.32,125.68
2020-02-08 15:52:22,8003,0.21396,0.26444,2.7928,0.38264,89.267,29.241,202.24,126
2020-02-08 15:52:23,8004,0.21224,0.26106,2.4901,0.38264,89.126,29.241,228.07,126
2020-02-08 15:52:24,8005,0.21355,0.26422,2.3665,0.38264,89.221,29.231,225.28,126
2020-02-08 15:52:25,8006,0.2141,0.26428,2.9689,-0.27322,88.731,29.229,245.58,126
2020-02-08 15:52:26,8007,0.21373,0.26375,2.6856,0.054711,89.521,29.236,231.1,126
2020-02-08 15:52:27,8008,0.21366,0.26545,2.9851,0.054711,89.368,29.229,237.6,126
2020-02-08 15:52:28,8009,0.21142,0.26447,2.5453,0.38264,89.302,29.231,238.02,125.33
2020-02-08 15:52:29,8010,0.21429,0.26495,2.6517,0.054711,88.99,29.241,229.33,125.68
2020-02-08 15:52:30,8011,0.20947,0.26379,2.8761,0.38264,89.041,29.24,219.13,126
2020-02-08 15:52:31,8012,0.21376,0.26542,2.6643,0.38264,89.383,29.24,210.95,126
2020-02-08 15:52:32,8013,0.21179,0.2628,3.0088,-0.27322,88.974,29.248,236.64,125.33
2020-02-08 15:52:33,8014,0.21322,0.26597,2.621,0.38264,89.238,29.25,225.98,125
2020-02-08 15:52:34,8015,0.21281,0.263,2.6595,0.054711,88.843,29.243,229.41,125
2020-02-08 15:52:35,8016,0.21361,0.26562,2.6932,0.054711,88.657,29.252,230.17,125.68
2020-02-08 15:52:36,8017,0.21327,0.26556,3.0427,0.054711,88.666,29.255,242.32,126
2020-02-08 15:52:37,8018,0.21304,0.26597,2.7205,-0.27322,88.732,29.258,228.49,126
2020-02-08 15:52:39,8019,0.21486,0.26549,3.085,-0.27322,88.505,29.262,247.13,126
2020-02-08 15:52:40,8020,0.20784,0.26391,2.0005,-0.27322,88.744,29.262,229.23,126
2020-02-08 15:52:41,8021,0.21486,0.26619,2.2995,-0.27322,88.609,29.26,250.03,126.68
2020-02-08 15:52:42,8022,0.21283,0.26294,2.8919,0.38264,88.572,29.262,239.98,126.33
2020-02-08 15:52:43,8023,0.21451,0.26724,3.0266,0.054711,88.542,29.267,233.75,125.33
2020-02-08 15:52:44,8024,0.21531,0.26296,2.813,0.054711,88.661,29.265,238.14,125
2020-02-08 15:52:45,8025,0.21568,0.26587,2.2082,-0.27322,88.734,29.258,244.38,125.68
2020-02-08 15:52:46,8026,0.21028,0.2651,2.3576,0.054711,88.703,29.263,229.46,125.33
2020-02-08 15:52:47,8027,0.21157,0.2657,2.211,0.054711,88.535,29.274,242.03,125.68
2020-02-08 15:52:48,8028,0.20812,0.26257,2.0541,0.054711,88.582,29.274,218.66,125.33
2020-02-08 15:52:49,8029,0.21091,0.26525,3.0782,0.054711,88.628,29.262,244.46,126.36
2020-02-08 15:52:50,8030,0.20892,0.26281,2.2853,0.38264,88.646,29.259,248.05,125.65
2020-02-08 15:52:51,8031,0.20923,0.26478,2.3768,0.38264,88.68,29.255,248.18,125
2020-02-08 15:52:52,8032,0.21027,0.26282,2.2105,0.054711,88.644,29.257,235,125.68
2020-02-08 15:52:53,8033,0.21071,0.26521,2.1599,-0.27322,88.482,29.259,213.27,125.33
2020-02-08 15:52:54,8034,0.21079,0.26634,2.1326,0.054711,88.664,29.251,229.25,125
2020-02-08 15:52:55,8035,0.2088,0.26535,3.0595,0.054711,88.572,29.263,249.67,125.68
2020-02-08 15:52:56,8036,0.21096,0.26598,2.9386,0.054711,88.691,29.263,237.23,125.33
2020-02-08 15:52:57,8037,0.20744,0.26414,2.7817,0.38264,88.7,29.247,225.78,125
2020-02-08 15:52:58,8038,0.20886,0.26512,2.3966,0.38264,88.664,29.267,246.83,125.68
2020-02-08 15:52:59,8039,0.20867,0.26206,2.0224,-0.27322,88.547,29.263,229.7,126
2020-02-08 15:53:00,8040,0.20957,0.26493,2.463,0.38264,88.582,29.256,251.02,126
2020-02-08 15:53:01,8041,0.21036,0.26463,2.6889,-0.27322,88.456,29.27,231.41,126
2020-02-08 15:53:02,8042,0.20951,0.26439,2.6229,0.054711,88.529,29.274,230.83,126.68
2020-02-08 15:53:03,8043,0.21038,0.26598,1.9986,0.71057,88.582,29.258,241.49,125.65
2020-02-08 15:53:05,8044,0.2086,0.26542,2.3763,0.71057,89.035,29.258,222.08,125.68
2020-02-08 15:53:06,8045,0.21035,0.26457,2.3642,0.054711,88.619,29.265,204.5,126.68
2020-02-08 15:53:07,8046,0.20735,0.26319,2.4006,0.38264,88.578,29.265,232.4,126.33
2020-02-08 15:53:08,8047,0.20834,0.2653,2.1703,0.38264,88.569,29.278,229.29,125.33
2020-02-08 15:53:09,8048,0.20944,0.26325,2.9863,0.054711,89.039,29.283,228.52,125.68
2020-02-08 15:53:10,8049,0.2092,0.26377,2.5435,0.054711,88.766,29.276,241.89,126.68
2020-02-08 15:53:11,8050,0.2103,0.26541,2.8872,0.38264,88.56,29.277,233.96,126.33
2020-02-08 15:53:12,8051,0.21038,0.26562,2.5267,0.054711,89.076,29.275,237.83,126
2020-02-08 15:53:13,8052,0.20857,0.26657,2.8219,0.38264,89.082,29.277,231.45,126
2020-02-08 15:53:14,8053,0.21035,0.26473,2.6635,0.38264,88.503,29.277,231.43,126
2020-02-08 15:53:15,8054,0.20811,0.26397,2.577,0.054711,89.093,29.28,238.29,126
2020-02-08 15:53:16,8055,0.20794,0.26479,2.9598,0.054711,89.053,29.277,249.73,126
2020-02-08 15:53:17,8056,0.20956,0.2642,2.6287,0.71057,89.046,29.285,233.29,126
2020-02-08 15:53:18,8057,0.20915,0.26216,2.4505,0.054711,89.076,29.283,237.05,125.33
2020-02-08 15:53:19,8058,0.21041,0.26551,1.2516,0.054711,89.055,29.275,204.9,125
2020-02-08 15:53:20,8059,0.20936,0.26482,1.9033,0.054711,89.077,29.275,230.02,125.68
2020-02-08 15:53:21,8060,0.21036,0.2658,2.001,0.054711,89.135,29.284,234.8,126
2020-02-08 15:53:22,8061,0.20808,0.2659,2.7757,0.054711,88.975,29.281,224,125.33
2020-02-08 15:53:23,8062,0.20982,0.26444,1.8527,0.054711,89.084,29.275,232.45,125.68
2020-02-08 15:53:24,8063,0.20911,0.26472,2.5628,0.054711,89.075,29.281,224.86,126
2020-02-08 15:53:25,8064,0.20696,0.26375,1.892,0.054711,89.135,29.281,229.2,126
2020-02-08 15:53:26,8065,0.20953,0.26438,1.9097,0.054711,89.135,29.28,220.22,125.33
2020-02-08 15:53:27,8066,0.20896,0.26246,2.1295,0.054711,89.202,29.283,245.55,125.68
2020-02-08 15:53:28,8067,0.21076,0.26487,2.0341,0.054711,89.033,29.283,231.08,125.33
2020-02-08 15:53:30,8068,0.20965,0.26495,1.9305,0.054711,89.031,29.284,227.66,125.68
2020-02-08 15:53:31,8069,0.21046,0.26491,1.5234,0.054711,89.154,29.279,222.25,126
2020-02-08 15:53:32,8070,0.20832,0.26601,2.5696,0.38264,89.167,29.279,228.2,126
2020-02-08 15:53:33,8071,0.20926,0.26421,1.8931,0.054711,89.097,29.283,231.23,126.68
2020-02-08 15:53:34,8072,0.20898,0.26452,1.7679,-0.27322,89.079,29.279,220.11,126.33
2020-02-08 15:53:35,8073,0.20722,0.26387,2.9042,0.38264,89.249,29.273,230.58,126
2020-02-08 15:53:36,8074,0.2089,0.26382,1.8062,0.054711,89.055,29.272,228.35,125.33
2020-02-08 15:53:37,8075,0.21055,0.2641,3.1091,0.054711,89.135,29.272,243.7,126.36
2020-02-08 15:53:38,8076,0.2091,0.26365,1.6563,0.054711,89.205,29.27,214.33,126.33
2020-02-08 15:53:39,8077,0.2105,0.26523,1.6501,0.054711,89.198,29.278,221.03,125.33
2020-02-08 15:53:40,8078,0.20882,0.2662,2.6727,-0.27322,89.04,29.285,227.1,125
2020-02-08 15:53:41,8079,0.20899,0.26431,1.5112,0.054711,88.98,29.279,218.78,126.36
2020-02-08 15:53:42,8080,0.20908,0.26458,2.8107,0.054711,89.457,29.284,225.51,126.33
2020-02-08 15:53:43,8081,0.20692,0.26341,2.7151,0.38264,89.344,29.285,227.5,125.33
2020-02-08 15:53:44,8082,0.21028,0.26528,2.4508,0.054711,89.238,29.279,227.47,125
2020-02-08 15:53:45,8083,0.2087,0.26127,1.8575,0.38264,89.344,29.276,229.98,125.68
2020-02-08 15:53:46,8084,0.21075,0.26383,2.4191,0.38264,89.21,29.276,235.89,126
2020-02-08 15:53:47,8085,0.2093,0.26446,2.7338,0.38264,89.333,29.283,229.19,125.33
2020-02-08 15:53:48,8086,0.21064,0.2651,1.4164,0.38264,88.98,29.272,204.9,125.68
2020-02-08 15:53:49,8087,0.20898,0.26598,2.7029,0.054711,89.044,29.283,224,126.68
2020-02-08 15:53:50,8088,0.20805,0.26417,2.486,0.38264,89.344,29.278,238.82,127
2020-02-08 15:53:51,8089,0.20989,0.26461,2.9429,0.054711,89.133,29.286,233.55,126.33
2020-02-08 15:53:52,8090,0.20677,0.2627,2.7913,0.054711,89.2,29.282,235.51,125.33
2020-02-08 15:53:53,8091,0.20999,0.2645,2.5906,0.054711,89.37,29.282,230.84,125.68
2020-02-08 15:53:55,8092,0.20935,0.2619,2.952,0.054711,88.665,29.291,235.5,126.68
2020-02-08 15:53:56,8093,0.21083,0.26497,2.59,0.054711,89.233,29.291,231.36,125.65
2020-02-08 15:53:57,8094,0.20894,0.26439,2.6967,0.054711,88.861,29.287,209.81,125.68
2020-02-08 15:53:58,8095,0.21001,0.26565,2.452,0.054711,89.274,29.278,225.93,126
2020-02-08 15:53:59,8096,0.20948,0.26531,2.5577,0.054711,88.504,29.288,228.81,125.33
2020-02-08 15:54:00,8097,0.20663,0.2629,2.6568,0.38264,88.717,29.284,228.59,125.68
2020-02-08 15:54:01,8098,0.20769,0.26168,2.4632,0.38264,88.804,29.292,230.65,126
2020-02-08 15:54:02,8099,0.21105,0.26456,2.5453,0.054711,88.786,29.29,231.34,126.68
2020-02-08 15:54:03,8100,0.20925,0.26262,2.7908,0.054711,88.642,29.29,231.19,125.65
2020-02-08 15:54:04,8101,0.21064,0.26421,2.259,0.38264,88.683,29.292,218.87,126.36
2020-02-08 15:54:05,8102,0.20866,0.26519,1.1187,0.054711,88.613,29.302,214.28,125.65
2020-02-08 15:54:06,8103,0.20898,0.26371,2.6533,-0.27322,88.766,29.31,206.35,126.36
2020-02-08 15:54:07,8104,0.20989,0.26489,1.8442,0.38264,88.998,29.307,229.89,125.65
2020-02-08 15:54:08,8105,0.20604,0.26196,1.855,0.054711,88.6,29.309,232.81,125
2020-02-08 15:54:09,8106,0.20985,0.26411,2.9251,0.054711,88.696,29.316,232.38,125
2020-02-08 15:54:10,8107,0.20782,0.26248,2.4696,0.054711,88.508,29.316,217.08,125.68
2020-02-08 15:54:11,8108,0.20974,0.26343,2.2918,0.054711,88.853,29.315,237.25,125.33
2020-02-08 15:54:12,8109,0.2093,0.26146,2.248,0.38264,88.654,29.308,208.75,125.68
2020-02-08 15:54:13,8110,0.21029,0.26286,2.6355,0.38264,88.782,29.308,232.02,125.33
2020-02-08 15:54:14,8111,0.2088,0.26532,1.9353,0.054711,88.458,29.317,210.25,125.68
2020-02-08 15:54:15,8112,0.20957,0.26454,2.2964,-0.27322,88.643,29.311,208.42,126
2020-02-08 15:54:16,8113,0.21035,0.26626,2.0902,0.38264,88.814,29.31,237.91,126
2020-02-08 15:54:17,8114,0.20647,0.26174,2.6862,0.38264,88.623,29.313,234.05,126
2020-02-08 15:54:18,8115,0.21,0.26528,1.3327,0.38264,88.616,29.313,202.84,125.33
2020-02-08 15:54:20,8116,0.20847,0.26243,2.016,0.054711,88.737,29.312,238.28,125.68
2020-02-08 15:54:21,8117,0.21014,0.26374,2.6783,0.38264,88.595,29.307,229.06,126
2020-02-08 15:54:22,8118,0.20994,0.26354,2.6083,0.38264,88.601,29.314,228.86,126
2020-02-08 15:54:23,8119,0.21043,0.26454,1.4695,0.38264,88.6,29.318,205.18,125.33
2020-02-08 15:54:24,8120,0.20983,0.26694,1.4347,0.054711,88.675,29.313,211,126.36
2020-02-08 15:54:25,8121,0.21021,0.26487,1.853,0.054711,88.542,29.32,221.35,125.33
2020-02-08 15:54:26,8122,0.20783,0.26331,1.9537,0.054711,88.671,29.32,217.32,125.68
2020-02-08 15:54:27,8123,0.20994,0.26414,2.4925,0.054711,88.671,29.318,223.89,126
2020-02-08 15:54:28,8124,0.20937,0.26139,2.1989,0.054711,88.7,29.322,221.57,125.33
2020-02-08 15:54:29,8125,0.21008,0.26383,3.0044,0.054711,88.585,29.317,247.8,126.36
2020-02-08 15:54:30,8126,0.20757,0.26282,2.264,0.054711,88.614,29.327,247.68,125.65
2020-02-08 15:54:31,8127,0.20896,0.26386,1.9776,0.054711,88.7,29.319,227.19,125
2020-02-08 15:54:32,8128,0.20805,0.26362,2.7273,0.054711,88.793,29.318,234.86,125.68
2020-02-08 15:54:33,8129,0.20901,0.2646,2.6485,0.054711,88.452,29.318,232.32,125.33
2020-02-08 15:54:34,8130,0.20914,0.26467,2.1799,0.054711,88.457,29.319,208.17,125
2020-02-08 15:54:35,8131,0.20777,0.26385,2.4806,0.38264,88.579,29.32,233.58,125.68
2020-02-08 15:54:36,8132,0.21004,0.26365,2.4328,-0.27322,88.49,29.311,217,124.65
2020-02-08 15:54:37,8133,0.20574,0.26327,2.3366,0.054711,88.571,29.322,208.32,125.36
2020-02-08 15:54:38,8134,0.21005,0.26409,2.2773,0.054711,88.504,29.317,238.38,125.33
2020-02-08 15:54:39,8135,0.20709,0.2631,2.7379,0.054711,88.496,29.317,236.41,125
2020-02-08 15:54:40,8136,0.20966,0.26402,2.3699,0.054711,88.399,29.322,239.19,125
2020-02-08 15:54:41,8137,0.20887,0.26118,2.4812,0.054711,88.631,29.322,226.77,125
2020-02-08 15:54:43,8138,0.20974,0.26532,2.6018,0.38264,88.492,29.319,230.32,125
2020-02-08 15:54:44,8139,0.20874,0.26291,2.6841,0.054711,88.696,29.322,234.52,124.33
2020-02-08 15:54:45,8140,0.21011,0.26463,2.6646,-0.27322,88.667,29.322,232.68,124.68
2020-02-08 15:54:46,8141,0.20908,0.26291,3.0227,0.38264,88.728,29.319,251.26,124.33
2020-02-08 15:54:47,8142,0.21013,0.26547,3.0521,0.38264,88.548,29.326,241.04,125.36
2020-02-08 15:54:48,8143,0.21077,0.26458,2.5812,0.054711,88.822,29.326,235.81,124.65
2020-02-08 15:54:49,8144,0.21294,0.26404,2.5802,0.054711,88.558,29.322,223.31,124.33
2020-02-08 15:54:50,8145,0.20835,0.26289,3.152,0.054711,88.851,29.322,250.97,124
2020-02-08 15:54:51,8146,0.21135,0.26509,1.0544,0.054711,88.925,29.321,215.83,124.68
2020-02-08 15:54:52,8147,0.21071,0.26206,2.9503,0.054711,88.609,29.314,236.13,123.65
2020-02-08 15:54:53,8148,0.21097,0.26509,2.7103,0.054711,88.542,29.319,228.2,123.68
2020-02-08 15:54:54,8149,0.21099,0.2617,2.0509,-0.27322,88.573,29.309,226.21,123.33
2020-02-08 15:54:55,8150,0.21131,0.26439,2.9453,0.38264,88.612,29.321,236.49,123
2020-02-08 15:54:56,8151,0.21113,0.26459,2.6456,0.38264,89.054,29.319,236.36,123.68
2020-02-08 15:54:57,8152,0.21257,0.26368,2.9789,0.054711,89.054,29.316,218.35,124
2020-02-08 15:54:58,8153,0.21333,0.26424,0.96664,0.054711,88.436,29.316,206.62,124
2020-02-08 15:54:59,8154,0.20991,0.26507,3.1157,0.054711,88.839,29.314,243.7,123.33
2020-02-08 15:55:00,8155,0.21328,0.26478,2.6171,-0.27322,89.127,29.311,222.39,124.36
2020-02-08 15:55:01,8156,0.20934,0.26368,1.5348,-0.27322,89.118,29.309,218.52,124.33
2020-02-08 15:55:02,8157,0.21114,0.26516,2.803,-0.27322,89.029,29.306,209.12,123.33
2020-02-08 15:55:03,8158,0.21072,0.26257,1.4739,0.054711,89.139,29.295,224.91,123.68
2020-02-08 15:55:04,8159,0.21059,0.26473,2.7305,0.054711,89.01,29.298,229.54,124
2020-02-08 15:55:05,8160,0.2119,0.26295,2.8008,0.054711,88.937,29.305,220.66,124
2020-02-08 15:55:06,8161,0.21159,0.26416,2.5927,0.38264,89.116,29.303,229.89,124.68
2020-02-08 15:55:08,8162,0.21203,0.26565,2.4831,0.38264,89.19,29.303,233.85,125
2020-02-08 15:55:09,8163,0.2113,0.2654,0.90007,0.054711,89.148,29.308,213.78,124.33
2020-02-08 15:55:10,8164,0.21213,0.2648,1.782,0.38264,89.196,29.308,225.22,124
2020-02-08 15:55:11,8165,0.21009,0.26529,2.5344,0.054711,88.913,29.307,228.74,125.36
2020-02-08 15:55:12,8166,0.21148,0.26317,2.6954,0.38264,88.822,29.303,240.5,125.33
2020-02-08 15:55:13,8167,0.20994,0.2633,1.409,0.71057,88.831,29.306,237.99,125
2020-02-08 15:55:14,8168,0.21238,0.26193,2.4524,0.38264,88.992,29.309,225.5,124.33
2020-02-08 15:55:15,8169,0.21202,0.26446,2.7558,0.054711,89.133,29.291,228.94,124.68
2020-02-08 15:55:16,8170,0.21235,0.26498,2.8016,0.054711,89.092,29.291,249.32,124.33
2020-02-08 15:55:17,8171,0.21245,0.26555,0.93368,0.38264,89.191,29.297,205.51,124.68
2020-02-08 15:55:18,8172,0.21304,0.26505,2.8168,0.054711,88.986,29.292,236.27,125
2020-02-08 15:55:19,8173,0.21033,0.26499,2.5033,0.38264,89.099,29.3,230.57,124.33
2020-02-08 15:55:20,8174,0.21132,0.26376,2.3652,0.054711,89.04,29.301,227.51,124.68
2020-02-08 15:55:21,8175,0.21124,0.26354,2.6231,0.38264,89.019,29.297,231.88,125
2020-02-08 15:55:22,8176,0.21094,0.26367,2.8618,0.71057,89.197,29.296,243,124.33
2020-02-08 15:55:23,8177,0.21214,0.26422,2.3378,0.054711,89.19,29.293,231.35,124.68
2020-02-08 15:55:24,8178,0.21249,0.26338,2.7188,0.054711,89.141,29.293,207.75,125.68
2020-02-08 15:55:25,8179,0.2127,0.26464,1.7249,0.38264,89.296,29.284,227.4,125.33
2020-02-08 15:55:26,8180,0.212,0.26683,2.9051,0.38264,89.312,29.295,216.93,124.33
2020-02-08 15:55:27,8181,0.21256,0.26424,2.7663,-0.27322,89.103,29.299,228.38,125.36
2020-02-08 15:55:28,8182,0.21074,0.26508,2.6306,0.38264,89.266,29.299,225.96,124.65
2020-02-08 15:55:29,8183,0.21015,0.26327,2.9477,0.054711,89.186,29.297,208.4,124.68
2020-02-08 15:55:30,8184,0.21185,0.26476,2.844,-0.27322,89.293,29.289,236.26,124.33
2020-02-08 15:55:31,8185,0.21148,0.2621,3.0124,-0.27322,89.287,29.289,242.53,124.68
2020-02-08 15:55:33,8186,0.21233,0.26493,2.9283,0.38264,89.174,29.296,221.35,125
2020-02-08 15:55:34,8187,0.21219,0.26459,1.1089,0.054711,89.168,29.303,207.01,124.33
2020-02-08 15:55:35,8188,0.21188,0.2651,2.8369,0.054711,89.179,29.298,229,126.04
2020-02-08 15:55:36,8189,0.21054,0.26605,2.8851,0.054711,88.733,29.308,231.35,124.98
2020-02-08 15:55:37,8190,0.21145,0.26377,2.7651,0.054711,88.788,29.309,230.96,124.68
2020-02-08 15:55:38,8191,0.21112,0.26575,2.5762,-0.27322,88.599,29.308,228.43,125
2020-02-08 15:55:39,8192,0.21137,0.26472,3.2286,-0.27322,88.985,29.294,241.79,124.33
2020-02-08 15:55:40,8193,0.21167,0.26217,2.806,0.38264,88.582,29.294,224.6,124.68
2020-02-08 15:55:41,8194,0.21266,0.2645,2.7572,0.054711,88.448,29.3,234.44,125
2020-02-08 15:55:42,8195,0.21165,0.2647,2.9407,0.38264,88.827,29.303,211.03,125
2020-02-08 15:55:43,8196,0.21223,0.26468,3.1182,-0.27322,89.203,29.322,245.81,125
2020-02-08 15:55:44,8197,0.21114,0.26695,2.0003,0.38264,88.644,29.314,222.86,124.33
2020-02-08 15:55:45,8198,0.21057,0.26231,2.9282,-0.27322,88.592,29.31,209.13,124
2020-02-08 15:55:46,8199,0.21113,0.2642,2.6921,0.054711,88.686,29.306,238.24,125.36
2020-02-08 15:55:47,8200,0.20933,0.26288,2.7882,0.054711,88.848,29.306,234.54,124.65
2020-02-08 15:55:48,8201,0.21204,0.26455,3.0785,0.054711,88.544,29.306,244.75,125.36
2020-02-08 15:55:49,8202,0.21183,0.2625,2.1455,0.71057,88.598,29.314,229.75,124.65
2020-02-08 15:55:50,8203,0.21259,0.2637,2.8152,0.38264,88.611,29.319,242.3,124
2020-02-08 15:55:51,8204,0.21168,0.26479,2.7161,0.054711,88.638,29.317,233.18,124.68
2020-02-08 15:55:52,8205,0.21249,0.26449,0.96322,0.054711,88.573,29.32,206.32,125
2020-02-08 15:55:53,8206,0.21149,0.26645,2.2822,0.38264,88.641,29.327,236.94,125
2020-02-08 15:55:54,8207,0.21022,0.26321,2.1825,0.054711,88.85,29.33,225.44,124.33
2020-02-08 15:55:55,8208,0.21154,0.26475,2.4388,-0.27322,88.427,29.331,204,124
2020-02-08 15:55:57,8209,0.20953,0.26261,2.8415,-0.27322,88.515,29.331,241.28,125.36
2020-02-08 15:55:58,8210,0.21224,0.26492,2.6462,0.38264,88.675,29.332,235.75,125.33
2020-02-08 15:55:59,8211,0.21202,0.26213,2.425,0.38264,88.641,29.326,234.81,125
2020-02-08 15:56:00,8212,0.21293,0.26412,2.6978,-0.27322,88.489,29.342,229.47,125
2020-02-08 15:56:01,8213,0.21198,0.26586,2.5946,0.38264,88.677,29.342,227,124.33
2020-02-08 15:56:02,8214,0.21233,0.26494,2.635,0.054711,88.732,29.344,224.44,124.68
2020-02-08 15:56:03,8215,0.20956,0.26226,2.0048,0.054711,88.51,29.349,224.43,125
2020-02-08 15:56:04,8216,0.21191,0.26503,2.4841,0.38264,88.542,29.349,223.72,125.68
2020-02-08 15:56:05,8217,0.21091,0.26185,2.5035,0.38264,88.681,29.362,236.12,125.33
2020-02-08 15:56:06,8218,0.21288,0.26346,2.5906,0.054711,89.174,29.372,226.83,125.68
2020-02-08 15:56:07,8219,0.21238,0.2631,1.3238,0.71057,88.835,29.377,229.4,124.65
2020-02-08 15:56:08,8220,0.21229,0.26432,2.6177,0.38264,88.838,29.39,218.86,124.68
2020-02-08 15:56:09,8221,0.21099,0.26561,2.9931,0.38264,88.882,29.39,247.57,125.68
2020-02-08 15:56:10,8222,0.2117,0.265,2.7971,0.38264,88.53,29.39,208.98,125.33
2020-02-08 15:56:11,8223,0.21416,0.26423,1.2813,-0.27322,88.469,29.391,204.72,124.33
2020-02-08 15:56:12,8224,0.21058,0.26304,3.0018,0.054711,88.996,29.41,242.76,124.68
2020-02-08 15:56:13,8225,0.21371,0.26449,1.5514,0.054711,88.537,29.41,217.93,125.68
2020-02-08 15:56:14,8226,0.21355,0.2609,2.7943,0.054711,88.718,29.404,203.47,125.33
2020-02-08 15:56:15,8227,0.21472,0.26423,2.6019,0.38264,88.584,29.396,227.59,125
2020-02-08 15:56:16,8228,0.21291,0.26377,2.8147,0.38264,88.986,29.4,250.05,125.68
2020-02-08 15:56:17,8229,0.21374,0.26508,2.6454,0.38264,89.005,29.386,228.48,124.65
2020-02-08 15:56:18,8230,0.21304,0.26552,2.5383,0.38264,88.94,29.386,243.37,124.68
2020-02-08 15:56:19,8231,0.21225,0.26412,2.9274,0.054711,89.06,29.382,217.88,125.68
2020-02-08 15:56:20,8232,0.21306,0.26483,2.0967,0.054711,89.147,29.387,222.75,125.33
2020-02-08 15:56:22,8233,0.21114,0.26351,2.5886,0.38264,89.052,29.386,224.5,125
2020-02-08 15:56:23,8234,0.21389,0.26465,1.8419,0.054711,88.89,29.374,226.1,125
2020-02-08 15:56:24,8235,0.21346,0.26179,1.8389,0.054711,89.119,29.375,202.44,125
2020-02-08 15:56:25,8236,0.21426,0.26474,2.003,0.054711,89.124,29.366,237.91,125.68
2020-02-08 15:56:26,8237,0.21235,0.26443,2.6487,0.054711,89.13,29.359,229.96,126
2020-02-08 15:56:27,8238,0.21443,0.26491,2.5653,0.054711,89.249,29.359,248.08,124.65
2020-02-08 15:56:28,8239,0.21207,0.26456,1.8611,0.38264,89.098,29.353,212.7,126
2020-02-08 15:56:29,8240,0.21243,0.2641,1.8272,0.054711,89.144,29.354,205.38,126
2020-02-08 15:56:30,8241,0.21009,0.26309,2.7395,0.054711,89.452,29.35,227.36,125.33
2020-02-08 15:56:31,8242,0.21257,0.26517,2.756,0.054711,88.81,29.34,235.46,125.68
2020-02-08 15:56:32,8243,0.21072,0.26083,2.2236,0.38264,89.072,29.339,251.44,125.33
2020-02-08 15:56:33,8244,0.2121,0.26369,2.5134,0.054711,89.139,29.338,227.46,125.68
2020-02-08 15:56:34,8245,0.21102,0.26327,1.957,0.054711,88.726,29.338,228.91,126
2020-02-08 15:56:35,8246,0.21188,0.26349,1.813,0.054711,89.402,29.332,222.45,125.33
2020-02-08 15:56:36,8247,0.21028,0.26333,2.8572,0.38264,88.655,29.33,222.05,125.68
2020-02-08 15:56:37,8248,0.21141,0.26355,2.239,0.71057,89.538,29.32,238.01,125.33
2020-02-08 15:56:38,8249,0.21022,0.26416,3.0459,0.054711,89.248,29.322,247.81,125.68
2020-02-08 15:56:39,8250,0.21047,0.26342,2.0959,0.054711,89.248,29.317,222.09,125.33
2020-02-08 15:56:40,8251,0.21104,0.26308,2.7088,0.054711,88.928,29.317,233.54,124.33
2020-02-08 15:56:41,8252,0.20893,0.26238,2.3265,0.054711,88.691,29.321,226,125.36
2020-02-08 15:56:42,8253,0.21198,0.26358,2.952,0.38264,88.58,29.317,249.47,125.33
2020-02-08 15:56:43,8254,0.20816,0.26253,2.0962,-0.27322,89.228,29.318,215.76,125
2020-02-08 15:56:44,8255,0.21185,0.26358,2.6818,0.054711,89.228,29.316,229.19,125
2020-02-08 15:56:46,8256,0.20868,0.26245,2.618,0.054711,88.544,29.308,229.55,125.68
2020-02-08 15:56:47,8257,0.21144,0.26398,2.5303,0.054711,88.519,29.304,229.62,125.33
2020-02-08 15:56:48,8258,0.20954,0.26221,2.7313,0.054711,88.749,29.302,232.06,125
2020-02-08 15:56:49,8259,0.2108,0.26392,1.9551,0.054711,88.566,29.302,217.57,125
2020-02-08 15:56:50,8260,0.21034,0.26117,2.2398,0.38264,88.644,29.299,232.88,125.68
2020-02-08 15:56:51,8261,0.21097,0.26428,2.6248,0.054711,88.966,29.302,240.03,125.33
2020-02-08 15:56:52,8262,0.2098,0.26262,2.3948,0.054711,88.584,29.293,238.52,125.68
2020-02-08 15:56:53,8263,0.2101,0.26279,2.3503,0.38264,88.763,29.294,234.06,124.68
2020-02-08 15:56:54,8264,0.21022,0.26517,2.2391,0.38264,88.74,29.294,235.21,125.68
2020-02-08 15:56:55,8265,0.21156,0.26373,2.5245,0.054711,88.478,29.29,232.52,125.33
2020-02-08 15:56:56,8266,0.2081,0.26348,2.2422,0.054711,88.508,29.29,226.87,125.68
2020-02-08 15:56:57,8267,0.2116,0.26289,2.6428,0.38264,88.467,29.291,229.16,125.33
2020-02-08 15:56:58,8268,0.20849,0.26238,0.98413,0.054711,88.563,29.297,212.18,125.68
2020-02-08 15:56:59,8269,0.21031,0.26444,2.5953,0.054711,88.627,29.293,228.27,126
2020-02-08 15:57:00,8270,0.21035,0.26043,2.6915,0.054711,88.582,29.293,251.54,125.33
2020-02-08 15:57:01,8271,0.21033,0.26394,2.56,-0.27322,88.497,29.286,219.58,125
2020-02-08 15:57:02,8272,0.2108,0.26276,2.5633,0.38264,88.66,29.281,204.91,125.68
2020-02-08 15:57:03,8273,0.21122,0.26434,2.3093,-0.27322,88.757,29.277,225.33,125.33
2020-02-08 15:57:04,8274,0.21072,0.26305,2.38,0.38264,88.575,29.285,225.01,125.68
2020-02-08 15:57:05,8275,0.21031,0.2645,2.2953,0.38264,88.585,29.285,222.08,125.33
2020-02-08 15:57:06,8276,0.212,0.26343,2.6289,-0.60114,88.586,29.275,225.14,125
2020-02-08 15:57:07,8277,0.20847,0.26322,2.1176,0.054711,88.575,29.275,223.2,125
2020-02-08 15:57:08,8278,0.21129,0.26336,2.741,0.054711,88.687,29.285,247,125.68
2020-02-08 15:57:09,8279,0.20991,0.26238,2.4552,-0.27322,88.757,29.284,223.58,125.33
2020-02-08 15:57:11,8280,0.21,0.26409,2.4038,0.054711,88.594,29.28,228.41,125.68
2020-02-08 15:57:12,8281,0.21122,0.26074,2.4801,0.054711,88.67,29.282,231.14,126
2020-02-08 15:57:13,8282,0.21118,0.2644,2.608,0.054711,88.508,29.282,213.1,125.33
2020-02-08 15:57:14,8283,0.2115,0.26369,2.6713,0.38264,88.593,29.286,249.16,125.68
2020-02-08 15:57:15,8284,0.21079,0.26443,2.4941,0.054711,88.451,29.279,239.24,125.33
2020-02-08 15:57:16,8285,0.21205,0.26462,2.8037,0.054711,88.647,29.276,241.96,125
2020-02-08 15:57:17,8286,0.21195,0.26419,3.0823,0.71057,88.385,29.278,251.86,126
2020-02-08 15:57:18,8287,0.20933,0.2636,2.8705,0.38264,88.629,29.277,235.68,125.33
2020-02-08 15:57:19,8288,0.2101,0.26374,2.2859,0.054711,88.582,29.278,230.61,125.68
2020-02-08 15:57:20,8289,0.2147,0.26194,2.6562,0.054711,88.879,29.278,228.12,126
2020-02-08 15:57:21,8290,0.21514,0.26473,3.003,0.054711,88.871,29.26,243.13,126
2020-02-08 15:57:22,8291,0.21125,0.2618,2.3231,0.054711,88.338,29.278,220.66,125.33
2020-02-08 15:57:23,8292,0.21057,0.26386,2.7383,0.054711,88.522,29.273,229.66,125.68
2020-02-08 15:57:24,8293,0.21064,0.26379,2.0812,0.054711,88.582,29.276,221.2,125.33
2020-02-08 15:57:25,8294,0.21026,0.26366,2.6436,0.054711,88.974,29.273,229.4,125.68
2020-02-08 15:57:26,8295,0.21121,0.26484,3.0069,0.054711,88.523,29.273,249.97,126.68
2020-02-08 15:57:27,8296,0.20992,0.26392,1.9084,0.054711,88.417,29.273,227.58,125.65
2020-02-08 15:57:28,8297,0.21196,0.26503,1.8256,0.054711,88.585,29.276,211.79,125.68
2020-02-08 15:57:29,8298,0.20872,0.26372,2.6467,-0.27322,88.814,29.284,237.19,126
2020-02-08 15:57:30,8299,0.21184,0.26386,3.0538,0.054711,88.895,29.275,241.91,126
2020-02-08 15:57:31,8300,0.21171,0.26259,2.6525,0.054711,88.95,29.263,228.15,125.33
2020-02-08 15:57:32,8301,0.21157,0.26428,2.5419,0.38264,88.61,29.269,237,125.68
2020-02-08 15:57:33,8302,0.21332,0.264,2.5598,-0.27322,89.017,29.28,234.05,125.33
2020-02-08 15:57:34,8303,0.21273,0.26198,2.5073,-0.27322,88.408,29.28,236.68,125.68
2020-02-08 15:57:35,8304,0.21399,0.2654,2.2017,0.054711,88.406,29.281,223.57,125.33
2020-02-08 15:57:36,8305,0.21346,0.26484,2.2912,-0.27322,89.065,29.271,225.76,125.68
2020-02-08 15:57:38,8306,0.21418,0.26468,2.4112,0.38264,89.133,29.282,229.93,125.33
2020-02-08 15:57:39,8307,0.21071,0.26653,2.5201,0.054711,89.053,29.275,241.32,126.36
2020-02-08 15:57:40,8308,0.21169,0.2633,2.8796,0.38264,89.156,29.293,228.87,126.33
2020-02-08 15:57:41,8309,0.21024,0.26368,1.8238,0.38264,89.018,29.293,228.61,126
2020-02-08 15:57:42,8310,0.20871,0.263,1.835,0.054711,89.148,29.295,232.96,125.33
2020-02-08 15:57:43,8311,0.21197,0.26322,2.0929,0.054711,89.06,29.291,250.7,125.68
2020-02-08 15:57:44,8312,0.21088,0.2614,2.4361,-0.27322,89.125,29.301,217.17,126
2020-02-08 15:57:45,8313,0.21118,0.263,3.097,0.38264,89.171,29.31,246.21,126
2020-02-08 15:57:46,8314,0.21169,0.26412,2.869,0.71057,89.109,29.31,233.21,126
2020-02-08 15:57:47,8315,0.21031,0.26584,2.5246,0.38264,89.209,29.302,219.41,126.68
2020-02-08 15:57:48,8316,0.2115,0.26396,2.5724,0.38264,89.121,29.302,231.69,125.65
2020-02-08 15:57:49,8317,0.21056,0.26571,2.555,0.054711,89.019,29.312,233.04,126.36
2020-02-08 15:57:50,8318,0.20872,0.26238,3.0577,0.054711,89.108,29.321,248.58,125.65
2020-02-08 15:57:51,8319,0.21138,0.26487,1.9888,0.38264,89.103,29.321,234.69,126.36
2020-02-08 15:57:52,8320,0.21045,0.26258,2.9457,0.38264,89.116,29.325,237.96,126.33
2020-02-08 15:57:53,8321,0.21186,0.26504,2.0077,0.054711,89.075,29.328,233.68,126
2020-02-08 15:57:54,8322,0.21133,0.26323,2.1751,0.054711,89.014,29.326,226.89,126
2020-02-08 15:57:55,8323,0.21226,0.26443,1.7067,0.054711,89.105,29.326,222.47,126
2020-02-08 15:57:56,8324,0.2111,0.26593,2.2937,-0.27322,89.123,29.328,227.38,126
2020-02-08 15:57:57,8325,0.21158,0.26446,3.054,0.054711,89.112,29.316,251.13,126
2020-02-08 15:57:58,8326,0.21142,0.26573,2.537,0.054711,89.081,29.322,231,126.68
2020-02-08 15:57:59,8327,0.20965,0.26311,2.22,0.054711,89.117,29.329,218.75,126.33
2020-02-08 15:58:00,8328,0.2112,0.26497,2.1578,0.38264,89.086,29.314,230.14,126
2020-02-08 15:58:01,8329,0.20997,0.2633,3.17,0.38264,89.237,29.314,236.26,126.68
2020-02-08 15:58:02,8330,0.21156,0.26556,2.2739,0.054711,89.036,29.336,229.97,125.65
2020-02-08 15:58:03,8331,0.21131,0.26172,2.7507,-0.27322,89.157,29.334,252.65,125.68
2020-02-08 15:58:04,8332,0.21204,0.26441,2.8185,0.38264,88.974,29.34,236.37,126
2020-02-08 15:58:06,8333,0.21111,0.2645,3.021,0.054711,89.355,29.343,249.19,126
2020-02-08 15:58:07,8334,0.21194,0.26549,2.7159,0.054711,89.126,29.349,234.07,126
2020-02-08 15:58:08,8335,0.21102,0.26596,2.402,0.054711,89.287,29.362,233.24,126
2020-02-08 15:58:09,8336,0.21071,0.26413,1.4255,0.054711,89.209,29.394,218.73,126.68
2020-02-08 15:58:10,8337,0.21102,0.26466,2.4723,0.054711,89.387,29.394,229.03,125.65
2020-02-08 15:58:11,8338,0.20907,0.26365,2.8228,0.054711,89.037,29.401,231.14,125.68
2020-02-08 15:58:12,8339,0.21169,0.26551,2.6952,0.054711,89.183,29.413,228.16,125.33
2020-02-08 15:58:13,8340,0.21067,0.26209,2.9271,0.054711,89.225,29.439,204.13,126
2020-02-08 15:58:14,8341,0.21166,0.26389,2.9492,0.38264,89.314,29.446,204.16,126.68
2020-02-08 15:58:15,8342,0.21214,0.2649,2.8351,0.054711,89.37,29.47,238.77,127
2020-02-08 15:58:16,8343,0.21062,0.26607,3.1049,-0.27322,88.946,29.479,243.03,127
2020-02-08 15:58:17,8344,0.21127,0.26487,2.7845,-0.27322,88.552,29.479,228.51,126.33
2020-02-08 15:58:18,8345,0.21146,0.26486,3.104,0.054711,89.073,29.491,240.75,126
2020-02-08 15:58:19,8346,0.20784,0.2632,2.8053,0.054711,89.218,29.488,244.44,126
2020-02-08 15:58:20,8347,0.21154,0.26478,2.6255,0.38264,88.564,29.483,230.05,126
2020-02-08 15:58:21,8348,0.20899,0.26348,2.3807,0.054711,88.772,29.488,216.74,126
2020-02-08 15:58:22,8349,0.21173,0.26455,2.668,0.054711,88.689,29.495,250.59,126
2020-02-08 15:58:23,8350,0.21085,0.26188,2.5869,0.054711,89.238,29.495,229.1,125.33
2020-02-08 15:58:24,8351,0.21177,0.26416,2.7554,0.054711,88.708,29.491,230.41,125.68
2020-02-08 15:58:25,8352,0.21018,0.26482,2.0078,0.054711,88.543,29.477,233.34,126
2020-02-08 15:58:26,8353,0.21166,0.26445,2.9674,0.054711,88.659,29.466,237.12,126.68
2020-02-08 15:58:27,8354,0.21084,0.26642,1.9305,0.054711,89.134,29.467,232.13,126.32
2020-02-08 15:58:28,8355,0.21056,0.26473,2.5309,-0.27322,88.586,29.453,229.72,127.36
2020-02-08 15:58:29,8356,0.21124,0.26537,2.0813,0.38264,88.577,29.457,242.85,126.65
2020-02-08 15:58:30,8357,0.20822,0.26319,2.8215,0.38264,88.634,29.457,211.93,126
2020-02-08 15:58:31,8358,0.21147,0.26503,1.1548,0.38264,88.597,29.453,207.05,126
2020-02-08 15:58:32,8359,0.21035,0.2631,2.626,-0.60114,88.595,29.45,224.83,126
2020-02-08 15:58:33,8360,0.21255,0.26583,2.1481,0.38264,88.493,29.455,229.33,126.68
2020-02-08 15:58:35,8361,0.21144,0.26323,2.863,0.38264,88.476,29.468,204.98,126.32
2020-02-08 15:58:36,8362,0.21282,0.26565,2.5961,0.054711,88.512,29.47,233.65,126
2020-02-08 15:58:37,8363,0.21141,0.26652,0.92171,0.054711,88.454,29.467,209.23,126
2020-02-08 15:58:38,8364,0.21146,0.26554,2.4867,0.054711,88.549,29.488,226,126
2020-02-08 15:58:39,8365,0.21258,0.26574,2.5362,0.054711,88.619,29.488,217.11,126
2020-02-08 15:58:40,8366,0.20868,0.26341,2.3367,-0.27322,88.544,29.502,225.27,126
2020-02-08 15:58:41,8367,0.21307,0.26604,1.0196,0.054711,88.681,29.506,212.05,126.68
2020-02-08 15:58:42,8368,0.21306,0.2651,2.5762,-0.27322,88.503,29.508,230.86,126.32
2020-02-08 15:58:43,8369,0.21205,0.26439,2.6403,0.054711,88.543,29.513,229.29,126.68
2020-02-08 15:58:44,8370,0.213,0.26591,2.2249,-0.27322,88.546,29.513,240.38,127
2020-02-08 15:58:45,8371,0.2128,0.26746,1.8487,0.054711,88.668,29.522,223.1,126.32
2020-02-08 15:58:46,8372,0.21094,0.26489,1.9862,0.054711,88.65,29.522,245.34,127.36
2020-02-08 15:58:47,8373,0.21292,0.2659,1.9245,0.054711,88.635,29.512,238.99,125.98
2020-02-08 15:58:48,8374,0.20941,0.26393,1.7257,0.38264,88.575,29.515,220.54,125.68
2020-02-08 15:58:49,8375,0.21224,0.26574,1.9328,0.054711,88.599,29.517,225.89,126.68
2020-02-08 15:58:50,8376,0.2109,0.26207,1.951,0.054711,88.641,29.499,227.31,126.32
2020-02-08 15:58:51,8377,0.21265,0.26522,2.0541,0.054711,88.601,29.503,230.66,126.68
2020-02-08 15:58:52,8378,0.21155,0.26388,2.1514,0.054711,88.527,29.493,232.78,125.65
2020-02-08 15:58:53,8379,0.21249,0.26499,2.2701,0.054711,88.678,29.493,206.92,125.68
2020-02-08 15:58:54,8380,0.21079,0.26543,2.5224,-0.27322,88.719,29.48,239.65,126
2020-02-08 15:58:55,8381,0.21143,0.26544,2.374,0.054711,88.629,29.489,232.03,126.68
2020-02-08 15:58:56,8382,0.21239,0.26514,2.382,0.38264,88.468,29.473,221.94,127
2020-02-08 15:58:57,8383,0.20843,0.26359,2.6146,-0.27322,88.725,29.464,205.04,126.32
2020-02-08 15:58:58,8384,0.21342,0.26464,2.6554,0.054711,88.476,29.464,222,126
2020-02-08 15:58:59,8385,0.21001,0.26393,1.0846,0.054711,88.676,29.439,216.11,126.68
2020-02-08 15:59:00,8386,0.21252,0.2651,2.6208,0.054711,88.783,29.422,235.2,126.32
2020-02-08 15:59:01,8387,0.21226,0.26232,2.5964,0.054711,88.406,29.422,228.85,126
2020-02-08 15:59:02,8388,0.21273,0.26553,0.95698,0.054711,88.655,29.429,211.99,126
2020-02-08 15:59:04,8389,0.21199,0.26493,2.6362,0.71057,88.711,29.429,231.99,126.68
2020-02-08 15:59:05,8390,0.21198,0.26614,2.6792,0.38264,88.459,29.408,232.75,126.32
2020-02-08 15:59:06,8391,0.21383,0.26532,2.6953,-0.27322,88.752,29.408,221.84,126
2020-02-08 15:59:07,8392,0.20805,0.26314,2.1779,0.38264,88.518,29.404,231.58,126.68
2020-02-08 15:59:08,8393,0.21288,0.26533,2.7569,0.054711,88.798,29.407,226.67,126.32
2020-02-08 15:59:09,8394,0.21152,0.26244,2.1513,-0.27322,88.42,29.41,223,126
2020-02-08 15:59:10,8395,0.21246,0.2633,2.927,0.054711,88.344,29.404,211.95,126.68
2020-02-08 15:59:11,8396,0.21291,0.26557,2.9895,0.054711,88.436,29.404,222.92,126.32
2020-02-08 15:59:12,8397,0.21336,0.26593,2.1735,0.054711,89.061,29.409,229.66,126
2020-02-08 15:59:13,8398,0.21064,0.26528,2.6388,0.054711,88.347,29.392,229.17,126.68
2020-02-08 15:59:14,8399,0.21349,0.26513,2.7559,0.054711,88.587,29.395,224.91,126.32
2020-02-08 15:59:15,8400,0.21044,0.26325,2.9663,0.38264,88.917,29.402,240.67,126
2020-02-08 15:59:16,8401,0.21172,0.26567,3.0873,0.38264,88.556,29.398,246.52,126.68
2020-02-08 15:59:17,8402,0.2125,0.26238,2.7653,0.38264,89.053,29.398,234.16,126.32
2020-02-08 15:59:18,8403,0.21273,0.26517,2.8331,0.054711,88.826,29.404,239.97,126.68
2020-02-08 15:59:19,8404,0.21233,0.26473,2.7344,0.054711,88.487,29.402,226.72,126.32
2020-02-08 15:59:20,8405,0.21128,0.26502,1.9639,0.38264,89.085,29.393,232.64,126.68
2020-02-08 15:59:21,8406,0.21329,0.26521,2.2751,0.38264,89.133,29.404,229.63,126.32
2020-02-08 15:59:22,8407,0.20979,0.26431,2.4522,0.054711,89.022,29.405,222.13,126.68
2020-02-08 15:59:23,8408,0.21222,0.26381,2.8123,0.054711,89.08,29.412,232.16,126.32
2020-02-08 15:59:24,8409,0.21059,0.26318,2.7672,0.054711,89.157,29.412,243.33,126.68
2020-02-08 15:59:25,8410,0.21061,0.26452,1.7175,0.38264,89.054,29.412,222.68,126.32
2020-02-08 15:59:26,8411,0.21179,0.26137,2.4425,-0.27322,89.17,29.412,222.04,126
2020-02-08 15:59:27,8412,0.21193,0.26425,2.7751,0.38264,89.153,29.413,222.22,126.68
2020-02-08 15:59:28,8413,0.2121,0.26398,2.6043,0.054711,89.069,29.421,230.82,126.32
2020-02-08 15:59:29,8414,0.21228,0.26545,1.645,0.054711,89.186,29.412,225.45,126.68
2020-02-08 15:59:31,8415,0.21238,0.26438,2.6678,0.38264,89.153,29.411,223.53,126.32
2020-02-08 15:59:32,8416,0.21155,0.26644,2.0435,0.054711,89.073,29.412,228.71,126.68
2020-02-08 15:59:33,8417,0.21232,0.26339,1.8473,0.054711,89.082,29.412,214.9,126.32
2020-02-08 15:59:34,8418,0.20991,0.26454,2.31,0.38264,89.176,29.406,236.59,126
2020-02-08 15:59:35,8419,0.21103,0.2643,2.5594,0.054711,89.11,29.41,229.63,126
2020-02-08 15:59:36,8420,0.21151,0.26286,2.6379,0.38264,89.19,29.403,234.36,127.36
2020-02-08 15:59:37,8421,0.21229,0.26444,3.0089,-0.60114,89.409,29.403,235.77,127.32
2020-02-08 15:59:38,8422,0.21214,0.26477,1.8287,0.38264,89.031,29.391,233.22,126.68
2020-02-08 15:59:39,8423,0.21278,0.26584,1.7498,0.38264,89.335,29.396,225.96,127
2020-02-08 15:59:40,8424,0.21143,0.26609,1.9508,0.38264,89.196,29.396,226.38,126.32
2020-02-08 15:59:41,8425,0.21293,0.26486,1.8076,0.38264,89.089,29.385,229.34,126.68
2020-02-08 15:59:42,8426,0.21008,0.26328,2.5772,0.054711,89.154,29.395,217.81,127
2020-02-08 15:59:43,8427,0.21118,0.26469,2.4511,0.054711,88.971,29.396,217.6,127
2020-02-08 15:59:44,8428,0.21182,0.26421,2.2709,0.054711,88.864,29.381,214.82,127
2020-02-08 15:59:45,8429,0.21134,0.26334,2.2703,-0.27322,89.142,29.38,235.17,127
2020-02-08 15:59:46,8430,0.21356,0.26473,2.3506,0.38264,89.244,29.377,233.37,127
2020-02-08 15:59:47,8431,0.21366,0.26284,2.0795,0.054711,89.365,29.376,209.23,126.32
2020-02-08 15:59:48,8432,0.21437,0.26596,3.0268,0.054711,89.371,29.373,252.42,126.68
2020-02-08 15:59:49,8433,0.21283,0.26565,2.1192,0.054711,89.167,29.373,214.23,127
2020-02-08 15:59:50,8434,0.21459,0.26578,2.2487,0.054711,89.342,29.37,234.13,126.32
2020-02-08 15:59:51,8435,0.21195,0.26488,2.5407,-0.27322,88.646,29.36,220.06,126
2020-02-08 15:59:52,8436,0.21206,0.26388,2.3388,0.054711,89.315,29.359,223.77,126
2020-02-08 15:59:53,8437,0.21329,0.26451,2.2082,0.054711,88.625,29.35,225.08,126
2020-02-08 15:59:54,8438,0.21267,0.26326,2.1662,0.38264,88.672,29.353,221.67,126
2020-02-08 15:59:55,8439,0.21453,0.26417,2.6328,0.054711,88.669,29.353,229.47,126.68
2020-02-08 15:59:56,8440,0.2145,0.26505,2.2317,0.38264,88.506,29.353,224.93,126.32
2020-02-08 15:59:57,8441,0.21515,0.26609,2.8568,0.38264,88.824,29.353,234.82,127.36
2020-02-08 15:59:58,8442,0.21352,0.26728,1.9555,0.38264,88.662,29.353,227.75,126.65
2020-02-08 16:00:00,8443,0.21361,0.26411,2.0489,0.054711,88.549,29.346,242.39,126.68
2020-02-08 16:00:01,8444,0.213,0.26516,2.1016,0.38264,88.636,29.352,252.79,126.32
2020-02-08 16:00:02,8445,0.21112,0.26304,2.7059,-0.27322,88.596,29.356,229.44,127.36
2020-02-08 16:00:03,8446,0.21354,0.26425,2.5282,0.054711,88.634,29.343,227.14,127.32
2020-02-08 16:00:04,8447,0.21346,0.26345,1.301,-0.27322,88.639,29.349,206.36,126.32
2020-02-08 16:00:05,8448,0.21348,0.26456,1.7454,0.054711,88.691,29.354,245.19,126
2020-02-08 16:00:06,8449,0.2144,0.26499,2.7473,0.054711,88.626,29.354,230.43,126.68
2020-02-08 16:00:07,8450,0.21349,0.26782,2.7487,-0.27322,88.607,29.346,232.58,126.32
2020-02-08 16:00:08,8451,0.21257,0.26419,2.9665,0.38264,88.616,29.353,235.5,126.68
2020-02-08 16:00:09,8452,0.21235,0.26678,2.0489,0.38264,88.532,29.362,234.14,127
2020-02-08 16:00:10,8453,0.21,0.26456,1.3485,0.38264,88.651,29.345,221.49,126.32
2020-02-08 16:00:11,8454,0.21248,0.26605,2.4005,0.38264,88.559,29.342,247.59,126
2020-02-08 16:00:12,8455,0.21239,0.26397,2.4198,0.38264,88.531,29.349,227.79,126.68
2020-02-08 16:00:13,8456,0.21277,0.26489,2.5021,-0.60114,88.662,29.341,218.76,126.32
2020-02-08 16:00:14,8457,0.21172,0.26644,2.4387,0.054711,88.492,29.345,229.32,126.68
2020-02-08 16:00:15,8458,0.21171,0.26499,2.488,0.054711,88.653,29.345,223.37,126.32
2020-02-08 16:00:16,8459,0.21099,0.26669,3.0165,0.054711,88.641,29.339,242.56,126
2020-02-08 16:00:17,8460,0.20969,0.26404,2.5781,0.054711,88.522,29.336,218.25,127.36
2020-02-08 16:00:18,8461,0.21173,0.26576,2.4493,-0.27322,88.445,29.336,226.76,126.65
2020-02-08 16:00:19,8462,0.21008,0.26333,2.6305,0.054711,88.719,29.345,214.93,126
2020-02-08 16:00:20,8463,0.21202,0.26452,2.1003,0.38264,88.706,29.337,227.85,126.68
2020-02-08 16:00:21,8464,0.21175,0.26102,0.90221,0.054711,88.638,29.337,206.19,127
2020-02-08 16:00:23,8465,0.21226,0.26318,2.8571,0.38264,88.561,29.332,234.44,127.68
2020-02-08 16:00:24,8466,0.21122,0.26522,2.4598,0.054711,88.536,29.332,230.91,126.65
2020-02-08 16:00:25,8467,0.2118,0.26533,2.9585,0.054711,88.434,29.332,252.27,126.68
2020-02-08 16:00:26,8468,0.2113,0.26587,0.9558,0.054711,88.501,29.33,207.81,126.32
2020-02-08 16:00:27,8469,0.20951,0.26294,2.5954,0.054711,88.422,29.331,235.62,127.36
2020-02-08 16:00:28,8470,0.21163,0.26535,2.7726,0.054711,88.831,29.313,234.97,126.65
2020-02-08 16:00:29,8471,0.21032,0.26289,2.6586,0.054711,88.622,29.315,230.09,126.68
2020-02-08 16:00:30,8472,0.21225,0.26315,3.0942,0.054711,88.476,29.329,230.59,126
2020-02-08 16:00:31,8473,0.21286,0.26537,2.6291,0.054711,88.444,29.328,232.85,126
2020-02-08 16:00:32,8474,0.2108,0.26574,2.515,0.054711,88.524,29.328,227.42,126
2020-02-08 16:00:33,8475,0.21179,0.26589,2.7979,0.054711,88.452,29.305,235.35,126.68
2020-02-08 16:00:34,8476,0.21222,0.26481,3.0594,0.054711,88.974,29.315,243.25,126.32
2020-02-08 16:00:35,8477,0.20896,0.26442,1.0391,0.38264,88.577,29.31,206.34,126.68
2020-02-08 16:00:36,8478,0.21233,0.266,2.8201,0.38264,88.588,29.311,205,126.32
2020-02-08 16:00:37,8479,0.21205,0.26276,1.0477,0.054711,89.06,29.316,204.51,126.68
2020-02-08 16:00:38,8480,0.21376,0.2661,2.7152,0.054711,88.765,29.316,238.56,125.65
2020-02-08 16:00:39,8481,0.21192,0.26548,0.98407,0.054711,88.724,29.318,206.93,126.36
2020-02-08 16:00:40,8482,0.21332,0.2669,2.8369,0.054711,89.036,29.33,239.77,127
2020-02-08 16:00:41,8483,0.21252,0.26688,2.6932,0.054711,88.99,29.33,233.43,127
2020-02-08 16:00:42,8484,0.20967,0.26404,2.4894,0.38264,89.124,29.327,224.42,126.32
2020-02-08 16:00:43,8485,0.2129,0.26585,2.5816,0.38264,89.092,29.327,230.24,126
2020-02-08 16:00:44,8486,0.20977,0.26353,2.4783,0.054711,88.953,29.334,229.85,126
2020-02-08 16:00:45,8487,0.21274,0.26474,2.9782,0.71057,88.966,29.325,246.82,126
2020-02-08 16:00:46,8488,0.21154,0.2626,2.6407,0.71057,89.167,29.325,239.24,126
2020-02-08 16:00:47,8489,0.21324,0.26536,2.4955,0.054711,88.96,29.319,222.74,126
2020-02-08 16:00:48,8490,0.21165,0.26446,2.3928,0.38264,88.919,29.334,242.42,126.68
2020-02-08 16:00:49,8491,0.21296,0.26615,1.019,0.054711,89.096,29.326,217.5,127
2020-02-08 16:00:51,8492,0.21206,0.26681,0.96451,-0.27322,88.97,29.322,205.84,126.32
2020-02-08 16:00:52,8493,0.2104,0.26421,2.4615,0.054711,89.059,29.335,205.81,126.68
2020-02-08 16:00:53,8494,0.21317,0.26556,2.2736,0.71057,89.303,29.323,229.84,126.32
2020-02-08 16:00:54,8495,0.20908,0.26366,2.7703,0.71057,89.022,29.323,241.59,126.68
2020-02-08 16:00:55,8496,0.21281,0.26662,2.213,-0.27322,89.294,29.314,229.43,127
2020-02-08 16:00:56,8497,0.21209,0.26306,2.7253,0.054711,89.131,29.324,210.4,126.32
2020-02-08 16:00:57,8498,0.21348,0.26545,1.0843,0.054711,89.284,29.312,209.88,126.68
2020-02-08 16:00:58,8499,0.2131,0.26519,2.6336,0.054711,89.069,29.312,222.88,127.36
2020-02-08 16:00:59,8500,0.21305,0.26879,2.1081,0.38264,89.346,29.314,236.32,126.65
2020-02-08 16:01:00,8501,0.21076,0.26476,2.8637,0.054711,89.093,29.311,233.84,126.68
2020-02-08 16:01:01,8502,0.21357,0.2663,1.9438,0.054711,89.438,29.324,229.89,125.65
2020-02-08 16:01:02,8503,0.21013,0.26467,1.8203,0.054711,89.35,29.322,227.15,126.36
2020-02-08 16:01:03,8504,0.21295,0.26575,2.8413,-0.27322,89.341,29.318,203.07,127
2020-02-08 16:01:04,8505,0.21299,0.2636,1.8323,-0.27322,89.226,29.318,227.63,126.32
2020-02-08 16:01:05,8506,0.21325,0.26583,2.459,0.38264,89.15,29.318,236.24,126.68
2020-02-08 16:01:06,8507,0.21242,0.26655,2.6572,-0.27322,89.021,29.318,225.78,126.32
2020-02-08 16:01:07,8508,0.21264,0.26625,1.4561,0.054711,88.677,29.311,212.37,126.68
2020-02-08 16:01:08,8509,0.21322,0.2661,2.4435,0.71057,88.791,29.319,224.01,127
2020-02-08 16:01:09,8510,0.20947,0.26467,2.782,0.054711,89.291,29.32,247.79,127
2020-02-08 16:01:10,8511,0.21316,0.26512,2.7257,0.054711,88.587,29.311,237.22,126.32
2020-02-08 16:01:11,8512,0.21012,0.26355,2.4204,0.054711,88.527,29.322,206.97,126
2020-02-08 16:01:12,8513,0.21249,0.26656,2.9078,0.054711,89.047,29.322,242.56,126
2020-02-08 16:01:13,8514,0.21211,0.26205,1.844,0.38264,88.724,29.317,227.24,126.68
2020-02-08 16:01:14,8515,0.2123,0.26551,1.0411,0.38264,88.61,29.321,213.04,126.32
2020-02-08 16:01:15,8516,0.212,0.26389,2.5166,0.054711,88.591,29.322,244.72,126
2020-02-08 16:01:16,8517,0.21301,0.26716,2.5549,0.38264,88.786,29.322,240.33,126.68
2020-02-08 16:01:18,8518,0.21178,0.26434,2.5281,0.054711,88.511,29.32,225.34,126.32
2020-02-08 16:01:19,8519,0.2123,0.26716,2.2587,0.054711,88.753,29.322,242.59,126
2020-02-08 16:01:20,8520,0.21307,0.26484,1.9473,0.054711,88.746,29.327,230.58,126
2020-02-08 16:01:21,8521,0.20977,0.2664,1.6286,0.054711,88.67,29.327,218.18,126
2020-02-08 16:01:22,8522,0.21432,0.26479,2.3811,-0.27322,88.589,29.323,227.25,126.68
2020-02-08 16:01:23,8523,0.21071,0.26514,1.5618,0.054711,88.586,29.327,223.19,126.32
2020-02-08 16:01:24,8524,0.21298,0.26738,1.3553,0.054711,88.616,29.325,205.93,126
2020-02-08 16:01:25,8525,0.21353,0.2676,1.826,0.054711,88.543,29.327,226.76,126.32
2020-02-08 16:01:26,8526,0.21332,0.26551,2.9141,0.38264,88.573,29.331,233.16,126.68
2020-02-08 16:01:27,8527,0.21334,0.26721,2.1875,0.38264,88.582,29.331,242.62,126.32
2020-02-08 16:01:28,8528,0.2147,0.26688,2.6184,0.054711,88.575,29.335,241.13,126
2020-02-08 16:01:29,8529,0.21073,0.26597,2.6544,0.38264,88.456,29.325,226.98,126
2020-02-08 16:01:30,8530,0.2137,0.26645,2.1847,-0.27322,88.422,29.332,227.92,126
2020-02-08 16:01:31,8531,0.21204,0.26491,2.4228,0.054711,88.714,29.33,238.19,126.68
2020-02-08 16:01:32,8532,0.21229,0.26598,2.3763,0.054711,88.522,29.337,230.78,127
2020-02-08 16:01:33,8533,0.21336,0.26383,2.7224,0.054711,88.713,29.34,228.46,126.32
2020-02-08 16:01:34,8534,0.21345,0.2666,2.6735,0.054711,88.416,29.34,231.91,126.68
2020-02-08 16:01:35,8535,0.21319,0.26602,2.5722,0.38264,88.66,29.345,234.75,127
2020-02-08 16:01:36,8536,0.21293,0.26724,2.5659,0.38264,88.589,29.345,236.66,127
2020-02-08 16:01:37,8537,0.21384,0.26579,2.5847,0.054711,88.6,29.341,238.63,126.32
2020-02-08 16:01:38,8538,0.21205,0.26729,2.7148,-0.60114,88.321,29.345,229.14,126
2020-02-08 16:01:39,8539,0.21333,0.26505,3.0272,0.054711,88.421,29.354,235.94,126.68
2020-02-08 16:01:40,8540,0.21135,0.26566,2.9848,0.38264,88.349,29.345,237.88,127
2020-02-08 16:01:41,8541,0.21213,0.26645,3.1417,0.38264,88.336,29.349,239.67,126.32
2020-02-08 16:01:42,8542,0.21302,0.26337,1.8526,0.38264,88.546,29.349,233.78,126
2020-02-08 16:01:44,8543,0.2137,0.2663,2.5774,0.054711,88.55,29.358,207.72,126
2020-02-08 16:01:45,8544,0.21379,0.26675,2.3005,0.38264,88.97,29.353,222.35,126.68
2020-02-08 16:01:46,8545,0.21369,0.26567,1.9898,0.054711,88.392,29.356,223.79,127
2020-02-08 16:01:47,8546,0.21497,0.26795,1.983,0.054711,88.979,29.359,229.92,126.32
2020-02-08 16:01:48,8547,0.21157,0.26684,2.178,0.38264,88.866,29.356,219.16,126
2020-02-08 16:01:49,8548,0.21348,0.26654,1.8253,0.38264,88.538,29.365,207.54,126
2020-02-08 16:01:50,8549,0.21259,0.26634,2.571,0.38264,88.867,29.365,227.48,126
2020-02-08 16:01:51,8550,0.2144,0.2665,2.516,0.38264,88.53,29.352,220.88,126.68
2020-02-08 16:01:52,8551,0.21428,0.26545,2.6535,-0.60114,88.217,29.353,217.11,127
2020-02-08 16:01:53,8552,0.21468,0.26652,2.7786,0.38264,89.014,29.354,209.25,126.32
2020-02-08 16:01:54,8553,0.21246,0.2672,2.7808,0.054711,88.46,29.346,206.54,126
2020-02-08 16:01:55,8554,0.21104,0.26267,2.8182,0.054711,88.582,29.347,224.69,126
2020-02-08 16:01:56,8555,0.21063,0.26543,2.6226,0.38264,89.057,29.348,225.82,126
2020-02-08 16:01:57,8556,0.21219,0.26417,2.6007,0.38264,89.099,29.339,226.65,126
2020-02-08 16:01:58,8557,0.2082,0.26281,1.8253,0.38264,88.948,29.339,224,126
2020-02-08 16:01:59,8558,0.2096,0.26283,2.684,0.054711,88.478,29.345,223.9,125.32
2020-02-08 16:02:00,8559,0.21042,0.26361,2.7354,0.38264,88.8,29.344,228.83,125
2020-02-08 16:02:01,8560,0.2107,0.26405,1.9516,0.054711,89.071,29.333,223.16,125
2020-02-08 16:02:02,8561,0.21131,0.26435,2.628,0.054711,89.076,29.338,236.28,125.68
2020-02-08 16:02:03,8562,0.21129,0.26436,2.5578,0.38264,89.056,29.329,230.53,126
2020-02-08 16:02:04,8563,0.21135,0.26425,2.7893,0.054711,88.956,29.343,233.1,125.32
2020-02-08 16:02:05,8564,0.21209,0.26448,2.6068,0.054711,88.942,29.343,233.88,126.36
2020-02-08 16:02:06,8565,0.21074,0.26478,2.3175,-0.27322,88.97,29.339,230.04,125.65
2020-02-08 16:02:07,8566,0.21281,0.26603,1.0418,0.38264,89.081,29.333,212.93,125.68
2020-02-08 16:02:08,8567,0.2109,0.26482,2.1788,0.054711,89.053,29.327,229.04,126.68
2020-02-08 16:02:10,8568,0.21325,0.26609,2.0175,0.054711,89.021,29.341,215.72,126.32
2020-02-08 16:02:11,8569,0.21099,0.26644,2.1293,0.054711,89.136,29.331,228.9,126
2020-02-08 16:02:12,8570,0.21306,0.26549,2.0777,-0.60114,88.933,29.325,229.22,126
2020-02-08 16:02:13,8571,0.21154,0.26682,1.2974,-0.60114,89.229,29.325,208.18,125.32
2020-02-08 16:02:14,8572,0.21255,0.26679,2.8029,-0.27322,88.936,29.327,231.41,126.68
2020-02-08 16:02:15,8573,0.21056,0.26513,2.3802,0.054711,89.063,29.343,234.83,127
2020-02-08 16:02:16,8574,0.21299,0.26599,1.7479,0.054711,89.142,29.331,221.53,126.32
2020-02-08 16:02:17,8575,0.21091,0.2652,2.9799,0.054711,89.43,29.335,223.91,126
2020-02-08 16:02:18,8576,0.21286,0.26638,1.4224,-0.27322,89.088,29.332,206.82,126.68
2020-02-08 16:02:19,8577,0.21193,0.26363,3.0355,0.054711,89.003,29.342,250.76,125.65
2020-02-08 16:02:20,8578,0.21359,0.26698,2.5971,-0.27322,89.099,29.343,230.74,126.36
2020-02-08 16:02:21,8579,0.21289,0.26373,1.8619,-0.27322,89.162,29.343,228.32,126.32
2020-02-08 16:02:22,8580,0.2133,0.26622,2.9689,0.054711,89.098,29.336,243.89,126
2020-02-08 16:02:23,8581,0.21251,0.2665,2.8243,0.054711,89.149,29.34,227.61,126
2020-02-08 16:02:24,8582,0.21338,0.26581,1.8583,0.71057,89.177,29.336,222.95,126.68
2020-02-08 16:02:25,8583,0.21271,0.26836,2.105,0.054711,89.181,29.347,210.89,125.65
2020-02-08 16:02:26,8584,0.21251,0.26611,2.6826,0.054711,89.097,29.346,231.9,125.68
2020-02-08 16:02:27,8585,0.21218,0.26663,2.1739,0.054711,89.342,29.348,233.92,126
2020-02-08 16:02:28,8586,0.20999,0.262,2.8292,0.054711,89.311,29.348,233.31,126
2020-02-08 16:02:29,8587,0.21024,0.26537,3.0037,-0.27322,89.394,29.349,239.25,125.32
2020-02-08 16:02:30,8588,0.21035,0.26382,2.3244,0.38264,89.057,29.352,226.48,125
2020-02-08 16:02:32,8589,0.21128,0.26629,2.2577,0.054711,89.15,29.351,229.5,125.68
2020-02-08 16:02:33,8590,0.21095,0.26434,2.6636,0.054711,89.388,29.365,234.38,126
2020-02-08 16:02:34,8591,0.2126,0.26722,2.3033,-0.27322,88.758,29.358,234.52,126.68
2020-02-08 16:02:35,8592,0.21013,0.2648,2.6205,0.38264,88.769,29.36,229.7,127
2020-02-08 16:02:36,8593,0.21374,0.26682,3.0281,0.054711,88.776,29.364,238.27,127
2020-02-08 16:02:37,8594,0.21068,0.26671,2.5732,0.054711,89.173,29.364,226.4,126
2020-02-08 16:02:38,8595,0.21182,0.26431,2.1916,0.38264,89.048,29.363,252.31,126
2020-02-08 16:02:39,8596,0.21289,0.26642,1.9141,0.054711,88.682,29.357,227.6,126.68
2020-02-08 16:02:40,8597,0.21245,0.26403,2.5263,0.054711,89.254,29.355,235.85,127
2020-02-08 16:02:41,8598,0.21298,0.26612,2.5967,0.054711,88.673,29.364,237.12,125.65
2020-02-08 16:02:42,8599,0.21268,0.26497,2.219,0.054711,88.81,29.363,251.16,125.68
2020-02-08 16:02:43,8600,0.21356,0.26584,1.8814,0.38264,88.679,29.375,221.68,126
2020-02-08 16:02:44,8601,0.2123,0.26757,2.4416,0.38264,88.654,29.377,239.17,126
2020-02-08 16:02:45,8602,0.21279,0.26578,2.0496,0.38264,88.439,29.373,231.52,126
2020-02-08 16:02:46,8603,0.21259,0.26815,2.8971,0.38264,88.614,29.373,233.09,126
2020-02-08 16:02:47,8604,0.21257,0.26583,2.1699,0.054711,88.636,29.374,239.43,126.68
2020-02-08 16:02:48,8605,0.21347,0.26856,2.0704,0.054711,88.622,29.38,208.94,125.65
2020-02-08 16:02:49,8606,0.21088,0.2646,1.7758,0.054711,88.721,29.382,223.36,125.68
2020-02-08 16:02:50,8607,0.2147,0.26809,2.0747,0.38264,88.541,29.37,226.63,126
2020-02-08 16:02:51,8608,0.21008,0.26523,2.8287,-0.60114,88.648,29.379,226.48,126
2020-02-08 16:02:53,8609,0.21412,0.26747,2.5705,0.054711,88.505,29.381,252.25,126
2020-02-08 16:02:54,8610,0.21185,0.26529,2.7609,0.054711,88.477,29.374,234.13,125.32
2020-02-08 16:02:55,8611,0.21412,0.26754,2.5935,0.054711,88.439,29.374,238.88,125.68
2020-02-08 16:02:56,8612,0.21308,0.26481,2.9477,0.054711,88.515,29.373,251.74,126.68
2020-02-08 16:02:57,8613,0.21406,0.26595,2.3758,0.38264,88.598,29.372,223.41,126
2020-02-08 16:02:58,8614,0.21417,0.26679,2.7522,0.054711,88.548,29.374,240,126
2020-02-08 16:02:59,8615,0.21269,0.26749,2.4377,0.38264,88.519,29.369,228.68,126
2020-02-08 16:03:00,8616,0.21349,0.26718,2.4602,0.054711,88.648,29.368,237.08,126.68
2020-02-08 16:03:01,8617,0.2131,0.26752,1.397,0.054711,88.594,29.372,220.5,126.32
2020-02-08 16:03:02,8618,0.21122,0.26569,2.4662,0.054711,88.527,29.367,235.03,126.68
2020-02-08 16:03:03,8619,0.21428,0.26654,1.4414,0.38264,88.362,29.368,222.78,127
2020-02-08 16:03:04,8620,0.20988,0.26575,2.3342,0.054711,88.406,29.363,217.4,126.32
2020-02-08 16:03:05,8621,0.21385,0.26761,2.9075,-0.27322,88.413,29.363,239.73,126.68
2020-02-08 16:03:06,8622,0.21153,0.26549,2.3308,0.054711,88.474,29.36,234.85,126.32
2020-02-08 16:03:07,8623,0.21376,0.26739,1.989,0.054711,88.457,29.36,211.45,126.68
2020-02-08 16:03:08,8624,0.21307,0.26421,2.5581,0.054711,88.592,29.36,228.26,126.32
2020-02-08 16:03:09,8625,0.21431,0.26825,2.0243,0.38264,88.499,29.367,228.91,126.68
2020-02-08 16:03:10,8626,0.21251,0.26618,1.9864,0.054711,88.397,29.356,230.26,127
2020-02-08 16:03:12,8627,0.21368,0.26781,3.057,0.38264,88.919,29.359,241.61,127
2020-02-08 16:03:13,8628,0.21306,0.26714,2.4728,0.054711,88.552,29.356,225.17,126.32
2020-02-08 16:03:14,8629,0.2123,0.26711,2.8935,0.38264,88.273,29.352,225.18,126.68
2020-02-08 16:03:15,8630,0.21431,0.26694,1.5451,-0.27322,88.933,29.351,219.75,127
2020-02-08 16:03:16,8631,0.21011,0.26541,2.6124,-0.27322,88.924,29.351,234.2,125.65
2020-02-08 16:03:17,8632,0.21186,0.2648,2.8622,0.38264,88.423,29.352,228.41,127
2020-02-08 16:03:18,8633,0.21317,0.26675,2.0185,0.38264,88.527,29.344,223.71,126.32
2020-02-08 16:03:19,8634,0.21352,0.26487,2.6581,-0.60114,88.219,29.357,230.82,126
2020-02-08 16:03:20,8635,0.21395,0.26671,2.6451,0.38264,88.883,29.351,227.72,126.68
2020-02-08 16:03:21,8636,0.21317,0.26752,2.6216,0.054711,88.954,29.34,222.8,126.32
2020-02-08 16:03:22,8637,0.21373,0.26761,2.6963,0.38264,89.101,29.352,228.7,126
2020-02-08 16:03:23,8638,0.21467,0.26782,2.9066,0.38264,88.898,29.348,250.87,126.68
2020-02-08 16:03:24,8639,0.21024,0.26582,2.4644,-0.27322,88.552,29.352,231.2,125.65
2020-02-08 16:03:25,8640,0.21483,0.26689,2.663,0.054711,89.061,29.352,225.37,125.68
2020-02-08 16:03:26,8641,0.21075,0.26593,2.6629,0.054711,89.012,29.352,228,126
2020-02-08 16:03:27,8642,0.21344,0.2688,2.6771,0.38264,89.056,29.345,229.21,126.68
2020-02-08 16:03:28,8643,0.21334,0.26424,2.383,-0.60114,89.058,29.354,250.94,127.68
2020-02-08 16:03:29,8644,0.21352,0.26768,2.0489,0.054711,88.88,29.352,229.5,126.65
2020-02-08 16:03:30,8645,0.21391,0.26642,2.1696,0.054711,88.997,29.345,228.69,126
2020-02-08 16:03:32,8646,0.21427,0.26815,2.8575,0.054711,89.004,29.344,242.15,126.68
2020-02-08 16:03:33,8647,0.21442,0.26762,2.6153,0.71057,89.019,29.355,232.14,127
2020-02-08 16:03:34,8648,0.21297,0.26813,2.3458,0.054711,89.151,29.347,252.22,126.32
2020-02-08 16:03:35,8649,0.2153,0.2677,2.3189,0.054711,89.013,29.35,242.26,126.32
2020-02-08 16:03:36,8650,0.2158,0.26799,2.6884,0.054711,88.923,29.35,240.25,126.68
2020-02-08 16:03:37,8651,0.21643,0.26592,2.0167,0.38264,88.998,29.346,204.34,127
2020-02-08 16:03:38,8652,0.21702,0.2687,2.6465,0.054711,89.014,29.36,220.99,126.32
2020-02-08 16:03:39,8653,0.21767,0.26497,1.5438,0.054711,88.948,29.364,216.16,126.68
2020-02-08 16:03:40,8654,0.21776,0.26785,2.931,0.054711,89.092,29.362,239.66,127
2020-02-08 16:03:41,8655,0.21718,0.26644,2.5545,0.054711,89.157,29.36,225.84,125.65
2020-02-08 16:03:42,8656,0.21715,0.26822,2.0429,0.054711,89,29.367,220.65,125.68
2020-02-08 16:03:43,8657,0.21826,0.26902,2.5422,0.054711,89.192,29.367,228.6,126.68
2020-02-08 16:03:44,8658,0.21622,0.26819,2.6083,0.38264,89.067,29.377,223.1,126.32
2020-02-08 16:03:45,8659,0.21923,0.26869,2.5027,0.054711,88.917,29.368,219.53,126.68
2020-02-08 16:03:46,8660,0.21504,0.26701,2.229,-0.27322,89.076,29.367,245.42,126.32
2020-02-08 16:03:47,8661,0.21665,0.2678,2.9059,0.054711,89.131,29.386,236.07,126
2020-02-08 16:03:48,8662,0.21671,0.26613,1.2152,0.054711,89.286,29.374,220.06,126
2020-02-08 16:03:49,8663,0.21755,0.26904,2.7097,0.38264,89.15,29.367,235.77,126
2020-02-08 16:03:51,8664,0.21896,0.26712,2.4266,-0.27322,89.067,29.37,245.88,126
2020-02-08 16:03:52,8665,0.21855,0.26922,2.6258,0.054711,89.191,29.364,227.22,126.68
2020-02-08 16:03:53,8666,0.21875,0.26947,1.94,0.054711,89.141,29.364,217.1,126.32
2020-02-08 16:03:54,8667,0.21477,0.26813,2.0253,0.38264,89.195,29.371,220.53,125.32
2020-02-08 16:03:55,8668,0.21414,0.26905,2.4466,-0.27322,89.286,29.373,233.56,126
2020-02-08 16:03:56,8669,0.21714,0.26753,2.8382,-0.27322,88.967,29.371,236.93,126
2020-02-08 16:03:57,8670,0.21519,0.26642,2.7119,0.054711,89.012,29.371,224.61,126
2020-02-08 16:03:58,8671,0.21603,0.26947,2.028,0.054711,89.196,29.36,203.71,126
2020-02-08 16:03:59,8672,0.21643,0.26518,1.1323,0.054711,88.725,29.368,214.22,126
2020-02-08 16:04:00,8673,0.21672,0.26798,2.7921,0.054711,89.162,29.368,228.2,126.68
2020-02-08 16:04:01,8674,0.21812,0.26829,2.6246,0.054711,88.97,29.37,228.58,126.32
2020-02-08 16:04:02,8675,0.21793,0.26614,2.1869,0.38264,89.205,29.358,212.94,126
2020-02-08 16:04:03,8676,0.21797,0.26971,2.5043,-0.27322,88.508,29.362,224.56,126.68
2020-02-08 16:04:04,8677,0.21762,0.26793,2.1137,0.054711,89.054,29.358,234.35,126.32
2020-02-08 16:04:05,8678,0.21832,0.26868,2.5714,0.71057,88.665,29.35,234.18,126
2020-02-08 16:04:06,8679,0.21623,0.26904,2.3283,0.054711,89.148,29.351,218.45,126
2020-02-08 16:04:07,8680,0.21891,0.26877,1.951,0.054711,88.635,29.353,222.86,126
2020-02-08 16:04:09,8681,0.21623,0.26721,2.1383,0.054711,89.345,29.353,229.94,126
2020-02-08 16:04:10,8682,0.21643,0.2681,2.0689,-0.27322,88.56,29.341,229.04,126
2020-02-08 16:04:11,8683,0.21765,0.26754,2.754,0.054711,88.517,29.335,224.94,126
2020-02-08 16:04:12,8684,0.21694,0.26699,2.3787,0.38264,88.694,29.34,244.91,126
2020-02-08 16:04:13,8685,0.2186,0.26812,2.5016,0.054711,88.609,29.341,224.5,126
2020-02-08 16:04:14,8686,0.21937,0.26959,2.5558,-0.27322,88.459,29.34,235.31,126.32
2020-02-08 16:04:15,8687,0.2169,0.26939,2.404,0.054711,88.588,29.346,248.21,126
2020-02-08 16:04:16,8688,0.21937,0.26984,2.5138,0.054711,88.464,29.341,222.07,126.68
2020-02-08 16:04:17,8689,0.21687,0.26922,2.0104,0.054711,88.553,29.338,228.3,126.32
2020-02-08 16:04:18,8690,0.21638,0.26846,1.1263,0.054711,88.897,29.338,214.39,126.68
2020-02-08 16:04:19,8691,0.21691,0.26772,1.9308,0.38264,88.605,29.343,205.87,126.32
2020-02-08 16:04:20,8692,0.21548,0.26694,2.2241,0.054711,88.471,29.352,247.16,126.68
2020-02-08 16:04:21,8693,0.21782,0.26779,1.9933,-0.60114,88.497,29.339,228.45,126.32
2020-02-08 16:04:22,8694,0.21694,0.26717,1.3194,0.054711,88.612,29.338,218.12,126.68
2020-02-08 16:04:23,8695,0.21754,0.26886,2.6624,0.054711,88.657,29.339,236.19,126.32
2020-02-08 16:04:24,8696,0.21623,0.26731,1.7631,0.38264,88.573,29.338,220.87,126
2020-02-08 16:04:25,8697,0.21813,0.2689,2.161,0.38264,88.601,29.334,244.39,126.68
2020-02-08 16:04:26,8698,0.21625,0.26904,1.8863,0.38264,88.705,29.334,229.22,126.32
2020-02-08 16:04:27,8699,0.21763,0.26888,1.7801,0.38264,88.563,29.342,223.53,126
2020-02-08 16:04:28,8700,0.21652,0.26813,1.8716,0.38264,88.679,29.34,229.29,126.68
2020-02-08 16:04:30,8701,0.2151,0.26722,1.8942,0.054711,88.477,29.348,231.15,127
2020-02-08 16:04:31,8702,0.21707,0.26769,1.9844,0.38264,88.583,29.34,243.51,127
2020-02-08 16:04:32,8703,0.21453,0.26732,2.6652,0.054711,88.419,29.332,240.96,126.32
2020-02-08 16:04:33,8704,0.21722,0.26792,1.8162,0.054711,88.452,29.348,229.61,126.68
2020-02-08 16:04:34,8705,0.21616,0.26562,1.726,0.054711,88.463,29.336,224.09,127
2020-02-08 16:04:35,8706,0.21779,0.26778,3.0415,0.054711,88.897,29.336,244.12,127
2020-02-08 16:04:36,8707,0.21812,0.26844,1.4433,0.054711,88.526,29.332,212.82,126.32
2020-02-08 16:04:37,8708,0.2166,0.26942,1.696,0.38264,88.84,29.335,220.36,126
2020-02-08 16:04:38,8709,0.21711,0.26895,2.7162,0.054711,88.281,29.343,230.86,126
2020-02-08 16:04:39,8710,0.2171,0.26895,2.6165,0.38264,88.414,29.336,237.74,126
2020-02-08 16:04:40,8711,0.21421,0.26708,2.4028,0.71057,88.577,29.335,232.28,126.68
2020-02-08 16:04:41,8712,0.21815,0.26942,2.7455,0.38264,89.043,29.321,227.35,126.32
2020-02-08 16:04:42,8713,0.21555,0.26612,2.257,0.38264,88.26,29.327,227.56,126.68
2020-02-08 16:04:43,8714,0.21813,0.26874,2.3306,0.054711,88.786,29.331,229.13,126.32
2020-02-08 16:04:44,8715,0.21747,0.26647,2.6569,0.054711,88.96,29.331,230.57,126
2020-02-08 16:04:45,8716,0.21829,0.26807,2.545,0.38264,89.037,29.325,248.58,126
2020-02-08 16:04:46,8717,0.21669,0.26925,2.0715,0.054711,88.898,29.334,223.56,126
2020-02-08 16:04:47,8718,0.21727,0.26837,2.6682,0.054711,88.97,29.33,236.66,125.32
2020-02-08 16:04:48,8719,0.21794,0.27051,2.2503,0.054711,88.8,29.326,240.41,126.36
2020-02-08 16:04:49,8720,0.21693,0.26712,2.4939,0.054711,88.887,29.33,251.26,126.32
2020-02-08 16:04:50,8721,0.22006,0.26868,1.0048,0.38264,88.813,29.327,211.08,126.68
2020-02-08 16:04:51,8722,0.21759,0.26764,2.5265,-0.27322,88.8,29.328,231.08,126.32
2020-02-08 16:04:53,8723,0.22146,0.26982,2.3738,0.054711,88.95,29.337,238.54,126.68
2020-02-08 16:04:54,8724,0.22151,0.26686,2.8155,0.054711,88.901,29.337,243.69,126.32
2020-02-08 16:04:55,8725,0.22308,0.26909,2.6326,0.054711,88.918,29.325,226.46,126.68
2020-02-08 16:04:56,8726,0.22134,0.26858,2.38,-0.27322,88.945,29.333,241.61,126.32
2020-02-08 16:04:57,8727,0.22181,0.26804,2.5057,0.054711,88.999,29.322,242.48,126
2020-02-08 16:04:58,8728,0.22072,0.26825,2.7742,-0.27322,88.916,29.311,221.94,126
2020-02-08 16:04:59,8729,0.2222,0.26872,2.8353,0.054711,88.894,29.325,228.22,126.68
2020-02-08 16:05:00,8730,0.21811,0.26677,2.3517,-0.27322,88.909,29.324,229.93,127
2020-02-08 16:05:01,8731,0.22228,0.26927,2.3863,0.38264,89.035,29.329,229.22,127
2020-02-08 16:05:02,8732,0.2195,0.26661,2.4949,0.054711,89.058,29.326,236.01,126.32
2020-02-08 16:05:03,8733,0.22246,0.26859,0.91193,0.054711,88.967,29.326,209.73,126
2020-02-08 16:05:04,8734,0.22115,0.26609,2.5166,-0.27322,89.144,29.319,207.9,126
2020-02-08 16:05:05,8735,0.21866,0.26736,2.8849,0.054711,89.304,29.317,248.48,126
2020-02-08 16:05:06,8736,0.21724,0.26845,2.5482,-0.27322,89.113,29.317,237.79,126
2020-02-08 16:05:07,8737,0.21972,0.26789,3.1171,0.054711,88.884,29.326,238.91,126
2020-02-08 16:05:08,8738,0.21994,0.26954,2.8552,0.054711,89.127,29.329,249.77,126
2020-02-08 16:05:09,8739,0.21666,0.26711,1.932,-0.27322,89.149,29.327,223.83,126
2020-02-08 16:05:10,8740,0.22058,0.26767,2.9169,0.38264,89.172,29.333,242.58,126
2020-02-08 16:05:11,8741,0.21679,0.26619,2.7205,-0.27322,88.863,29.332,221.31,127.36
2020-02-08 16:05:13,8742,0.21972,0.26796,2.5955,-0.27322,89.194,29.332,237.14,127.32
2020-02-08 16:05:14,8743,0.21862,0.2645,2.4795,0.054711,89.139,29.337,236.4,126.32
2020-02-08 16:05:15,8744,0.22006,0.26758,2.3706,0.38264,89.124,29.34,230.72,126.68
2020-02-08 16:05:16,8745,0.21859,0.26787,2.7291,0.054711,89.097,29.339,237.55,126.32
2020-02-08 16:05:17,8746,0.21976,0.26753,2.5678,0.054711,89.06,29.346,225.64,126
2020-02-08 16:05:18,8747,0.21798,0.26787,2.547,0.054711,89.149,29.352,230.69,126
2020-02-08 16:05:19,8748,0.22041,0.26838,2.613,0.38264,88.699,29.355,226.46,126
2020-02-08 16:05:20,8749,0.216,0.26576,2.4936,0.054711,89.005,29.359,218.07,126.68
2020-02-08 16:05:21,8750,0.22033,0.26771,2.593,-0.27322,89.269,29.361,228.5,126.32
2020-02-08 16:05:22,8751,0.21687,0.26628,2.649,-0.27322,88.965,29.361,228.33,126
2020-02-08 16:05:23,8752,0.21966,0.26755,2.1343,0.054711,88.591,29.356,224.01,126
2020-02-08 16:05:24,8753,0.21883,0.26466,2.6684,0.38264,89.294,29.354,228.91,127.36
2020-02-08 16:05:25,8754,0.21996,0.26797,3.1053,0.38264,88.532,29.353,247.36,126.65
2020-02-08 16:05:26,8755,0.2192,0.26624,2.6303,-0.27322,88.558,29.357,228.45,126
2020-02-08 16:05:27,8756,0.21869,0.26792,0.95486,0.38264,89.27,29.356,205.84,126
2020-02-08 16:05:28,8757,0.21776,0.26973,2.8189,0.38264,89.323,29.358,206.24,126
2020-02-08 16:05:29,8758,0.21641,0.26773,2.8277,0.38264,89.298,29.358,207.91,126
2020-02-08 16:05:30,8759,0.2196,0.26882,3.0433,0.38264,88.91,29.349,251.26,126.68
2020-02-08 16:05:31,8760,0.21497,0.26642,2.6059,0.054711,88.514,29.352,223.45,126.32
2020-02-08 16:05:32,8761,0.21845,0.26918,2.9503,0.054711,88.549,29.346,247.94,126
2020-02-08 16:05:33,8762,0.21874,0.26533,2.4686,0.71057,88.475,29.348,224.84,126.68
2020-02-08 16:05:35,8763,0.21905,0.26858,1.7983,0.054711,88.495,29.348,217.39,126.32
2020-02-08 16:05:36,8764,0.21842,0.2679,0.95542,0.38264,88.573,29.347,212.38,126.68
2020-02-08 16:05:37,8765,0.21923,0.26975,2.5841,0.054711,88.667,29.343,217.61,126.32
2020-02-08 16:05:38,8766,0.21557,0.26804,2.6189,0.054711,88.649,29.343,231.75,125.65
2020-02-08 16:05:39,8767,0.21868,0.26698,1.0733,0.38264,88.511,29.354,211.38,126.36
2020-02-08 16:05:40,8768,0.21787,0.26677,1.5145,-0.27322,88.613,29.348,219.94,127.68
2020-02-08 16:05:41,8769,0.21908,0.26821,2.6233,-0.27322,88.483,29.353,238.05,126.65
2020-02-08 16:05:42,8770,0.21836,0.26694,2.6206,-0.60114,88.545,29.35,224.89,126.68
2020-02-08 16:05:43,8771,0.21949,0.26988,2.232,0.054711,88.454,29.339,244.74,126.32
2020-02-08 16:05:44,8772,0.21931,0.26813,2.5397,0.054711,88.602,29.348,221.08,126
2020-02-08 16:05:45,8773,0.21563,0.2681,1.9283,-0.27322,88.596,29.345,233.73,126.68
2020-02-08 16:05:46,8774,0.21898,0.26733,2.0152,0.054711,88.43,29.339,247.6,125.65
2020-02-08 16:05:47,8775,0.21668,0.2658,1.9213,0.054711,88.586,29.344,236.38,126.36
2020-02-08 16:05:48,8776,0.21797,0.26886,2.1175,0.054711,88.662,29.344,232.15,126.32
2020-02-08 16:05:49,8777,0.21757,0.26374,1.9496,0.054711,88.5,29.343,239.35,126
2020-02-08 16:05:50,8778,0.21753,0.26705,1.9849,0.054711,88.578,29.348,236.03,126.68
2020-02-08 16:05:51,8779,0.21747,0.26679,1.9965,0.38264,88.485,29.358,232.36,125.65
2020-02-08 16:05:52,8780,0.21772,0.26634,2.0615,-0.27322,88.576,29.354,241.97,125.68
2020-02-08 16:05:53,8781,0.21878,0.26804,2.9933,0.054711,88.311,29.357,246.52,126
2020-02-08 16:05:55,8782,0.21671,0.26739,2.7567,0.38264,88.529,29.352,226.06,126
2020-02-08 16:05:56,8783,0.2191,0.26763,2.1993,0.38264,88.59,29.361,241.31,126
2020-02-08 16:05:57,8784,0.21515,0.26724,2.4764,0.38264,88.518,29.361,245.97,126
2020-02-08 16:05:58,8785,0.21765,0.26696,2.4381,0.38264,88.545,29.354,249.95,126
2020-02-08 16:05:59,8786,0.21556,0.26558,2.5485,-0.27322,88.551,29.35,235.85,126
2020-02-08 16:06:00,8787,0.21533,0.26768,2.3214,0.38264,88.546,29.359,234.38,126
2020-02-08 16:06:01,8788,0.21412,0.26684,2.291,-0.27322,88.171,29.343,231.93,126.68
2020-02-08 16:06:02,8789,0.21483,0.2673,2.5924,0.054711,88.289,29.355,234.32,127
2020-02-08 16:06:03,8790,0.21436,0.26714,2.4882,0.38264,88.424,29.345,236.05,126.32
2020-02-08 16:06:04,8791,0.21549,0.26738,2.5974,0.38264,88.283,29.345,216,126
2020-02-08 16:06:05,8792,0.21394,0.26889,2.0547,0.054711,88.241,29.351,232.31,126.68
2020-02-08 16:06:06,8793,0.21511,0.26664,2.5749,0.38264,88.283,29.356,223.82,126.32
2020-02-08 16:06:07,8794,0.21268,0.26615,2.3726,-0.27322,88.634,29.351,225.12,126
2020-02-08 16:06:08,8795,0.21312,0.26691,2.6379,0.38264,88.55,29.351,226.97,126
2020-02-08 16:06:09,8796,0.21446,0.2662,2.26,0.054711,88.308,29.349,225.6,126.68
2020-02-08 16:06:10,8797,0.21446,0.26627,2.6469,0.054711,88.857,29.338,228.01,126.32
2020-02-08 16:06:12,8798,0.21513,0.2674,2.867,-0.60114,88.717,29.337,236.74,126
2020-02-08 16:06:13,8799,0.21539,0.26782,1.0063,0.054711,88.293,29.335,211.51,125.32
2020-02-08 16:06:14,8800,0.21551,0.26722,2.4771,0.054711,88.931,29.348,222.43,125.68
2020-02-08 16:06:15,8801,0.21397,0.27031,2.3689,0.054711,88.853,29.341,223.28,126.68
2020-02-08 16:06:16,8802,0.2133,0.26601,3.0908,0.054711,88.931,29.341,228.52,126
2020-02-08 16:06:17,8803,0.21365,0.26726,2.7268,0.054711,88.96,29.343,205.73,126
2020-02-08 16:06:18,8804,0.21464,0.26696,2.5543,0.054711,88.341,29.343,231.11,126.68
2020-02-08 16:06:19,8805,0.21568,0.2658,2.488,0.71057,88.932,29.335,225.98,126.32
2020-02-08 16:06:20,8806,0.21592,0.26854,2.5434,0.054711,88.846,29.333,219.97,126.68
2020-02-08 16:06:21,8807,0.21463,0.26822,2.4417,0.38264,88.596,29.345,215.85,126.32
2020-02-08 16:06:22,8808,0.21607,0.26899,2.1257,0.054711,88.988,29.335,226.71,126.68
2020-02-08 16:06:23,8809,0.21358,0.2673,1.2196,0.38264,88.89,29.332,204.27,127
2020-02-08 16:06:24,8810,0.21311,0.26726,2.3826,0.38264,88.776,29.332,222.89,126.32
2020-02-08 16:06:25,8811,0.21458,0.26629,1.9964,0.38264,88.811,29.336,222.26,126
2020-02-08 16:06:26,8812,0.21425,0.26509,2.6799,0.054711,88.898,29.333,242.39,125.32
2020-02-08 16:06:27,8813,0.2159,0.26836,1.7447,0.054711,88.914,29.337,231.39,125.68
2020-02-08 16:06:28,8814,0.21449,0.26604,2.0664,0.054711,89.055,29.325,238.77,126
2020-02-08 16:06:29,8815,0.21577,0.26793,2.9797,0.054711,88.773,29.337,232.57,126.68
2020-02-08 16:06:30,8816,0.21387,0.26821,2.0598,0.054711,88.846,29.327,231.08,126.32
2020-02-08 16:06:31,8817,0.21452,0.26721,3.1633,0.38264,89.124,29.34,244.79,126.68
2020-02-08 16:06:32,8818,0.21464,0.26777,1.1158,0.38264,88.915,29.34,206.13,126.32
2020-02-08 16:06:33,8819,0.2122,0.26607,2.5845,0.054711,88.848,29.333,225.8,125.32
2020-02-08 16:06:34,8820,0.21482,0.2665,2.6528,0.38264,88.935,29.337,222.51,125.68
2020-02-08 16:06:36,8821,0.21472,0.26563,2.2116,0.054711,89.03,29.337,230.46,126.68
2020-02-08 16:06:37,8822,0.21521,0.26699,2.2667,0.38264,88.897,29.338,205.47,126.32
2020-02-08 16:06:38,8823,0.21432,0.2672,2.2632,0.054711,88.981,29.343,228.58,126
2020-02-08 16:06:39,8824,0.21502,0.26753,2.5314,0.054711,89.173,29.337,232.07,126.68
2020-02-08 16:06:40,8825,0.21397,0.26816,1.2985,0.054711,89.279,29.344,219.2,126.32
2020-02-08 16:06:41,8826,0.21364,0.26794,2.0635,0.054711,88.939,29.344,227.4,126.32
2020-02-08 16:06:42,8827,0.21188,0.26551,2.4112,0.054711,89.2,29.343,224.12,125.32
2020-02-08 16:06:43,8828,0.21411,0.26773,2.7446,0.054711,88.864,29.349,220.26,125.68
2020-02-08 16:06:44,8829,0.2134,0.26659,2.5025,0.38264,89.158,29.343,229.43,125.32
2020-02-08 16:06:45,8830,0.21427,0.26751,2.8169,0.054711,89.034,29.342,202.38,125
2020-02-08 16:06:46,8831,0.21401,0.26447,2.7497,0.054711,88.902,29.343,204.01,125.68
2020-02-08 16:06:47,8832,0.21505,0.26771,1.8406,-0.27322,88.804,29.348,225.52,126
2020-02-08 16:06:48,8833,0.21363,0.26666,2.5889,-0.27322,89.173,29.348,231.26,125.32
2020-02-08 16:06:49,8834,0.21499,0.26763,2.9945,0.38264,89.324,29.341,234.95,125.68
2020-02-08 16:06:50,8835,0.21298,0.26812,2.8498,0.054711,88.918,29.345,208.11,125.32
2020-02-08 16:06:51,8836,0.21429,0.26754,2.8848,-0.27322,89.015,29.346,206.58,125.68
2020-02-08 16:06:52,8837,0.2134,0.26669,2.595,0.38264,88.957,29.346,223.47,125.32
2020-02-08 16:06:53,8838,0.21251,0.26723,2.6587,0.38264,89.084,29.338,229.13,125.68
2020-02-08 16:06:54,8839,0.21483,0.26733,1.2212,0.054711,89.17,29.345,216.5,125.32
2020-02-08 16:06:56,8840,0.21199,0.26679,2.6627,0.054711,89.173,29.338,224.21,125
2020-02-08 16:06:57,8841,0.21479,0.26753,1.7091,0.054711,89.141,29.338,225.46,125
2020-02-08 16:06:58,8842,0.21251,0.26621,2.8752,0.054711,88.535,29.331,242.28,125.68
2020-02-08 16:06:59,8843,0.21493,0.26809,2.6597,0.71057,88.427,29.347,227.68,126
2020-02-08 16:07:00,8844,0.21364,0.26511,2.6968,0.38264,88.518,29.346,205,125.32
2020-02-08 16:07:01,8845,0.21356,0.26717,1.8854,-0.27322,89.068,29.345,229.18,125.65
2020-02-08 16:07:02,8846,0.21483,0.26701,2.631,-0.27322,88.563,29.335,228.58,125.68
2020-02-08 16:07:03,8847,0.21413,0.26811,1.4115,0.054711,88.731,29.344,222.29,125.32
2020-02-08 16:07:04,8848,0.21359,0.26737,2.2184,0.38264,88.716,29.343,228.06,125.68
2020-02-08 16:07:05,8849,0.21506,0.2675,2.3104,0.38264,88.476,29.34,236.15,126
2020-02-08 16:07:06,8850,0.21077,0.26628,2.1274,0.38264,88.512,29.341,227.08,125.32
2020-02-08 16:07:07,8851,0.21549,0.26917,2.0501,0.054711,88.445,29.341,234.23,125.68
2020-02-08 16:07:08,8852,0.21543,0.26581,2.7043,0.054711,88.553,29.339,225.94,126
2020-02-08 16:07:09,8853,0.21721,0.26803,2.7597,0.054711,88.569,29.339,239.45,126
2020-02-08 16:07:10,8854,0.21727,0.26537,2.4676,-0.27322,88.367,29.333,231.64,126
2020-02-08 16:07:11,8855,0.21806,0.26737,1.5256,0.054711,88.551,29.346,223.49,126
2020-02-08 16:07:12,8856,0.21674,0.26802,2.9762,0.38264,88.576,29.338,245.53,126
2020-02-08 16:07:13,8857,0.21849,0.26882,2.853,0.054711,88.419,29.349,244.27,126
2020-02-08 16:07:15,8858,0.21772,0.26915,2.6836,-0.27322,88.321,29.344,227.86,126.68
2020-02-08 16:07:16,8859,0.21678,0.26787,2.6713,0.38264,88.432,29.352,228.88,126.32
2020-02-08 16:07:17,8860,0.21857,0.2675,2.1338,0.054711,88.505,29.347,230.63,126
2020-02-08 16:07:18,8861,0.21567,0.2673,2.7094,0.054711,88.549,29.347,230.99,126
2020-02-08 16:07:19,8862,0.2174,0.26552,2.1688,0.054711,88.54,29.345,220.7,126.68
2020-02-08 16:07:20,8863,0.21943,0.26943,2.4718,-0.27322,88.438,29.352,222.13,127
2020-02-08 16:07:21,8864,0.21747,0.26697,1.8971,0.054711,88.535,29.342,219.56,126.32
2020-02-08 16:07:22,8865,0.2189,0.26869,2.5083,-0.27322,88.485,29.345,228.21,126
2020-02-08 16:07:23,8866,0.21828,0.26972,2.4413,0.38264,88.354,29.347,233.47,126.68
2020-02-08 16:07:24,8867,0.21679,0.26793,2.231,0.054711,88.308,29.342,228.5,125.65
2020-02-08 16:07:25,8868,0.21965,0.26976,2.7645,0.054711,88.356,29.34,235.94,125.68
2020-02-08 16:07:26,8869,0.21622,0.26819,2.0138,0.054711,88.579,29.344,232.38,126
2020-02-08 16:07:27,8870,0.21909,0.27093,2.6243,0.054711,88.418,29.344,229.16,126
2020-02-08 16:07:28,8871,0.21457,0.26514,2.34,0.054711,88.597,29.34,217.65,126
2020-02-08 16:07:29,8872,0.21547,0.26804,2.2968,0.054711,88.666,29.349,233.36,125.32
2020-02-08 16:07:30,8873,0.21453,0.2684,1.8897,0.38264,88.236,29.342,216.19,125.68
2020-02-08 16:07:31,8874,0.21548,0.26861,1.6983,0.054711,88.278,29.345,211.73,126
2020-02-08 16:07:33,8875,0.21492,0.26956,2.8935,-0.27322,88.441,29.343,232.5,126
2020-02-08 16:07:34,8876,0.21371,0.26791,2.1259,0.054711,88.803,29.335,216.26,126
2020-02-08 16:07:35,8877,0.2156,0.26814,1.9293,0.054711,88.306,29.335,230.4,126.68
2020-02-08 16:07:36,8878,0.21244,0.26737,2.6707,0.38264,88.428,29.346,231.56,126.32
2020-02-08 16:07:37,8879,0.21532,0.26814,2.2639,0.054711,88.331,29.345,225.03,126
2020-02-08 16:07:38,8880,0.21517,0.26589,2.2604,0.054711,88.564,29.334,236.81,126
2020-02-08 16:07:39,8881,0.21421,0.26888,2.3186,0.054711,88.642,29.342,225.67,126
2020-02-08 16:07:40,8882,0.21514,0.27033,2.6194,0.054711,88.922,29.336,229.57,126
2020-02-08 16:07:41,8883,0.21591,0.26877,2.3354,0.38264,88.904,29.341,229.16,126
2020-02-08 16:07:42,8884,0.21144,0.26818,2.4169,-0.27322,88.436,29.335,224.3,126.68
2020-02-08 16:07:43,8885,0.21623,0.26801,2.711,0.71057,88.79,29.329,228.24,125.65
2020-02-08 16:07:44,8886,0.21286,0.26691,2.8249,-0.27322,88.801,29.338,238.19,126.36
2020-02-08 16:07:45,8887,0.21526,0.26914,2.6787,-0.27322,88.987,29.338,228.85,127
2020-02-08 16:07:46,8888,0.21515,0.26552,2.6492,0.054711,88.965,29.342,233.61,126.32
2020-02-08 16:07:47,8889,0.21596,0.26868,1.6243,0.38264,88.859,29.341,224.45,126
2020-02-08 16:07:48,8890,0.2151,0.26897,2.6428,0.054711,88.844,29.328,229.59,126
2020-02-08 16:07:49,8891,0.21511,0.26842,2.1346,0.054711,88.853,29.331,238.56,126
2020-02-08 16:07:50,8892,0.2165,0.26905,2.4627,0.38264,88.719,29.326,223.18,126
2020-02-08 16:07:51,8893,0.21184,0.26757,2.9561,0.38264,88.683,29.332,223.59,126.68
2020-02-08 16:07:53,8894,0.21626,0.269,2.6042,0.38264,88.772,29.327,230.02,127
2020-02-08 16:07:54,8895,0.21437,0.26624,2.1836,0.38264,89.014,29.327,232.54,127
2020-02-08 16:07:55,8896,0.21514,0.27061,2.6672,-0.27322,88.811,29.336,235.46,126.32
2020-02-08 16:07:56,8897,0.21578,0.26631,2.6833,0.054711,88.94,29.332,228.03,126
2020-02-08 16:07:57,8898,0.21639,0.26909,2.8353,0.71057,88.879,29.342,229.99,126.68
2020-02-08 16:07:58,8899,0.21809,0.26987,2.5803,0.054711,88.865,29.344,229.03,126.32
2020-02-08 16:07:59,8900,0.21966,0.26851,2.2768,0.054711,88.789,29.342,231.78,126.68
2020-02-08 16:08:00,8901,0.21282,0.26705,2.6971,0.054711,88.861,29.343,241.08,126.32
2020-02-08 16:08:01,8902,0.21842,0.26842,2.7006,0.054711,88.807,29.348,224.15,126
2020-02-08 16:08:02,8903,0.21866,0.26466,2.7921,0.054711,89.043,29.348,247.98,126.68
2020-02-08 16:08:03,8904,0.21573,0.26805,2.5222,0.054711,89.011,29.352,227.35,127
2020-02-08 16:08:04,8905,0.21635,0.26704,2.7121,0.054711,88.859,29.343,241.99,126.32
2020-02-08 16:08:05,8906,0.21521,0.26823,2.7717,-0.27322,88.916,29.34,207,126.68
2020-02-08 16:08:06,8907,0.21706,0.26885,2.6645,0.054711,88.874,29.347,223.18,126.32
2020-02-08 16:08:07,8908,0.21524,0.26984,2.3914,0.054711,88.937,29.332,227.11,126.68
2020-02-08 16:08:08,8909,0.21625,0.26685,2.4447,-0.27322,89.043,29.346,231.25,125.65
2020-02-08 16:08:09,8910,0.2149,0.26718,2.3312,-0.27322,88.879,29.346,231.77,126.36
2020-02-08 16:08:11,8911,0.21516,0.26741,2.3204,-0.27322,88.889,29.349,227.31,126.32
2020-02-08 16:08:12,8912,0.21665,0.26582,1.0674,0.38264,88.932,29.346,215.29,126.68
2020-02-08 16:08:13,8913,0.21671,0.26831,2.9478,0.054711,89.239,29.336,246.92,127
2020-02-08 16:08:14,8914,0.21674,0.2684,2.8636,0.054711,88.916,29.342,218.72,126.32
2020-02-08 16:08:15,8915,0.21656,0.27028,2.6939,0.38264,89.084,29.334,229.5,126
2020-02-08 16:08:16,8916,0.21433,0.26752,1.7966,0.71057,88.87,29.331,225.44,127
2020-02-08 16:08:17,8917,0.21529,0.26829,1.298,0.71057,88.952,29.331,226.15,126.32
2020-02-08 16:08:18,8918,0.21636,0.26568,2.8178,0.054711,89.258,29.347,235.44,126
2020-02-08 16:08:19,8919,0.21696,0.26813,3.097,0.054711,89.152,29.332,249.12,127.36
2020-02-08 16:08:20,8920,0.21696,0.26863,2.2863,0.054711,89.089,29.342,244.13,127.32
2020-02-08 16:08:21,8921,0.21697,0.26998,1.9496,0.054711,89.043,29.344,229.18,126.32
2020-02-08 16:08:22,8922,0.21739,0.26984,2.0233,0.38264,89.039,29.343,224.21,126
2020-02-08 16:08:23,8923,0.21418,0.26786,2.8577,0.054711,89.207,29.34,229.28,126.68
2020-02-08 16:08:24,8924,0.21558,0.26859,1.8704,0.054711,89.184,29.337,227.29,126.32
2020-02-08 16:08:25,8925,0.21607,0.26733,1.8051,0.054711,88.627,29.337,221.69,126.68
2020-02-08 16:08:26,8926,0.21654,0.26671,2.8845,0.054711,88.865,29.344,226.12,127
2020-02-08 16:08:27,8927,0.21699,0.26854,1.8392,-0.27322,89.292,29.343,229.39,126.32
2020-02-08 16:08:28,8928,0.21735,0.26974,2.8876,0.054711,88.459,29.352,242.02,126.68
2020-02-08 16:08:29,8929,0.21725,0.2679,2.5131,0.38264,88.441,29.363,233.91,126.32
2020-02-08 16:08:30,8930,0.21485,0.26883,2.7089,-0.27322,89.059,29.353,229.28,126.68
2020-02-08 16:08:31,8931,0.21561,0.26754,2.8018,0.054711,88.388,29.349,227.81,127
2020-02-08 16:08:32,8932,0.21578,0.26832,2.4888,0.054711,88.458,29.355,225.72,126.32
2020-02-08 16:08:33,8933,0.21606,0.26695,2.5203,0.054711,88.673,29.355,235.36,126.68
2020-02-08 16:08:35,8934,0.21714,0.26758,2.4786,0.054711,89.346,29.361,232.19,126.32
2020-02-08 16:08:36,8935,0.21736,0.26878,3.1676,0.38264,89.2,29.348,250.61,126
2020-02-08 16:08:37,8936,0.21756,0.26876,2.5845,0.054711,88.477,29.355,228.78,127.36
2020-02-08 16:08:38,8937,0.21584,0.27043,2.7839,0.054711,88.872,29.344,233.5,126.65
2020-02-08 16:08:39,8938,0.21602,0.26834,3.0186,0.054711,88.467,29.349,251.82,126.68
2020-02-08 16:08:40,8939,0.2149,0.26685,2.61,-0.27322,88.484,29.345,228.08,127
2020-02-08 16:08:41,8940,0.21716,0.26778,2.5315,0.054711,88.431,29.349,246.39,127
2020-02-08 16:08:42,8941,0.21732,0.26775,2.6448,0.38264,88.466,29.35,231.67,127
2020-02-08 16:08:43,8942,0.21722,0.26866,2.8354,0.38264,88.546,29.35,238.3,126.32
2020-02-08 16:08:44,8943,0.21596,0.26966,2.7208,0.054711,88.378,29.346,233.25,126.68
2020-02-08 16:08:45,8944,0.21644,0.26852,2.941,-0.27322,88.49,29.347,217.49,127
2020-02-08 16:08:46,8945,0.21615,0.26852,2.1411,0.38264,88.419,29.342,226.83,126.32
2020-02-08 16:08:47,8946,0.21399,0.26673,2.6658,-0.27322,88.569,29.347,229.46,126
2020-02-08 16:08:48,8947,0.21659,0.26799,2.946,0.054711,88.513,29.345,247.25,126.68
2020-02-08 16:08:49,8948,0.2169,0.2669,2.2191,-0.27322,88.543,29.348,237.44,127
2020-02-08 16:08:50,8949,0.21765,0.26745,1.9691,-0.27322,88.567,29.348,231.88,126.32
2020-02-08 16:08:51,8950,0.21646,0.26988,1.1006,-0.27322,88.326,29.344,210.11,126
2020-02-08 16:08:52,8951,0.21693,0.26826,1.8807,-0.27322,88.522,29.337,251.26,126
2020-02-08 16:08:53,8952,0.21618,0.27089,2.1891,0.054711,88.609,29.342,242.47,126
2020-02-08 16:08:54,8953,0.2136,0.26702,2.4052,0.71057,88.361,29.34,230.78,126
2020-02-08 16:08:56,8954,0.2164,0.26921,2.0835,0.38264,88.461,29.351,224.24,126
2020-02-08 16:08:57,8955,0.21534,0.26617,2.9217,0.38264,88.441,29.346,246.07,126
2020-02-08 16:08:58,8956,0.21748,0.26893,2.2736,0.054711,88.42,29.34,231.61,126.68
2020-02-08 16:08:59,8957,0.21671,0.26839,1.889,0.054711,88.426,29.34,228.77,126.32
2020-02-08 16:09:00,8958,0.21708,0.2702,2.8286,0.38264,88.331,29.351,232.15,126
2020-02-08 16:09:01,8959,0.2153,0.26956,2.6008,0.38264,88.528,29.351,223.69,125.32
2020-02-08 16:09:02,8960,0.21685,0.26894,2.6349,0.054711,88.39,29.352,234.9,125.68
2020-02-08 16:09:03,8961,0.21366,0.26765,2.285,0.054711,88.403,29.35,226.51,126
2020-02-08 16:09:04,8962,0.21675,0.26837,1.8525,0.054711,88.404,29.35,230.49,126
2020-02-08 16:09:05,8963,0.21585,0.26558,2.6724,0.054711,88.376,29.34,239.2,126
2020-02-08 16:09:06,8964,0.21765,0.26897,2.7933,0.054711,88.268,29.34,223.79,125.32
2020-02-08 16:09:07,8965,0.21636,0.26991,2.6616,-0.27322,88.324,29.359,229.27,125.68
2020-02-08 16:09:08,8966,0.21656,0.26912,2.3037,0.38264,88.267,29.351,209.29,126
2020-02-08 16:09:09,8967,0.21663,0.27059,2.9895,0.38264,88.786,29.351,208.06,126
2020-02-08 16:09:10,8968,0.21335,0.26734,2.6266,0.054711,88.4,29.357,228.37,126
2020-02-08 16:09:11,8969,0.21665,0.26973,2.0806,0.054711,88.915,29.345,212.32,126
2020-02-08 16:09:12,8970,0.21495,0.267,2.033,0.054711,88.396,29.352,228.12,126.68
2020-02-08 16:09:13,8971,0.21752,0.2687,2.5368,-0.27322,88.405,29.352,234.56,125.65
2020-02-08 16:09:15,8972,0.21663,0.26851,2.4929,0.38264,88.442,29.353,223.35,126.36
2020-02-08 16:09:16,8973,0.21721,0.26982,2.6922,0.054711,88.793,29.348,227.15,126.32
2020-02-08 16:09:17,8974,0.21698,0.27077,2.5823,0.054711,88.296,29.357,222.1,125.32
2020-02-08 16:09:18,8975,0.2145,0.26939,2.5886,-0.27322,88.512,29.352,229.63,125.68
2020-02-08 16:09:19,8976,0.21471,0.26864,1.914,-0.27322,88.777,29.352,229.96,126
2020-02-08 16:09:20,8977,0.21743,0.26815,1.7669,0.054711,88.371,29.344,215.82,126
2020-02-08 16:09:21,8978,0.21682,0.26755,3.0101,0.71057,88.803,29.358,240.12,126.68
2020-02-08 16:09:22,8979,0.21744,0.27049,2.5751,0.71057,88.73,29.346,228.17,126.32
2020-02-08 16:09:23,8980,0.21669,0.2705,2.6138,0.054711,88.285,29.346,225.77,126
2020-02-08 16:09:24,8981,0.21457,0.26893,1.8133,0.38264,88.698,29.35,224.18,126
2020-02-08 16:09:25,8982,0.21661,0.26906,2.8213,0.38264,88.639,29.345,232.96,126.68
2020-02-08 16:09:26,8983,0.21505,0.26828,2.3457,0.38264,88.659,29.349,224,126.32
2020-02-08 16:09:27,8984,0.21711,0.2687,1.9081,0.38264,88.576,29.349,224.83,126
2020-02-08 16:09:28,8985,0.21669,0.26804,2.5671,0.054711,88.901,29.348,233.5,126
2020-02-08 16:09:29,8986,0.21758,0.27064,2.6327,0.054711,88.921,29.338,230.38,126
2020-02-08 16:09:30,8987,0.2168,0.27119,1.837,0.38264,89.078,29.341,231.16,126.68
2020-02-08 16:09:31,8988,0.21487,0.26981,2.3936,0.054711,88.73,29.341,239.11,126.32
2020-02-08 16:09:32,8989,0.21671,0.26914,2.7497,0.054711,88.939,29.349,241.19,126
2020-02-08 16:09:33,8990,0.21693,0.26776,2.6008,0.054711,88.894,29.349,225.67,126.68
2020-02-08 16:09:35,8991,0.2211,0.26799,1.9357,0.054711,88.894,29.339,233.17,127
2020-02-08 16:09:36,8992,0.22437,0.26863,2.2169,0.054711,88.828,29.339,238.95,126.32
2020-02-08 16:09:37,8993,0.2259,0.27143,1.9814,0.054711,88.916,29.349,229.77,126.68
2020-02-08 16:09:38,8994,0.22443,0.27158,2.6979,-0.27322,88.861,29.345,233.56,127
2020-02-08 16:09:39,8995,0.22421,0.27073,2.4982,0.38264,89.097,29.346,231.61,126.32
2020-02-08 16:09:40,8996,0.22519,0.26954,2.7106,0.054711,89.062,29.351,229.28,126.68
2020-02-08 16:09:41,8997,0.21745,0.26864,2.3313,0.38264,88.978,29.34,242.87,126.68
2020-02-08 16:09:42,8998,0.21727,0.26729,2.601,0.054711,88.96,29.345,228.44,126.32
2020-02-08 16:09:43,8999,0.22057,0.27094,2.7558,0.38264,89.033,29.352,222.3,126.68
2020-02-08 16:09:44,9000,0.21885,0.2709,2.6801,0.38264,88.954,29.352,231.49,126.32
2020-02-08 16:09:45,9001,0.21962,0.27101,2.7563,-0.27322,89.004,29.357,250.31,126
2020-02-08 16:09:46,9002,0.22425,0.26878,0.93451,0.054711,88.998,29.35,205.58,126
2020-02-08 16:09:47,9003,0.22212,0.26832,2.811,0.054711,88.91,29.348,238.54,126
2020-02-08 16:09:48,9004,0.22557,0.26962,2.5111,0.054711,89.013,29.359,235.5,126.68
2020-02-08 16:09:49,9005,0.22358,0.26756,2.4716,0.71057,88.828,29.354,225.16,126.32
2020-02-08 16:09:50,9006,0.22412,0.26893,2.5468,0.38264,88.975,29.352,223.91,126
2020-02-08 16:09:51,9007,0.22377,0.27076,2.2021,0.38264,88.891,29.352,221.65,126
2020-02-08 16:09:52,9008,0.22403,0.27036,2.3551,0.054711,88.95,29.356,223.54,126
2020-02-08 16:09:53,9009,0.22531,0.27038,2.6989,0.38264,88.931,29.352,231.34,126.68
2020-02-08 16:09:54,9010,0.22099,0.26992,2.6616,0.054711,88.849,29.354,229.02,126.32
2020-02-08 16:09:55,9011,0.22544,0.26998,3.0456,0.054711,89.256,29.354,251.57,126.68
2020-02-08 16:09:56,9012,0.22355,0.26807,2.2016,-0.27322,88.827,29.368,232.76,127
2020-02-08 16:09:57,9013,0.22484,0.27034,3.0092,0.054711,89.022,29.358,206.69,126.32
2020-02-08 16:09:58,9014,0.22489,0.26904,2.782,0.38264,89.009,29.352,223.94,127.36
2020-02-08 16:10:00,9015,0.22538,0.27036,3.03,0.38264,89.145,29.352,240.73,126.65
2020-02-08 16:10:01,9016,0.22597,0.26999,2.1456,0.38264,88.89,29.354,232.93,126
2020-02-08 16:10:02,9017,0.22265,0.27084,2.6336,-0.27322,89.208,29.35,221.35,126.68
2020-02-08 16:10:03,9018,0.2259,0.27102,2.6434,-0.27322,88.939,29.35,225.46,125.65
2020-02-08 16:10:04,9019,0.22237,0.26741,2.9333,0.38264,88.975,29.363,241.63,125.68
2020-02-08 16:10:05,9020,0.22505,0.27211,2.0801,0.054711,89.03,29.349,221.32,126
2020-02-08 16:10:06,9021,0.22577,0.27074,2.9594,-0.27322,89.124,29.35,239.25,126
2020-02-08 16:10:07,9022,0.22055,0.27187,2.6016,-0.27322,89.106,29.351,235.88,126
2020-02-08 16:10:08,9023,0.21524,0.27091,2.7548,-0.27322,89.152,29.351,235.55,126
2020-02-08 16:10:09,9024,0.21954,0.2709,2.6285,0.054711,88.764,29.352,228.82,126
2020-02-08 16:10:10,9025,0.21793,0.27044,1.7859,0.054711,88.55,29.356,225.07,126
2020-02-08 16:10:11,9026,0.21914,0.27151,2.5931,0.38264,88.481,29.347,219.75,126
2020-02-08 16:10:12,9027,0.21955,0.26775,2.5961,-0.27322,88.645,29.352,229.86,126.68
2020-02-08 16:10:13,9028,0.22025,0.2719,2.8651,-0.60114,88.424,29.349,212.38,126.32
2020-02-08 16:10:14,9029,0.21966,0.27259,2.8307,0.054711,88.43,29.35,225.86,126.68
2020-02-08 16:10:15,9030,0.21958,0.27367,2.1437,0.054711,88.537,29.338,229.52,126.32
2020-02-08 16:10:16,9031,0.22194,0.27111,0.91915,0.054711,88.474,29.35,205.53,126
2020-02-08 16:10:17,9032,0.21912,0.27073,2.619,0.054711,88.43,29.35,224.02,126
2020-02-08 16:10:18,9033,0.21941,0.27143,1.7611,0.054711,88.381,29.344,217.74,126.68
2020-02-08 16:10:19,9034,0.2211,0.2691,2.581,-0.27322,88.533,29.352,226.64,127
2020-02-08 16:10:21,9035,0.221,0.2721,2.5425,0.054711,88.433,29.34,233.63,127
2020-02-08 16:10:22,9036,0.21858,0.27207,2.3798,0.054711,88.592,29.339,227.09,126.32
2020-02-08 16:10:23,9037,0.21796,0.27294,2.3145,0.054711,88.31,29.348,220.43,125.32
2020-02-08 16:10:24,9038,0.22009,0.27081,2.2567,-0.27322,88.345,29.351,236.38,126.36
2020-02-08 16:10:25,9039,0.21621,0.27074,0.97293,-0.27322,88.475,29.347,207.58,125.65
2020-02-08 16:10:26,9040,0.21961,0.26915,3.0356,-0.27322,88.359,29.347,240.78,126.32
2020-02-08 16:10:27,9041,0.21923,0.27116,2.9637,0.054711,88.384,29.338,248.8,126
2020-02-08 16:10:28,9042,0.22024,0.27308,2.1643,-0.27322,88.61,29.345,227.62,126.68
2020-02-08 16:10:29,9043,0.21872,0.27377,2.285,-0.27322,88.389,29.344,229.18,126.32
2020-02-08 16:10:30,9044,0.21794,0.27217,2.7532,0.054711,88.478,29.337,227.02,126
2020-02-08 16:10:31,9045,0.21451,0.27039,1.9895,-0.27322,88.51,29.341,218.12,126.68
2020-02-08 16:10:32,9046,0.22032,0.27194,2.8284,0.71057,88.459,29.339,228.12,126.32
2020-02-08 16:10:33,9047,0.22412,0.27043,2.6666,0.38264,88.404,29.341,232.99,126
2020-02-08 16:10:34,9048,0.22375,0.26996,3.0198,0.38264,88.445,29.343,249.64,126
2020-02-08 16:10:35,9049,0.22477,0.27337,2.3676,0.054711,88.459,29.336,224.32,126
2020-02-08 16:10:36,9050,0.22373,0.27411,2.6774,0.054711,88.766,29.336,219.44,126.68
2020-02-08 16:10:37,9051,0.2244,0.27248,2.5163,0.38264,88.376,29.345,230.11,127
2020-02-08 16:10:38,9052,0.22242,0.27175,2.6023,0.38264,88.898,29.35,227.93,127
2020-02-08 16:10:39,9053,0.22179,0.27016,3.0596,0.38264,88.31,29.338,235.79,126.32
2020-02-08 16:10:40,9054,0.22396,0.27172,2.8938,0.054711,88.881,29.348,209.9,126
2020-02-08 16:10:41,9055,0.2216,0.27107,2.7044,0.054711,88.899,29.352,229.11,126.68
2020-02-08 16:10:43,9056,0.21729,0.27266,2.9281,-0.60114,88.424,29.344,206.06,126.32
2020-02-08 16:10:44,9057,0.21536,0.27443,2.6674,0.38264,88.447,29.34,230.97,126
2020-02-08 16:10:45,9058,0.2181,0.2714,2.8181,0.38264,88.718,29.34,202.4,126
2020-02-08 16:10:46,9059,0.21766,0.27409,2.6801,0.054711,88.394,29.348,228.14,126.68
2020-02-08 16:10:47,9060,0.21809,0.27184,2.4201,0.054711,88.382,29.343,225.65,126
2020-02-08 16:10:48,9061,0.21807,0.27097,2.7984,0.38264,88.934,29.347,221.71,125.32
2020-02-08 16:10:49,9062,0.21925,0.27198,2.6462,0.38264,88.191,29.351,228.67,125.68
2020-02-08 16:10:50,9063,0.21872,0.27164,1.8133,0.38264,89.025,29.349,223.95,125.32
2020-02-08 16:10:51,9064,0.21947,0.27285,2.3733,0.38264,88.657,29.349,233.23,126.36
2020-02-08 16:10:52,9065,0.2172,0.27316,1.9451,0.054711,88.356,29.342,227.15,126.32
2020-02-08 16:10:53,9066,0.21871,0.27224,2.1208,0.38264,88.801,29.352,227.51,126
2020-02-08 16:10:54,9067,0.21748,0.27177,3.0038,0.054711,88.182,29.352,251.68,126.68
2020-02-08 16:10:55,9068,0.21581,0.27094,2.8544,0.054711,88.87,29.352,235.11,126.32
2020-02-08 16:10:56,9069,0.2187,0.27192,2.1626,-0.27322,88.646,29.342,239.74,126
2020-02-08 16:10:57,9070,0.21809,0.26944,2.8209,0.054711,89.01,29.362,232.01,126
2020-02-08 16:10:58,9071,0.21941,0.27292,3.044,0.054711,89.039,29.354,248.27,126
2020-02-08 16:10:59,9072,0.21748,0.27207,2.718,0.054711,88.915,29.356,237.77,126
2020-02-08 16:11:01,9073,0.21926,0.27373,1.991,0.054711,88.755,29.361,229.04,126
2020-02-08 16:11:02,9074,0.21763,0.27298,3.0633,0.054711,88.878,29.357,244.44,125.32
2020-02-08 16:11:03,9075,0.21591,0.2713,2.524,0.38264,89.041,29.355,221.24,125.68
2020-02-08 16:11:04,9076,0.21574,0.27213,2.8985,0.38264,88.913,29.364,243.46,126.68
2020-02-08 16:11:05,9077,0.2161,0.27077,2.8796,0.38264,88.639,29.364,237.68,126.68
2020-02-08 16:11:06,9078,0.21516,0.27193,2.5781,0.38264,88.938,29.364,224.92,127
2020-02-08 16:11:07,9079,0.21674,0.27308,1.4074,0.38264,88.917,29.356,214.26,126.32
2020-02-08 16:11:08,9080,0.21497,0.27394,2.0985,0.71057,88.936,29.363,248.53,126
2020-02-08 16:11:09,9081,0.21522,0.27233,1.4974,0.38264,88.798,29.356,223.51,126
2020-02-08 16:11:10,9082,0.21736,0.27288,1.7659,0.054711,88.927,29.361,232.97,126
2020-02-08 16:11:11,9083,0.21484,0.2721,2.7242,-0.27322,89.022,29.355,232.28,126.68
2020-02-08 16:11:12,9084,0.21764,0.27264,2.9556,0.054711,88.984,29.363,238.2,127
2020-02-08 16:11:13,9085,0.21662,0.26961,1.2555,0.054711,88.93,29.363,215.54,125.65
2020-02-08 16:11:14,9086,0.21817,0.27318,1.9124,0.71057,88.956,29.353,228.36,126.36
2020-02-08 16:11:15,9087,0.21662,0.27364,2.6073,0.38264,88.988,29.352,219.66,127
2020-02-08 16:11:16,9088,0.2168,0.27322,2.8573,0.054711,89.019,29.344,221.03,125.65
2020-02-08 16:11:17,9089,0.21784,0.27351,2.2781,0.054711,89.25,29.364,252.47,125.68
2020-02-08 16:11:18,9090,0.21433,0.27208,2.6109,-0.27322,89.161,29.348,226.03,126
2020-02-08 16:11:19,9091,0.21804,0.2727,1.7216,0.054711,88.975,29.352,217.38,126.68
2020-02-08 16:11:20,9092,0.21702,0.27078,1.9943,0.054711,89.022,29.357,228.92,126.32
2020-02-08 16:11:21,9093,0.21925,0.27324,2.0981,0.054711,89.07,29.357,219.53,126
2020-02-08 16:11:23,9094,0.2179,0.27399,2.6618,0.054711,89.049,29.36,235.62,126.68
2020-02-08 16:11:24,9095,0.21789,0.27424,2.7374,0.38264,88.92,29.346,237.9,126.32
2020-02-08 16:11:25,9096,0.2187,0.27431,2.1735,0.38264,89.186,29.353,231.91,126
2020-02-08 16:11:26,9097,0.21454,0.27227,2.5585,-0.27322,88.92,29.353,228.34,126.68
2020-02-08 16:11:27,9098,0.21801,0.27245,2.146,0.054711,89.116,29.351,226.18,125.65
2020-02-08 16:11:28,9099,0.21788,0.27134,2.7517,0.054711,89.108,29.358,239.43,125.68
2020-02-08 16:11:29,9100,0.21752,0.27374,2.4346,0.054711,89.095,29.358,229.3,126.68
2020-02-08 16:11:30,9101,0.21857,0.27287,2.621,0.054711,88.896,29.351,237.04,125.65
2020-02-08 16:11:31,9102,0.21855,0.27462,2.786,-0.27322,89.138,29.36,235.02,126.36
2020-02-08 16:11:32,9103,0.21481,0.27366,2.6044,0.38264,89.138,29.362,231.51,127
2020-02-08 16:11:33,9104,0.21618,0.27242,2.7079,0.054711,89.254,29.357,250.58,126.32
2020-02-08 16:11:34,9105,0.21527,0.27151,2.8186,0.054711,89.081,29.352,236.78,126
2020-02-08 16:11:35,9106,0.2166,0.27225,1.3681,0.054711,88.783,29.353,203.9,126.68
2020-02-08 16:11:36,9107,0.21493,0.27342,2.5626,0.054711,88.94,29.363,232.11,127
2020-02-08 16:11:37,9108,0.21559,0.27505,2.9038,0.054711,89.091,29.363,228.54,126.32
2020-02-08 16:11:38,9109,0.21522,0.27276,2.6419,0.38264,88.928,29.355,232.45,126
2020-02-08 16:11:39,9110,0.21211,0.273,2.6251,0.054711,88.391,29.364,227.82,126
2020-02-08 16:11:40,9111,0.21542,0.27243,2.8218,0.38264,89.212,29.351,232.95,126.68
2020-02-08 16:11:41,9112,0.21469,0.27116,2.7989,-0.27322,88.629,29.352,236.47,126.32
2020-02-08 16:11:42,9113,0.21624,0.27325,2.0273,0.38264,88.382,29.356,227.9,126
2020-02-08 16:11:43,9114,0.21428,0.27343,2.6181,0.38264,88.395,29.356,226.13,125.32
2020-02-08 16:11:45,9115,0.21575,0.27482,2.8457,0.38264,88.569,29.354,207.7,125.68
2020-02-08 16:11:46,9116,0.21577,0.27366,0.92382,0.38264,88.469,29.354,210.72,126
2020-02-08 16:11:47,9117,0.21266,0.27263,2.6401,0.38264,88.562,29.352,227.98,126.68
2020-02-08 16:11:48,9118,0.21594,0.27173,2.6121,0.054711,88.409,29.354,235.15,126.32
2020-02-08 16:11:49,9119,0.21257,0.27199,2.8472,0.054711,88.546,29.352,247.51,126
2020-02-08 16:11:50,9120,0.21379,0.26914,2.818,0.38264,88.474,29.342,240.04,126
2020-02-08 16:11:51,9121,0.2153,0.27251,2.611,-0.27322,88.393,29.344,229.34,126
2020-02-08 16:11:52,9122,0.2139,0.27362,2.5897,-0.27322,88.53,29.348,227.64,126
2020-02-08 16:11:53,9123,0.2146,0.27309,2.1629,-0.27322,88.507,29.348,228.8,126
2020-02-08 16:11:54,9124,0.21556,0.2731,2.6649,0.054711,88.696,29.346,227.69,126
2020-02-08 16:11:55,9125,0.21141,0.2723,2.1527,0.054711,88.682,29.352,225.58,126
2020-02-08 16:11:56,9126,0.21561,0.27294,3.0891,0.054711,88.545,29.352,247.31,126
2020-02-08 16:11:57,9127,0.21345,0.27087,3.0828,0.38264,88.427,29.343,243.4,126
2020-02-08 16:11:58,9128,0.21549,0.27326,1.1939,0.054711,88.621,29.359,204.89,126.68
2020-02-08 16:11:59,9129,0.21542,0.27219,2.8719,-0.27322,88.621,29.35,233.96,126.32
2020-02-08 16:12:00,9130,0.21567,0.27459,1.4696,-0.27322,88.759,29.35,219.35,126
2020-02-08 16:12:01,9131,0.21634,0.27508,2.0148,0.054711,88.529,29.345,226.04,126
2020-02-08 16:12:02,9132,0.2122,0.27343,1.8356,0.054711,88.515,29.358,227.79,126
2020-02-08 16:12:03,9133,0.21495,0.27344,2.7104,0.054711,88.475,29.349,229.19,126
2020-02-08 16:12:04,9134,0.21341,0.27123,2.0638,0.054711,88.531,29.35,247.89,126
2020-02-08 16:12:06,9135,0.21493,0.27268,2.7136,-0.27322,88.375,29.346,238.12,126.68
2020-02-08 16:12:07,9136,0.21512,0.27178,1.9948,0.054711,88.29,29.348,236.55,126.32
2020-02-08 16:12:08,9137,0.21519,0.27467,1.8215,0.054711,88.432,29.348,210.72,126
2020-02-08 16:12:09,9138,0.2149,0.27335,2.3433,0.38264,88.632,29.357,219.78,126
2020-02-08 16:12:10,9139,0.21283,0.27504,2.8058,0.054711,88.473,29.348,237.91,126.68
2020-02-08 16:12:11,9140,0.21244,0.27302,2.2358,0.054711,88.5,29.344,231.55,126.68
2020-02-08 16:12:12,9141,0.21449,0.27294,2.252,0.054711,88.641,29.352,229.49,127
2020-02-08 16:12:13,9142,0.21471,0.27044,1.6831,0.054711,88.56,29.345,206.75,125.65
2020-02-08 16:12:14,9143,0.21577,0.27469,2.5809,0.38264,88.557,29.341,227.25,127.04
2020-02-08 16:12:15,9144,0.21509,0.27302,2.8189,-0.27322,88.312,29.348,232.55,126.65
2020-02-08 16:12:16,9145,0.21286,0.27522,2.6614,-0.27322,88.513,29.348,229.68,126
2020-02-08 16:12:17,9146,0.21582,0.27216,2.6882,0.054711,88.462,29.351,217.61,126
2020-02-08 16:12:18,9147,0.21249,0.27142,2.6507,0.054711,88.392,29.353,227.38,126.68
2020-02-08 16:12:19,9148,0.21444,0.273,3.0926,0.054711,88.419,29.356,242.62,127
2020-02-08 16:12:20,9149,0.215,0.27013,1.0525,0.054711,88.372,29.36,215.35,126.32
2020-02-08 16:12:21,9150,0.2155,0.27335,2.6169,0.054711,88.867,29.362,213.56,126.68
2020-02-08 16:12:22,9151,0.21591,0.27429,2.641,0.054711,88.468,29.352,229.42,127
2020-02-08 16:12:23,9152,0.21422,0.27396,2.8268,0.38264,88.286,29.356,228.06,126.32
2020-02-08 16:12:24,9153,0.21653,0.27454,2.8413,0.38264,88.252,29.355,234.72,126
2020-02-08 16:12:25,9154,0.21321,0.27283,2.898,0.054711,88.558,29.355,202.95,126
2020-02-08 16:12:27,9155,0.21399,0.27283,2.6744,0.054711,88.54,29.347,229.16,126
2020-02-08 16:12:28,9156,0.21517,0.27009,2.7825,0.054711,88.455,29.357,233.27,126.68
2020-02-08 16:12:29,9157,0.2156,0.27302,2.8102,0.38264,89.055,29.358,221.57,127
2020-02-08 16:12:30,9158,0.21626,0.27458,2.8016,-0.27322,88.952,29.346,235.15,127
2020-02-08 16:12:31,9159,0.2151,0.27427,2.7043,0.71057,88.326,29.367,235.54,126.32
2020-02-08 16:12:32,9160,0.21662,0.2734,2.7298,0.054711,88.35,29.366,229.81,126
2020-02-08 16:12:33,9161,0.21611,0.27368,2.9685,0.054711,88.698,29.366,251.61,126
2020-02-08 16:12:34,9162,0.21999,0.27146,2.6777,-0.27322,88.763,29.358,238.93,126.68
2020-02-08 16:12:35,9163,0.22051,0.2746,2.576,0.054711,88.443,29.36,219.22,127
2020-02-08 16:12:36,9164,0.22101,0.27574,0.93445,0.054711,88.99,29.36,215.68,127
2020-02-08 16:12:37,9165,0.21916,0.27621,2.5584,0.054711,89.088,29.354,224.47,127
2020-02-08 16:12:38,9166,0.21981,0.27334,2.781,0.38264,88.957,29.367,235.65,126.32
2020-02-08 16:12:39,9167,0.21745,0.27241,2.5913,0.054711,88.861,29.359,232.85,126.68
2020-02-08 16:12:40,9168,0.21811,0.2741,2.2962,0.054711,89.056,29.359,248.16,126.32
2020-02-08 16:12:41,9169,0.22033,0.27286,2.6435,-0.27322,88.695,29.358,208.83,126
2020-02-08 16:12:42,9170,0.22062,0.27336,2.7252,-0.27322,88.794,29.358,226.8,126.68
2020-02-08 16:12:43,9171,0.22091,0.27495,2.8028,0.38264,88.881,29.372,204.48,127
2020-02-08 16:12:44,9172,0.21858,0.27508,2.5182,-0.27322,88.948,29.364,229.67,126.32
2020-02-08 16:12:45,9173,0.21975,0.27351,2.4546,0.054711,88.814,29.368,232.27,126.68
2020-02-08 16:12:46,9174,0.2173,0.27244,1.7093,0.054711,88.927,29.37,225.1,126.32
2020-02-08 16:12:47,9175,0.21541,0.27308,0.8976,0.38264,88.999,29.357,252.07,126.68
2020-02-08 16:12:49,9176,0.21469,0.27272,2.4426,0.054711,88.918,29.369,239.81,126.32
2020-02-08 16:12:50,9177,0.21426,0.27192,2.7311,0.054711,88.959,29.358,245.07,126
2020-02-08 16:12:51,9178,0.21666,0.2752,2.6946,0.054711,88.978,29.358,203.49,126.68
2020-02-08 16:12:52,9179,0.21587,0.27507,2.2488,-0.27322,88.938,29.353,223.18,126.32
2020-02-08 16:12:53,9180,0.21691,0.27455,2.7182,0.054711,88.834,29.36,228.2,126.32
2020-02-08 16:12:54,9181,0.21398,0.27284,2.7258,0.054711,88.894,29.356,243.01,126.68
2020-02-08 16:12:55,9182,0.21688,0.2723,2.7845,0.054711,88.938,29.35,234.25,126.32
2020-02-08 16:12:56,9183,0.21697,0.27303,0.93502,0.71057,89.148,29.349,208.33,126.68
2020-02-08 16:12:57,9184,0.21729,0.27463,2.4808,-0.27322,88.985,29.344,234.2,126.32
2020-02-08 16:12:58,9185,0.19652,0.25837,2.5055,-0.27322,89.232,29.349,229.82,126
2020-02-08 16:12:59,9186,0.2013,0.26169,2.3784,0.38264,89.09,29.346,231.92,126.68
2020-02-08 16:13:00,9187,0.19584,0.25954,2.2968,0.38264,89.143,29.346,216.09,127
2020-02-08 16:13:01,9188,0.1946,0.25917,2.264,0.054711,88.986,29.364,228.28,127
2020-02-08 16:13:02,9189,0.19745,0.25905,0.92889,0.054711,89.282,29.353,211.5,126.32
2020-02-08 16:13:03,9190,0.19399,0.25987,2.4639,0.38264,88.903,29.349,233.44,126.68
2020-02-08 16:13:04,9191,0.19763,0.25833,0.89384,0.38264,89.088,29.356,229.24,126.32
2020-02-08 16:13:05,9192,0.19459,0.25479,2.6908,0.054711,89.204,29.353,232.75,126.68
2020-02-08 16:13:06,9193,0.19864,0.26025,2.6415,0.38264,89.21,29.353,206.47,127
2020-02-08 16:13:07,9194,0.19784,0.26021,2.7156,0.054711,89.081,29.351,231.24,126.32
2020-02-08 16:13:08,9195,0.19661,0.2584,2.7899,0.71057,88.971,29.352,245.04,126.68
2020-02-08 16:13:10,9196,0.19307,0.25555,2.7022,0.71057,89.154,29.352,242.51,126.32
2020-02-08 16:13:11,9197,0.19591,0.25795,2.4654,0.054711,88.855,29.352,231.22,126
2020-02-08 16:13:12,9198,0.19781,0.25971,2.5878,0.71057,88.852,29.357,217.18,126
2020-02-08 16:13:13,9199,0.18822,0.25032,2.7428,0.054711,89.281,29.349,234.84,126
2020-02-08 16:13:14,9200,0.19084,0.25065,2.6395,0.38264,88.556,29.352,228.84,126
2020-02-08 16:13:15,9201,0.19047,0.24932,3.0606,0.054711,88.803,29.358,242.04,126.68
2020-02-08 16:13:16,9202,0.19193,0.25274,2.6982,-0.27322,89.075,29.352,233.94,126.68
2020-02-08 16:13:17,9203,0.19603,0.2569,2.9397,-0.27322,88.938,29.352,237.16,127
2020-02-08 16:13:18,9204,0.19738,0.25985,2.1384,0.054711,88.924,29.357,224.91,126.32
2020-02-08 16:13:19,9205,0.19537,0.26025,2.5162,0.054711,88.82,29.356,226.88,126
2020-02-08 16:13:20,9206,0.19862,0.2605,2.8439,-0.27322,88.55,29.357,224.82,126.68
2020-02-08 16:13:21,9207,0.19608,0.25898,2.9105,0.38264,89.16,29.347,236.14,126.32
2020-02-08 16:13:22,9208,0.19593,0.25633,2.6501,0.38264,88.679,29.355,224.34,126.68
2020-02-08 16:13:23,9209,0.20311,0.26028,3.0494,0.054711,89.058,29.343,251.6,127
2020-02-08 16:13:24,9210,0.21656,0.27446,2.5509,0.054711,89.219,29.343,226.54,126.32
2020-02-08 16:13:25,9211,0.21605,0.27463,2.6394,0.38264,88.78,29.345,227.35,126.68
2020-02-08 16:13:26,9212,0.2151,0.27344,2.8725,0.054711,88.508,29.354,244.72,126.32
2020-02-08 16:13:27,9213,0.21723,0.27296,2.7023,0.38264,88.422,29.348,222.67,126.68
2020-02-08 16:13:28,9214,0.21472,0.27199,2.6129,0.054711,88.48,29.348,232.48,125.65
2020-02-08 16:13:29,9215,0.21871,0.27363,2.7045,-0.60114,88.42,29.345,237.5,126.36
2020-02-08 16:13:30,9216,0.21841,0.27173,2.9694,0.054711,88.579,29.346,229.31,126.32
2020-02-08 16:13:31,9217,0.2194,0.27372,2.7529,0.054711,88.542,29.346,227.18,126
2020-02-08 16:13:32,9218,0.21773,0.2759,2.6905,0.38264,88.532,29.338,229.02,126
2020-02-08 16:13:33,9219,0.21651,0.2736,2.4252,0.054711,88.468,29.349,246.72,126
2020-02-08 16:13:35,9220,0.21788,0.27276,0.99552,0.054711,88.412,29.353,250.07,126.68
2020-02-08 16:13:36,9221,0.21446,0.27241,0.92302,0.38264,88.477,29.353,210.21,127
2020-02-08 16:13:37,9222,0.21878,0.2725,2.6635,-0.27322,88.573,29.356,226.52,126.32
2020-02-08 16:13:38,9223,0.22097,0.27124,2.4902,-0.27322,88.455,29.346,221.24,126.68
2020-02-08 16:13:39,9224,0.22086,0.27375,2.3761,-0.27322,88.552,29.346,220.58,126.32
2020-02-08 16:13:40,9225,0.21852,0.27335,2.7175,-0.60114,88.488,29.357,236.32,126.68
2020-02-08 16:13:41,9226,0.22005,0.27221,2.6169,0.054711,88.605,29.369,230.27,127
2020-02-08 16:13:42,9227,0.21805,0.27211,2.791,-0.27322,88.517,29.357,241.31,127
2020-02-08 16:13:43,9228,0.22057,0.27195,2.4713,0.054711,88.515,29.353,232.86,127
2020-02-08 16:13:44,9229,0.22006,0.271,1.136,0.38264,88.431,29.353,224.52,127.68
2020-02-08 16:13:45,9230,0.22083,0.27401,2.6005,0.054711,88.493,29.355,217.59,126.65
2020-02-08 16:13:46,9231,0.22023,0.27422,2.3389,0.054711,88.501,29.355,225.99,126.68
2020-02-08 16:13:47,9232,0.21951,0.27392,2.4325,0.38264,88.489,29.35,224.28,126.32
2020-02-08 16:13:48,9233,0.2206,0.27301,2.5651,0.054711,88.766,29.361,234.09,126
2020-02-08 16:13:49,9234,0.22115,0.27196,2.4943,0.71057,88.513,29.356,212.11,126.68
2020-02-08 16:13:50,9235,0.22406,0.27259,2.8714,0.054711,88.432,29.359,242.72,126.32
2020-02-08 16:13:51,9236,0.2237,0.27185,2.8862,0.054711,88.346,29.346,241.08,126
2020-02-08 16:13:52,9237,0.22496,0.27426,2.7624,0.71057,88.374,29.355,217.82,126
2020-02-08 16:13:53,9238,0.22387,0.27404,2.5366,0.38264,88.536,29.356,220.38,126
2020-02-08 16:13:54,9239,0.22234,0.27409,3.1266,0.38264,88.395,29.347,239.34,126.68
2020-02-08 16:13:55,9240,0.22389,0.27257,2.9411,0.38264,88.408,29.347,246.66,126.32
2020-02-08 16:13:56,9241,0.22228,0.27175,2.6415,0.054711,88.511,29.363,231.34,126
2020-02-08 16:13:57,9242,0.22481,0.27225,2.9884,0.054711,88.526,29.357,251.9,126.68
2020-02-08 16:13:59,9243,0.22423,0.2726,2.8672,0.054711,88.459,29.359,245.19,126.32
2020-02-08 16:14:00,9244,0.22522,0.27468,2.5089,-0.27322,88.903,29.358,228.81,126.68
2020-02-08 16:14:01,9245,0.22395,0.27374,3.0514,0.054711,88.944,29.363,240.77,126.32
2020-02-08 16:14:02,9246,0.22186,0.27312,2.6447,0.71057,88.259,29.348,231.81,126.68
2020-02-08 16:14:03,9247,0.22404,0.2718,1.3296,0.71057,88.96,29.348,206.93,126.32
2020-02-08 16:14:04,9248,0.22425,0.27212,2.9783,-0.27322,88.998,29.358,226.81,126.68
2020-02-08 16:14:05,9249,0.22304,0.2714,1.3036,0.38264,88.91,29.355,221.51,126.32
2020-02-08 16:14:06,9250,0.22411,0.27406,2.6082,0.38264,88.813,29.354,241.26,125.32
2020-02-08 16:14:07,9251,0.22306,0.27341,1.7647,0.38264,88.852,29.367,224.71,125.68
2020-02-08 16:14:08,9252,0.22276,0.27399,3.0018,0.38264,88.731,29.358,234.8,126.68
2020-02-08 16:14:09,9253,0.22391,0.27177,2.6867,0.054711,88.925,29.358,229.65,126.32
2020-02-08 16:14:10,9254,0.22048,0.27251,3.0262,0.054711,88.929,29.358,235.23,126
2020-02-08 16:14:11,9255,0.22367,0.27246,2.5861,0.054711,88.877,29.359,232.68,126
2020-02-08 16:14:12,9256,0.22352,0.26974,2.3967,0.054711,88.998,29.36,232.17,126.68
2020-02-08 16:14:13,9257,0.22427,0.27437,2.7377,0.38264,88.941,29.345,233.59,126.32
2020-02-08 16:14:14,9258,0.22318,0.27396,2.3142,-0.27322,88.983,29.352,230.06,126.68
2020-02-08 16:14:15,9259,0.22373,0.27515,2.7565,-0.27322,88.891,29.354,231.64,126.32
2020-02-08 16:14:16,9260,0.22442,0.27197,1.8825,0.054711,88.974,29.347,222.42,126.68
2020-02-08 16:14:17,9261,0.22003,0.27249,1.7729,-0.27322,88.969,29.346,229.12,127
2020-02-08 16:14:18,9262,0.22317,0.27258,2.7071,-0.27322,88.985,29.354,229.18,126.32
2020-02-08 16:14:20,9263,0.22332,0.27108,2.7644,-0.27322,88.902,29.354,227.73,126
2020-02-08 16:14:21,9264,0.22412,0.27339,3.1036,0.38264,88.948,29.353,248.68,126.68
2020-02-08 16:14:22,9265,0.22348,0.27326,2.4998,0.38264,89.159,29.353,216.03,126.32
2020-02-08 16:14:23,9266,0.22409,0.2755,2.3551,0.38264,89,29.341,248.87,126.68
2020-02-08 16:14:24,9267,0.22445,0.27306,2.7263,0.38264,88.982,29.348,230.26,126.32
2020-02-08 16:14:25,9268,0.22281,0.27293,1.9314,-0.27322,88.964,29.354,228.37,125.68
2020-02-08 16:14:26,9269,0.22305,0.2705,2.0234,0.054711,88.853,29.345,227.72,126.68
2020-02-08 16:14:27,9270,0.22398,0.27402,2.172,0.054711,89.018,29.345,214.21,126.32
2020-02-08 16:14:28,9271,0.22331,0.2733,2.5436,-0.27322,88.937,29.355,230.1,126
2020-02-08 16:14:29,9272,0.22318,0.276,2.677,0.054711,89.064,29.348,229.54,126.68
2020-02-08 16:14:30,9273,0.22416,0.2729,2.1883,0.38264,88.965,29.358,231.65,126.32
2020-02-08 16:14:31,9274,0.22139,0.27413,2.1911,0.38264,89.204,29.352,235.78,126.68
2020-02-08 16:14:32,9275,0.22256,0.2727,1.0379,0.054711,89.294,29.361,204.9,127
2020-02-08 16:14:33,9276,0.22314,0.27109,2.3984,0.054711,89.174,29.352,247.23,126.32
2020-02-08 16:14:34,9277,0.2242,0.27393,2.1093,0.054711,89.031,29.352,229.79,126.68
2020-02-08 16:14:35,9278,0.22398,0.27444,2.841,0.054711,89.001,29.349,234.94,125.65
2020-02-08 16:14:36,9279,0.22299,0.27562,2.553,0.054711,88.896,29.353,219.46,126.36
2020-02-08 16:14:37,9280,0.22421,0.27323,2.907,-0.27322,89.007,29.349,242.13,126.32
2020-02-08 16:14:38,9281,0.22162,0.27381,2.7263,0.38264,89.296,29.343,230.5,126.68
2020-02-08 16:14:39,9282,0.22175,0.27241,2.0229,0.054711,88.838,29.369,202.54,126.32
2020-02-08 16:14:40,9283,0.22363,0.27106,1.9968,0.054711,89.121,29.354,227.78,125.32
2020-02-08 16:14:41,9284,0.22401,0.27451,2.0391,0.054711,89.146,29.354,233.91,125.68
2020-02-08 16:14:42,9285,0.22362,0.27438,2.6736,0.38264,89.154,29.349,232.71,126
2020-02-08 16:14:43,9286,0.22291,0.27558,1.0609,0.054711,89.274,29.351,219.21,126
2020-02-08 16:14:45,9287,0.2231,0.27161,2.6083,0.054711,89.199,29.35,229.57,126
2020-02-08 16:14:46,9288,0.22133,0.27266,2.6527,0.054711,89.116,29.345,231.63,126
2020-02-08 16:14:47,9289,0.22176,0.27203,2.56,0.38264,89.177,29.354,229.82,126.68
2020-02-08 16:14:48,9290,0.22354,0.27159,2.6175,0.71057,89.019,29.349,232.72,126.32
2020-02-08 16:14:49,9291,0.22356,0.27388,2.2124,0.054711,88.707,29.346,212.22,126
2020-02-08 16:14:50,9292,0.2234,0.27537,2.6118,0.054711,89.191,29.343,229.16,126
2020-02-08 16:14:51,9293,0.22352,0.27235,2.9112,0.054711,89.188,29.343,248.8,125.32
2020-02-08 16:14:52,9294,0.22136,0.27275,2.2581,0.71057,89.101,29.355,213.18,126.36
2020-02-08 16:14:53,9295,0.22186,0.27186,2.1775,0.054711,88.781,29.352,218.5,126.32
2020-02-08 16:14:54,9296,0.22318,0.2721,2.3789,0.054711,89.127,29.351,203.06,126
2020-02-08 16:14:55,9297,0.22383,0.27183,2.3049,0.054711,89.258,29.347,228.66,126
2020-02-08 16:14:56,9298,0.22368,0.27339,2.9369,0.71057,89.205,29.349,251.66,126.68
2020-02-08 16:14:57,9299,0.22224,0.27305,2.9829,0.38264,89.017,29.355,238.57,126.32
2020-02-08 16:14:58,9300,0.21851,0.27233,2.7422,0.054711,88.493,29.348,232.67,125.32
2020-02-08 16:14:59,9301,0.21473,0.27192,2.6038,0.054711,89.072,29.348,227.56,125.68
2020-02-08 16:15:00,9302,0.21578,0.27097,2.6227,0.054711,88.625,29.339,227.35,126
2020-02-08 16:15:01,9303,0.21578,0.27026,1.1761,0.054711,88.716,29.345,248.81,125.32
2020-02-08 16:15:02,9304,0.21579,0.26953,2.8578,0.054711,89.062,29.346,205.2,126.36
2020-02-08 16:15:03,9305,0.2176,0.2722,0.99246,0.054711,88.321,29.351,212.47,125.65
2020-02-08 16:15:04,9306,0.21774,0.27107,2.5135,0.054711,88.755,29.351,230.28,125.68
2020-02-08 16:15:06,9307,0.21842,0.27313,2.8494,0.38264,88.906,29.349,204.73,126
2020-02-08 16:15:07,9308,0.21596,0.27245,3.0751,0.38264,89.126,29.349,227.41,125.32
2020-02-08 16:15:08,9309,0.21609,0.27182,2.7677,0.054711,88.464,29.352,227.63,125
2020-02-08 16:15:09,9310,0.21621,0.27089,2.6039,0.38264,88.566,29.35,230.89,125.68
2020-02-08 16:15:10,9311,0.21558,0.26983,2.7033,-0.27322,88.65,29.343,229.63,126
2020-02-08 16:15:11,9312,0.21709,0.27091,2.6083,-0.27322,88.499,29.339,231.64,125.32
2020-02-08 16:15:12,9313,0.21833,0.27242,3.0658,-0.27322,88.545,29.349,247.92,125.68
2020-02-08 16:15:13,9314,0.21652,0.27306,2.2789,0.054711,88.566,29.354,221.42,126
2020-02-08 16:15:14,9315,0.215,0.2709,2.9995,-0.27322,88.575,29.355,244.41,126
2020-02-08 16:15:15,9316,0.21649,0.27019,2.1709,-0.27322,88.451,29.355,215.35,125.32
2020-02-08 16:15:16,9317,0.21602,0.26977,1.8582,0.38264,88.422,29.352,222.96,125.68
2020-02-08 16:15:17,9318,0.21865,0.27069,2.5188,0.38264,88.524,29.346,229.29,126
2020-02-08 16:15:18,9319,0.21815,0.27071,2.2493,0.38264,88.463,29.353,243.07,126
2020-02-08 16:15:19,9320,0.2192,0.27218,2.3032,-0.27322,88.556,29.349,227.38,126
2020-02-08 16:15:20,9321,0.21784,0.27329,2.4787,0.054711,88.679,29.354,228.67,125.32
2020-02-08 16:15:21,9322,0.2158,0.27093,2.2777,0.38264,88.52,29.355,228.14,125.68
2020-02-08 16:15:22,9323,0.21723,0.27121,2.0566,0.054711,88.437,29.354,250.57,126
2020-02-08 16:15:23,9324,0.21695,0.27006,2.9655,0.054711,88.431,29.356,238.5,126
2020-02-08 16:15:24,9325,0.21861,0.27087,1.3161,0.054711,88.481,29.35,212.52,126
2020-02-08 16:15:25,9326,0.21789,0.27,1.8535,0.054711,88.401,29.35,231.16,126
2020-02-08 16:15:26,9327,0.21928,0.27313,2.9707,0.054711,88.513,29.36,242.72,126
2020-02-08 16:15:27,9328,0.2176,0.27255,2.0793,0.71057,88.52,29.359,228.04,125.32
2020-02-08 16:15:29,9329,0.21715,0.27216,2.6,-0.27322,88.521,29.369,226.17,126.36
2020-02-08 16:15:30,9330,0.21788,0.27112,2.8198,0.054711,88.643,29.359,228.79,126.32
2020-02-08 16:15:31,9331,0.21607,0.27031,2.3805,0.054711,88.496,29.358,229.56,126
2020-02-08 16:15:32,9332,0.21922,0.27137,2.8794,0.054711,88.59,29.36,206.52,126
2020-02-08 16:15:33,9333,0.21787,0.27018,2.5823,0.054711,88.527,29.36,218.93,126
2020-02-08 16:15:34,9334,0.21943,0.27211,2.7666,0.38264,88.372,29.365,227.81,126
2020-02-08 16:15:35,9335,0.21765,0.27157,0.88936,-0.27322,88.538,29.372,229.19,127
2020-02-08 16:15:36,9336,0.2183,0.27023,2.563,0.71057,88.571,29.361,229.9,126.32
2020-02-08 16:15:37,9337,0.21584,0.26969,2.5101,0.054711,88.525,29.362,227.61,126.68
2020-02-08 16:15:38,9338,0.21963,0.27117,3.1236,-0.27322,88.534,29.356,252.04,126.32
2020-02-08 16:15:39,9339,0.21839,0.2703,2.8451,0.38264,88.715,29.368,207.02,126
2020-02-08 16:15:40,9340,0.2196,0.27236,2.0062,0.054711,88.423,29.366,217.51,124.65
2020-02-08 16:15:41,9341,0.21887,0.27358,2.7163,0.054711,88.357,29.366,229.81,126.04
2020-02-08 16:15:42,9342,0.21646,0.27159,3.1565,0.054711,88.364,29.362,241.5,126.32
2020-02-08 16:15:43,9343,0.21874,0.27071,2.6911,0.054711,88.487,29.355,233.4,126
2020-02-08 16:15:44,9344,0.216,0.27006,2.8928,0.054711,88.795,29.355,240.89,126
2020-02-08 16:15:45,9345,0.21907,0.27136,2.6614,0.38264,88.543,29.36,245.36,126
2020-02-08 16:15:46,9346,0.21842,0.2698,2.847,0.38264,88.49,29.357,239.31,126
2020-02-08 16:15:47,9347,0.21903,0.27089,2.8003,0.38264,88.598,29.363,227.32,125.32
2020-02-08 16:15:48,9348,0.21803,0.27275,2.6434,0.38264,88.549,29.355,208.8,125.68
2020-02-08 16:15:49,9349,0.21727,0.27138,2.5877,0.054711,88.905,29.355,226.98,125.32
2020-02-08 16:15:50,9350,0.21823,0.27033,2.7653,0.054711,88.543,29.358,221.13,125.68
2020-02-08 16:15:51,9351,0.21566,0.27079,2.0057,-0.27322,88.427,29.355,219.47,125.32
2020-02-08 16:15:52,9352,0.2187,0.27099,2.8243,0.054711,88.791,29.365,234.67,125
2020-02-08 16:15:53,9353,0.21912,0.26967,2.7122,0.054711,88.941,29.362,231.79,125.68
2020-02-08 16:15:55,9354,0.21988,0.27215,2.7086,0.054711,88.487,29.361,226.88,126.68
2020-02-08 16:15:56,9355,0.21838,0.27205,2.2468,0.054711,88.384,29.366,226.66,126.32
2020-02-08 16:15:57,9356,0.21674,0.27195,2.3506,0.054711,89.017,29.366,220.9,125.32
2020-02-08 16:15:58,9357,0.21821,0.26991,2.2559,0.054711,88.449,29.355,218.99,125.68
2020-02-08 16:15:59,9358,0.21726,0.27017,2.5607,-0.60114,88.877,29.357,236.38,126.68
2020-02-08 16:16:00,9359,0.21996,0.26947,1.999,0.054711,88.926,29.363,226.25,125.65
2020-02-08 16:16:01,9360,0.21927,0.27238,2.6516,-0.27322,88.554,29.359,224.25,126.68
2020-02-08 16:16:02,9361,0.21874,0.27138,1.8322,0.38264,88.905,29.359,226.55,126.32
2020-02-08 16:16:03,9362,0.2153,0.27081,1.8706,0.054711,88.727,29.365,228.8,126
2020-02-08 16:16:04,9363,0.21893,0.27027,1.8732,-0.27322,88.831,29.357,230.97,126.68
2020-02-08 16:16:05,9364,0.21804,0.26857,2.8553,-0.27322,88.909,29.361,224.11,126.32
2020-02-08 16:16:06,9365,0.21995,0.27165,1.949,0.054711,88.879,29.361,237.78,125.32
2020-02-08 16:16:07,9366,0.21807,0.27208,2.4788,0.054711,88.938,29.371,218.2,126.36
2020-02-08 16:16:08,9367,0.21771,0.27258,3.0126,0.054711,89.182,29.37,251.69,126.32
2020-02-08 16:16:09,9368,0.21916,0.26971,1.4308,0.38264,88.909,29.357,209.6,126
2020-02-08 16:16:10,9369,0.21551,0.27039,2.5365,0.054711,88.905,29.366,232.47,126
2020-02-08 16:16:11,9370,0.21861,0.27075,2.6206,0.054711,88.917,29.373,236.91,126.68
2020-02-08 16:16:12,9371,0.21853,0.26901,2.6162,0.054711,89.09,29.374,227.49,125.65
2020-02-08 16:16:13,9372,0.21972,0.2719,1.2185,0.38264,88.971,29.37,210.65,125
2020-02-08 16:16:14,9373,0.21865,0.27182,2.7584,0.054711,89.002,29.373,228.74,127.04
2020-02-08 16:16:16,9374,0.21655,0.27138,2.8264,0.38264,88.903,29.382,236.78,126.65
2020-02-08 16:16:17,9375,0.21938,0.27053,3.1162,0.38264,89.062,29.382,252.03,126
2020-02-08 16:16:18,9376,0.21603,0.26913,2.97,0.054711,88.965,29.373,247.7,127.36
2020-02-08 16:16:19,9377,0.21892,0.27073,1.9247,-0.27322,88.961,29.374,218.96,126.65
2020-02-08 16:16:20,9378,0.21932,0.27146,2.1351,0.054711,89.087,29.372,223.99,126.68
2020-02-08 16:16:21,9379,0.21966,0.27268,3.0423,-0.60114,88.999,29.367,240.25,126.32
2020-02-08 16:16:22,9380,0.21524,0.27067,2.2373,0.054711,88.898,29.379,234.27,126
2020-02-08 16:16:23,9381,0.21841,0.27088,2.3475,0.38264,89.063,29.381,213.56,126
2020-02-08 16:16:24,9382,0.21826,0.26821,2.2487,0.38264,89.138,29.37,228.8,126
2020-02-08 16:16:25,9383,0.22171,0.27199,2.3652,0.38264,88.972,29.37,235.93,126.68
2020-02-08 16:16:26,9384,0.2221,0.27203,2.6477,0.71057,89.027,29.374,251.49,126.32
2020-02-08 16:16:27,9385,0.22173,0.27314,2.4234,0.054711,88.927,29.366,222.62,126.68
2020-02-08 16:16:28,9386,0.22178,0.27019,2.3765,0.054711,89.079,29.367,229.6,126.32
2020-02-08 16:16:29,9387,0.21503,0.27038,2.5771,0.054711,88.873,29.372,234.35,126
2020-02-08 16:16:30,9388,0.2198,0.27119,2.5585,0.054711,89.001,29.359,226.06,126.68
2020-02-08 16:16:31,9389,0.22131,0.26942,2.5152,0.38264,89.096,29.365,223.98,127.68
2020-02-08 16:16:32,9390,0.22212,0.27202,2.7259,0.38264,89.103,29.365,202.79,126.65
2020-02-08 16:16:33,9391,0.22123,0.27125,2.3219,0.38264,89.23,29.379,215.46,126
2020-02-08 16:16:34,9392,0.21645,0.26918,2.3492,0.054711,88.8,29.363,229.16,126
2020-02-08 16:16:35,9393,0.21892,0.26741,1.2829,0.71057,89.081,29.367,219.52,126.68
2020-02-08 16:16:36,9394,0.2249,0.27042,2.5661,0.054711,89.148,29.366,221.03,126.32
2020-02-08 16:16:37,9395,0.22549,0.27159,2.7793,0.054711,89.246,29.371,209.2,126.68
2020-02-08 16:16:39,9396,0.2266,0.26941,1.1324,0.054711,89.13,29.362,207.36,125.65
2020-02-08 16:16:40,9397,0.2272,0.2731,2.3028,0.38264,89.381,29.378,249.66,126.36
2020-02-08 16:16:41,9398,0.22637,0.2715,3.0775,0.38264,89.154,29.378,250.06,127
2020-02-08 16:16:42,9399,0.22517,0.27297,3.1226,0.054711,89.002,29.372,246.38,127
2020-02-08 16:16:43,9400,0.22574,0.26792,2.916,0.054711,88.859,29.379,219.54,126
2020-02-08 16:16:44,9401,0.20587,0.25837,1.715,0.71057,89.175,29.369,221.86,126
2020-02-08 16:16:45,9402,0.21922,0.26724,2.3583,-0.27322,89.131,29.367,226.05,126.68
2020-02-08 16:16:46,9403,0.21948,0.27128,2.4911,0.054711,88.545,29.376,226.34,127
2020-02-08 16:16:47,9404,0.21944,0.27005,2.4311,0.38264,89.116,29.369,205.47,125.65
